ISO-10303-21;
HEADER;
/* Generated by software containing ST-Developer
 * from STEP Tools, Inc. (www.steptools.com) 
 */

FILE_DESCRIPTION(
/* description */ (''),
/* implementation_level */ '2;1');

FILE_NAME(
/* name */ 'Arduino Light Controller Box.step',
/* time_stamp */ '2026-02-01T16:41:19-05:00',
/* author */ (''),
/* organization */ (''),
/* preprocessor_version */ 'ST-DEVELOPER v20.1',
/* originating_system */ 'Autodesk Translation Framework v14.24.0.0',
/* authorisation */ '');

FILE_SCHEMA (('AUTOMOTIVE_DESIGN { 1 0 10303 214 3 1 1 }'));
ENDSEC;

DATA;
#10=MECHANICAL_DESIGN_GEOMETRIC_PRESENTATION_REPRESENTATION('',(#13,#14),
#6707);
#11=SHAPE_REPRESENTATION_RELATIONSHIP('SRR','None',#6713,#12);
#12=ADVANCED_BREP_SHAPE_REPRESENTATION('',(#15,#16),#6706);
#13=STYLED_ITEM('',(#6722),#15);
#14=STYLED_ITEM('',(#6722),#16);
#15=MANIFOLD_SOLID_BREP('Body3',#4094);
#16=MANIFOLD_SOLID_BREP('Body6',#4095);
#17=FACE_BOUND('',#495,.T.);
#18=FACE_BOUND('',#498,.T.);
#19=FACE_BOUND('',#508,.T.);
#20=FACE_BOUND('',#509,.T.);
#21=FACE_BOUND('',#524,.T.);
#22=FACE_BOUND('',#558,.T.);
#23=FACE_BOUND('',#559,.T.);
#24=FACE_BOUND('',#562,.T.);
#25=FACE_BOUND('',#569,.T.);
#26=FACE_BOUND('',#570,.T.);
#27=FACE_BOUND('',#571,.T.);
#28=FACE_BOUND('',#572,.T.);
#29=CONICAL_SURFACE('',#4110,1.34061830760453,0.436627152471728);
#30=CONICAL_SURFACE('',#4115,1.34061831399953,0.43662715981354);
#31=CONICAL_SURFACE('',#4120,1.34061831399953,0.43662715981354);
#32=CONICAL_SURFACE('',#4124,2.5,0.785398163397438);
#33=CONICAL_SURFACE('',#4131,2.5,0.785398163397451);
#34=CONICAL_SURFACE('',#4137,1.34061831399952,0.43662715981354);
#35=CONICAL_SURFACE('',#4156,1.34061831399952,0.436627159813541);
#36=CONICAL_SURFACE('',#4169,1.34061831399953,0.436627159813541);
#37=CONICAL_SURFACE('',#4196,1.34061831399953,0.436627159813541);
#38=CONICAL_SURFACE('',#4210,1.34061830760453,0.436627152471729);
#39=CONICAL_SURFACE('',#4213,2.5,0.785398163397451);
#40=CONICAL_SURFACE('',#4218,2.5,0.785398163397438);
#41=CONICAL_SURFACE('',#4232,1.1,0.785398163397433);
#42=CONICAL_SURFACE('',#4235,1.1,0.785398163397434);
#43=CONICAL_SURFACE('',#4238,1.1,0.78539816339751);
#44=CONICAL_SURFACE('',#4251,1.1,0.785398163397509);
#45=CONICAL_SURFACE('',#4290,2.10000002235174,0.785398163397459);
#46=CONICAL_SURFACE('',#4293,2.10000002235174,0.785398163397457);
#47=CONICAL_SURFACE('',#4343,1.24999999329453,0.436627152471729);
#48=CONICAL_SURFACE('',#4346,1.24999999329453,0.436627152471728);
#49=CONICAL_SURFACE('',#4351,2.5,0.785398163397447);
#50=CONICAL_SURFACE('',#4355,2.49999999999999,0.785398163397448);
#51=CONICAL_SURFACE('',#4359,2.5,0.785398163397449);
#52=CONICAL_SURFACE('',#4363,2.5,0.785398163397447);
#53=CONICAL_SURFACE('',#4381,1.24999999329453,0.436627152471729);
#54=CONICAL_SURFACE('',#4384,1.24999999329453,0.436627152471728);
#55=CONICAL_SURFACE('',#4394,1.24999999329453,0.436627152471729);
#56=CONICAL_SURFACE('',#4397,1.24999999329453,0.436627152471728);
#57=CONICAL_SURFACE('',#4407,1.24999999329453,0.436627152471729);
#58=CONICAL_SURFACE('',#4410,1.24999999329453,0.436627152471728);
#59=CIRCLE('',#4102,2.75);
#60=CIRCLE('',#4103,2.75);
#61=CIRCLE('',#4104,2.75);
#62=CIRCLE('',#4105,2.75);
#63=CIRCLE('',#4107,1.);
#64=CIRCLE('',#4108,1.);
#65=CIRCLE('',#4111,1.07069520512332);
#66=CIRCLE('',#4112,1.71035295525923);
#67=CIRCLE('',#4116,1.0706952061693);
#68=CIRCLE('',#4117,1.71035296904831);
#69=CIRCLE('',#4121,1.0706952061693);
#70=CIRCLE('',#4122,1.71035296904831);
#71=CIRCLE('',#4125,3.);
#72=CIRCLE('',#4126,2.);
#73=CIRCLE('',#4132,3.);
#74=CIRCLE('',#4133,2.);
#75=CIRCLE('',#4138,1.0706952061693);
#76=CIRCLE('',#4139,1.71035296904831);
#77=CIRCLE('',#4157,1.);
#78=CIRCLE('',#4163,0.5);
#79=CIRCLE('',#4164,0.5);
#80=CIRCLE('',#4167,0.5);
#81=CIRCLE('',#4168,0.5);
#82=CIRCLE('',#4170,1.);
#83=CIRCLE('',#4174,1.83233126547569);
#84=CIRCLE('',#4175,1.83233126547569);
#85=CIRCLE('',#4197,1.);
#86=CIRCLE('',#4199,4.00000005960464);
#87=CIRCLE('',#4200,4.00000005960464);
#88=CIRCLE('',#4203,4.00000005960464);
#89=CIRCLE('',#4204,4.00000005960464);
#90=CIRCLE('',#4211,1.);
#91=CIRCLE('',#4214,3.);
#92=CIRCLE('',#4215,2.);
#93=CIRCLE('',#4217,2.);
#94=CIRCLE('',#4219,3.);
#95=CIRCLE('',#4222,1.50000002235174);
#96=CIRCLE('',#4223,1.50000002235174);
#97=CIRCLE('',#4226,1.50000002235174);
#98=CIRCLE('',#4227,1.50000002235174);
#99=CIRCLE('',#4233,1.2);
#100=CIRCLE('',#4236,1.2);
#101=CIRCLE('',#4239,1.2);
#102=CIRCLE('',#4243,3.);
#103=CIRCLE('',#4246,3.);
#104=CIRCLE('',#4252,1.2);
#105=CIRCLE('',#4259,1.);
#106=CIRCLE('',#4262,1.);
#107=CIRCLE('',#4277,1.);
#108=CIRCLE('',#4280,1.);
#109=CIRCLE('',#4285,3.);
#110=CIRCLE('',#4288,3.);
#111=CIRCLE('',#4291,2.70000002235174);
#112=CIRCLE('',#4294,2.70000002235174);
#113=CIRCLE('',#4296,0.35);
#114=CIRCLE('',#4297,0.35);
#115=CIRCLE('',#4323,0.35);
#116=CIRCLE('',#4325,0.35);
#117=CIRCLE('',#4329,2.99999999999999);
#118=CIRCLE('',#4330,3.);
#119=CIRCLE('',#4331,3.);
#120=CIRCLE('',#4332,3.);
#121=CIRCLE('',#4333,0.900000000000049);
#122=CIRCLE('',#4334,0.900000000000049);
#123=CIRCLE('',#4335,0.900000000000049);
#124=CIRCLE('',#4336,0.900000000000049);
#125=CIRCLE('',#4344,0.900000000000049);
#126=CIRCLE('',#4345,1.59999998658901);
#127=CIRCLE('',#4352,2.);
#128=CIRCLE('',#4353,3.);
#129=CIRCLE('',#4356,1.99999999999999);
#130=CIRCLE('',#4357,2.99999999999999);
#131=CIRCLE('',#4360,2.);
#132=CIRCLE('',#4361,3.);
#133=CIRCLE('',#4364,2.);
#134=CIRCLE('',#4365,3.);
#135=CIRCLE('',#4382,1.59999998658901);
#136=CIRCLE('',#4383,0.900000000000049);
#137=CIRCLE('',#4395,1.59999998658901);
#138=CIRCLE('',#4396,0.900000000000049);
#139=CIRCLE('',#4408,0.900000000000049);
#140=CIRCLE('',#4409,1.59999998658901);
#141=ELLIPSE('',#4100,3.88908729652601,2.75);
#142=ELLIPSE('',#4101,3.88908729652601,2.75);
#143=ELLIPSE('',#4128,0.707106781186548,0.5);
#144=ELLIPSE('',#4129,0.707106781186548,0.5);
#145=ELLIPSE('',#4177,0.707106781186548,0.5);
#146=ELLIPSE('',#4178,0.707106781186548,0.5);
#147=ELLIPSE('',#4179,0.707106781186548,0.5);
#148=ELLIPSE('',#4182,0.707106781186548,0.5);
#149=ELLIPSE('',#4184,0.707106781186544,0.5);
#150=ELLIPSE('',#4185,0.707106781186544,0.5);
#151=ELLIPSE('',#4187,0.707106781186551,0.5);
#152=ELLIPSE('',#4188,0.707106781186548,0.5);
#153=ELLIPSE('',#4267,0.707106781186548,0.5);
#154=ELLIPSE('',#4269,0.707106781186548,0.5);
#155=ELLIPSE('',#4271,0.707106781186548,0.5);
#156=ELLIPSE('',#4273,0.707106781186552,0.5);
#157=CYLINDRICAL_SURFACE('',#4099,2.75);
#158=CYLINDRICAL_SURFACE('',#4106,1.);
#159=CYLINDRICAL_SURFACE('',#4162,0.5);
#160=CYLINDRICAL_SURFACE('',#4166,0.5);
#161=CYLINDRICAL_SURFACE('',#4173,1.83233126547569);
#162=CYLINDRICAL_SURFACE('',#4176,0.5);
#163=CYLINDRICAL_SURFACE('',#4186,0.5);
#164=CYLINDRICAL_SURFACE('',#4198,4.00000005960464);
#165=CYLINDRICAL_SURFACE('',#4202,4.00000005960464);
#166=CYLINDRICAL_SURFACE('',#4221,1.50000002235174);
#167=CYLINDRICAL_SURFACE('',#4225,1.50000002235174);
#168=CYLINDRICAL_SURFACE('',#4242,3.);
#169=CYLINDRICAL_SURFACE('',#4245,3.);
#170=CYLINDRICAL_SURFACE('',#4258,1.);
#171=CYLINDRICAL_SURFACE('',#4261,1.);
#172=CYLINDRICAL_SURFACE('',#4268,0.5);
#173=CYLINDRICAL_SURFACE('',#4272,0.5);
#174=CYLINDRICAL_SURFACE('',#4276,1.);
#175=CYLINDRICAL_SURFACE('',#4279,1.);
#176=CYLINDRICAL_SURFACE('',#4284,3.);
#177=CYLINDRICAL_SURFACE('',#4287,3.);
#178=CYLINDRICAL_SURFACE('',#4295,0.35);
#179=CYLINDRICAL_SURFACE('',#4324,0.35);
#180=CYLINDRICAL_SURFACE('',#4366,2.99999999999999);
#181=CYLINDRICAL_SURFACE('',#4368,3.);
#182=CYLINDRICAL_SURFACE('',#4371,3.);
#183=CYLINDRICAL_SURFACE('',#4373,3.);
#184=FACE_OUTER_BOUND('',#403,.T.);
#185=FACE_OUTER_BOUND('',#404,.T.);
#186=FACE_OUTER_BOUND('',#405,.T.);
#187=FACE_OUTER_BOUND('',#406,.T.);
#188=FACE_OUTER_BOUND('',#407,.T.);
#189=FACE_OUTER_BOUND('',#408,.T.);
#190=FACE_OUTER_BOUND('',#409,.T.);
#191=FACE_OUTER_BOUND('',#410,.T.);
#192=FACE_OUTER_BOUND('',#411,.T.);
#193=FACE_OUTER_BOUND('',#412,.T.);
#194=FACE_OUTER_BOUND('',#413,.T.);
#195=FACE_OUTER_BOUND('',#414,.T.);
#196=FACE_OUTER_BOUND('',#415,.T.);
#197=FACE_OUTER_BOUND('',#416,.T.);
#198=FACE_OUTER_BOUND('',#417,.T.);
#199=FACE_OUTER_BOUND('',#418,.T.);
#200=FACE_OUTER_BOUND('',#419,.T.);
#201=FACE_OUTER_BOUND('',#420,.T.);
#202=FACE_OUTER_BOUND('',#421,.T.);
#203=FACE_OUTER_BOUND('',#422,.T.);
#204=FACE_OUTER_BOUND('',#423,.T.);
#205=FACE_OUTER_BOUND('',#424,.T.);
#206=FACE_OUTER_BOUND('',#425,.T.);
#207=FACE_OUTER_BOUND('',#426,.T.);
#208=FACE_OUTER_BOUND('',#427,.T.);
#209=FACE_OUTER_BOUND('',#428,.T.);
#210=FACE_OUTER_BOUND('',#429,.T.);
#211=FACE_OUTER_BOUND('',#430,.T.);
#212=FACE_OUTER_BOUND('',#431,.T.);
#213=FACE_OUTER_BOUND('',#432,.T.);
#214=FACE_OUTER_BOUND('',#433,.T.);
#215=FACE_OUTER_BOUND('',#434,.T.);
#216=FACE_OUTER_BOUND('',#435,.T.);
#217=FACE_OUTER_BOUND('',#436,.T.);
#218=FACE_OUTER_BOUND('',#437,.T.);
#219=FACE_OUTER_BOUND('',#438,.T.);
#220=FACE_OUTER_BOUND('',#439,.T.);
#221=FACE_OUTER_BOUND('',#440,.T.);
#222=FACE_OUTER_BOUND('',#441,.T.);
#223=FACE_OUTER_BOUND('',#442,.T.);
#224=FACE_OUTER_BOUND('',#443,.T.);
#225=FACE_OUTER_BOUND('',#444,.T.);
#226=FACE_OUTER_BOUND('',#445,.T.);
#227=FACE_OUTER_BOUND('',#446,.T.);
#228=FACE_OUTER_BOUND('',#447,.T.);
#229=FACE_OUTER_BOUND('',#448,.T.);
#230=FACE_OUTER_BOUND('',#449,.T.);
#231=FACE_OUTER_BOUND('',#450,.T.);
#232=FACE_OUTER_BOUND('',#451,.T.);
#233=FACE_OUTER_BOUND('',#452,.T.);
#234=FACE_OUTER_BOUND('',#453,.T.);
#235=FACE_OUTER_BOUND('',#454,.T.);
#236=FACE_OUTER_BOUND('',#455,.T.);
#237=FACE_OUTER_BOUND('',#456,.T.);
#238=FACE_OUTER_BOUND('',#457,.T.);
#239=FACE_OUTER_BOUND('',#458,.T.);
#240=FACE_OUTER_BOUND('',#459,.T.);
#241=FACE_OUTER_BOUND('',#460,.T.);
#242=FACE_OUTER_BOUND('',#461,.T.);
#243=FACE_OUTER_BOUND('',#462,.T.);
#244=FACE_OUTER_BOUND('',#463,.T.);
#245=FACE_OUTER_BOUND('',#464,.T.);
#246=FACE_OUTER_BOUND('',#465,.T.);
#247=FACE_OUTER_BOUND('',#466,.T.);
#248=FACE_OUTER_BOUND('',#467,.T.);
#249=FACE_OUTER_BOUND('',#468,.T.);
#250=FACE_OUTER_BOUND('',#469,.T.);
#251=FACE_OUTER_BOUND('',#470,.T.);
#252=FACE_OUTER_BOUND('',#471,.T.);
#253=FACE_OUTER_BOUND('',#472,.T.);
#254=FACE_OUTER_BOUND('',#473,.T.);
#255=FACE_OUTER_BOUND('',#474,.T.);
#256=FACE_OUTER_BOUND('',#475,.T.);
#257=FACE_OUTER_BOUND('',#476,.T.);
#258=FACE_OUTER_BOUND('',#477,.T.);
#259=FACE_OUTER_BOUND('',#478,.T.);
#260=FACE_OUTER_BOUND('',#479,.T.);
#261=FACE_OUTER_BOUND('',#480,.T.);
#262=FACE_OUTER_BOUND('',#481,.T.);
#263=FACE_OUTER_BOUND('',#482,.T.);
#264=FACE_OUTER_BOUND('',#483,.T.);
#265=FACE_OUTER_BOUND('',#484,.T.);
#266=FACE_OUTER_BOUND('',#485,.T.);
#267=FACE_OUTER_BOUND('',#486,.T.);
#268=FACE_OUTER_BOUND('',#487,.T.);
#269=FACE_OUTER_BOUND('',#488,.T.);
#270=FACE_OUTER_BOUND('',#489,.T.);
#271=FACE_OUTER_BOUND('',#490,.T.);
#272=FACE_OUTER_BOUND('',#491,.T.);
#273=FACE_OUTER_BOUND('',#492,.T.);
#274=FACE_OUTER_BOUND('',#493,.T.);
#275=FACE_OUTER_BOUND('',#494,.T.);
#276=FACE_OUTER_BOUND('',#496,.T.);
#277=FACE_OUTER_BOUND('',#497,.T.);
#278=FACE_OUTER_BOUND('',#499,.T.);
#279=FACE_OUTER_BOUND('',#500,.T.);
#280=FACE_OUTER_BOUND('',#501,.T.);
#281=FACE_OUTER_BOUND('',#502,.T.);
#282=FACE_OUTER_BOUND('',#503,.T.);
#283=FACE_OUTER_BOUND('',#504,.T.);
#284=FACE_OUTER_BOUND('',#505,.T.);
#285=FACE_OUTER_BOUND('',#506,.T.);
#286=FACE_OUTER_BOUND('',#507,.T.);
#287=FACE_OUTER_BOUND('',#510,.T.);
#288=FACE_OUTER_BOUND('',#511,.T.);
#289=FACE_OUTER_BOUND('',#512,.T.);
#290=FACE_OUTER_BOUND('',#513,.T.);
#291=FACE_OUTER_BOUND('',#514,.T.);
#292=FACE_OUTER_BOUND('',#515,.T.);
#293=FACE_OUTER_BOUND('',#516,.T.);
#294=FACE_OUTER_BOUND('',#517,.T.);
#295=FACE_OUTER_BOUND('',#518,.T.);
#296=FACE_OUTER_BOUND('',#519,.T.);
#297=FACE_OUTER_BOUND('',#520,.T.);
#298=FACE_OUTER_BOUND('',#521,.T.);
#299=FACE_OUTER_BOUND('',#522,.T.);
#300=FACE_OUTER_BOUND('',#523,.T.);
#301=FACE_OUTER_BOUND('',#525,.T.);
#302=FACE_OUTER_BOUND('',#526,.T.);
#303=FACE_OUTER_BOUND('',#527,.T.);
#304=FACE_OUTER_BOUND('',#528,.T.);
#305=FACE_OUTER_BOUND('',#529,.T.);
#306=FACE_OUTER_BOUND('',#530,.T.);
#307=FACE_OUTER_BOUND('',#531,.T.);
#308=FACE_OUTER_BOUND('',#532,.T.);
#309=FACE_OUTER_BOUND('',#533,.T.);
#310=FACE_OUTER_BOUND('',#534,.T.);
#311=FACE_OUTER_BOUND('',#535,.T.);
#312=FACE_OUTER_BOUND('',#536,.T.);
#313=FACE_OUTER_BOUND('',#537,.T.);
#314=FACE_OUTER_BOUND('',#538,.T.);
#315=FACE_OUTER_BOUND('',#539,.T.);
#316=FACE_OUTER_BOUND('',#540,.T.);
#317=FACE_OUTER_BOUND('',#541,.T.);
#318=FACE_OUTER_BOUND('',#542,.T.);
#319=FACE_OUTER_BOUND('',#543,.T.);
#320=FACE_OUTER_BOUND('',#544,.T.);
#321=FACE_OUTER_BOUND('',#545,.T.);
#322=FACE_OUTER_BOUND('',#546,.T.);
#323=FACE_OUTER_BOUND('',#547,.T.);
#324=FACE_OUTER_BOUND('',#548,.T.);
#325=FACE_OUTER_BOUND('',#549,.T.);
#326=FACE_OUTER_BOUND('',#550,.T.);
#327=FACE_OUTER_BOUND('',#551,.T.);
#328=FACE_OUTER_BOUND('',#552,.T.);
#329=FACE_OUTER_BOUND('',#553,.T.);
#330=FACE_OUTER_BOUND('',#554,.T.);
#331=FACE_OUTER_BOUND('',#555,.T.);
#332=FACE_OUTER_BOUND('',#556,.T.);
#333=FACE_OUTER_BOUND('',#557,.T.);
#334=FACE_OUTER_BOUND('',#560,.T.);
#335=FACE_OUTER_BOUND('',#561,.T.);
#336=FACE_OUTER_BOUND('',#563,.T.);
#337=FACE_OUTER_BOUND('',#564,.T.);
#338=FACE_OUTER_BOUND('',#565,.T.);
#339=FACE_OUTER_BOUND('',#566,.T.);
#340=FACE_OUTER_BOUND('',#567,.T.);
#341=FACE_OUTER_BOUND('',#568,.T.);
#342=FACE_OUTER_BOUND('',#573,.T.);
#343=FACE_OUTER_BOUND('',#574,.T.);
#344=FACE_OUTER_BOUND('',#575,.T.);
#345=FACE_OUTER_BOUND('',#576,.T.);
#346=FACE_OUTER_BOUND('',#577,.T.);
#347=FACE_OUTER_BOUND('',#578,.T.);
#348=FACE_OUTER_BOUND('',#579,.T.);
#349=FACE_OUTER_BOUND('',#580,.T.);
#350=FACE_OUTER_BOUND('',#581,.T.);
#351=FACE_OUTER_BOUND('',#582,.T.);
#352=FACE_OUTER_BOUND('',#583,.T.);
#353=FACE_OUTER_BOUND('',#584,.T.);
#354=FACE_OUTER_BOUND('',#585,.T.);
#355=FACE_OUTER_BOUND('',#586,.T.);
#356=FACE_OUTER_BOUND('',#587,.T.);
#357=FACE_OUTER_BOUND('',#588,.T.);
#358=FACE_OUTER_BOUND('',#589,.T.);
#359=FACE_OUTER_BOUND('',#590,.T.);
#360=FACE_OUTER_BOUND('',#591,.T.);
#361=FACE_OUTER_BOUND('',#592,.T.);
#362=FACE_OUTER_BOUND('',#593,.T.);
#363=FACE_OUTER_BOUND('',#594,.T.);
#364=FACE_OUTER_BOUND('',#595,.T.);
#365=FACE_OUTER_BOUND('',#596,.T.);
#366=FACE_OUTER_BOUND('',#597,.T.);
#367=FACE_OUTER_BOUND('',#598,.T.);
#368=FACE_OUTER_BOUND('',#599,.T.);
#369=FACE_OUTER_BOUND('',#600,.T.);
#370=FACE_OUTER_BOUND('',#601,.T.);
#371=FACE_OUTER_BOUND('',#602,.T.);
#372=FACE_OUTER_BOUND('',#603,.T.);
#373=FACE_OUTER_BOUND('',#604,.T.);
#374=FACE_OUTER_BOUND('',#605,.T.);
#375=FACE_OUTER_BOUND('',#606,.T.);
#376=FACE_OUTER_BOUND('',#607,.T.);
#377=FACE_OUTER_BOUND('',#608,.T.);
#378=FACE_OUTER_BOUND('',#609,.T.);
#379=FACE_OUTER_BOUND('',#610,.T.);
#380=FACE_OUTER_BOUND('',#611,.T.);
#381=FACE_OUTER_BOUND('',#612,.T.);
#382=FACE_OUTER_BOUND('',#613,.T.);
#383=FACE_OUTER_BOUND('',#614,.T.);
#384=FACE_OUTER_BOUND('',#615,.T.);
#385=FACE_OUTER_BOUND('',#616,.T.);
#386=FACE_OUTER_BOUND('',#617,.T.);
#387=FACE_OUTER_BOUND('',#618,.T.);
#388=FACE_OUTER_BOUND('',#619,.T.);
#389=FACE_OUTER_BOUND('',#620,.T.);
#390=FACE_OUTER_BOUND('',#621,.T.);
#391=FACE_OUTER_BOUND('',#622,.T.);
#392=FACE_OUTER_BOUND('',#623,.T.);
#393=FACE_OUTER_BOUND('',#624,.T.);
#394=FACE_OUTER_BOUND('',#625,.T.);
#395=FACE_OUTER_BOUND('',#626,.T.);
#396=FACE_OUTER_BOUND('',#627,.T.);
#397=FACE_OUTER_BOUND('',#628,.T.);
#398=FACE_OUTER_BOUND('',#629,.T.);
#399=FACE_OUTER_BOUND('',#630,.T.);
#400=FACE_OUTER_BOUND('',#631,.T.);
#401=FACE_OUTER_BOUND('',#632,.T.);
#402=FACE_OUTER_BOUND('',#633,.T.);
#403=EDGE_LOOP('',(#2551,#2552,#2553,#2554));
#404=EDGE_LOOP('',(#2555,#2556,#2557,#2558));
#405=EDGE_LOOP('',(#2559,#2560,#2561,#2562,#2563,#2564,#2565,#2566,#2567,
#2568));
#406=EDGE_LOOP('',(#2569,#2570,#2571,#2572));
#407=EDGE_LOOP('',(#2573,#2574,#2575,#2576));
#408=EDGE_LOOP('',(#2577,#2578,#2579,#2580));
#409=EDGE_LOOP('',(#2581,#2582,#2583,#2584));
#410=EDGE_LOOP('',(#2585,#2586,#2587,#2588));
#411=EDGE_LOOP('',(#2589,#2590,#2591,#2592));
#412=EDGE_LOOP('',(#2593,#2594,#2595,#2596));
#413=EDGE_LOOP('',(#2597,#2598,#2599,#2600));
#414=EDGE_LOOP('',(#2601,#2602,#2603,#2604));
#415=EDGE_LOOP('',(#2605,#2606,#2607,#2608));
#416=EDGE_LOOP('',(#2609,#2610,#2611,#2612));
#417=EDGE_LOOP('',(#2613,#2614,#2615,#2616,#2617,#2618));
#418=EDGE_LOOP('',(#2619,#2620,#2621,#2622));
#419=EDGE_LOOP('',(#2623,#2624,#2625,#2626));
#420=EDGE_LOOP('',(#2627,#2628,#2629,#2630));
#421=EDGE_LOOP('',(#2631,#2632,#2633,#2634));
#422=EDGE_LOOP('',(#2635,#2636,#2637,#2638));
#423=EDGE_LOOP('',(#2639,#2640,#2641,#2642));
#424=EDGE_LOOP('',(#2643,#2644,#2645,#2646));
#425=EDGE_LOOP('',(#2647,#2648,#2649,#2650));
#426=EDGE_LOOP('',(#2651,#2652,#2653,#2654));
#427=EDGE_LOOP('',(#2655,#2656,#2657,#2658));
#428=EDGE_LOOP('',(#2659,#2660,#2661,#2662,#2663,#2664));
#429=EDGE_LOOP('',(#2665,#2666,#2667));
#430=EDGE_LOOP('',(#2668,#2669,#2670,#2671,#2672));
#431=EDGE_LOOP('',(#2673,#2674,#2675,#2676));
#432=EDGE_LOOP('',(#2677,#2678,#2679,#2680,#2681));
#433=EDGE_LOOP('',(#2682,#2683,#2684,#2685));
#434=EDGE_LOOP('',(#2686,#2687,#2688,#2689,#2690));
#435=EDGE_LOOP('',(#2691,#2692,#2693,#2694));
#436=EDGE_LOOP('',(#2695,#2696,#2697,#2698,#2699));
#437=EDGE_LOOP('',(#2700,#2701,#2702));
#438=EDGE_LOOP('',(#2703,#2704,#2705,#2706,#2707,#2708));
#439=EDGE_LOOP('',(#2709,#2710,#2711,#2712));
#440=EDGE_LOOP('',(#2713,#2714,#2715,#2716));
#441=EDGE_LOOP('',(#2717,#2718,#2719,#2720));
#442=EDGE_LOOP('',(#2721,#2722,#2723,#2724));
#443=EDGE_LOOP('',(#2725,#2726,#2727,#2728));
#444=EDGE_LOOP('',(#2729,#2730,#2731,#2732));
#445=EDGE_LOOP('',(#2733,#2734,#2735,#2736));
#446=EDGE_LOOP('',(#2737,#2738,#2739,#2740));
#447=EDGE_LOOP('',(#2741,#2742,#2743,#2744));
#448=EDGE_LOOP('',(#2745,#2746,#2747,#2748));
#449=EDGE_LOOP('',(#2749,#2750,#2751,#2752));
#450=EDGE_LOOP('',(#2753,#2754,#2755,#2756));
#451=EDGE_LOOP('',(#2757,#2758,#2759,#2760));
#452=EDGE_LOOP('',(#2761,#2762,#2763,#2764,#2765,#2766));
#453=EDGE_LOOP('',(#2767,#2768,#2769,#2770));
#454=EDGE_LOOP('',(#2771,#2772,#2773,#2774,#2775,#2776));
#455=EDGE_LOOP('',(#2777,#2778,#2779,#2780,#2781,#2782));
#456=EDGE_LOOP('',(#2783,#2784,#2785,#2786,#2787,#2788));
#457=EDGE_LOOP('',(#2789,#2790,#2791,#2792));
#458=EDGE_LOOP('',(#2793,#2794,#2795,#2796,#2797,#2798));
#459=EDGE_LOOP('',(#2799,#2800,#2801,#2802));
#460=EDGE_LOOP('',(#2803,#2804,#2805,#2806));
#461=EDGE_LOOP('',(#2807,#2808,#2809,#2810));
#462=EDGE_LOOP('',(#2811,#2812,#2813,#2814));
#463=EDGE_LOOP('',(#2815,#2816,#2817,#2818));
#464=EDGE_LOOP('',(#2819,#2820,#2821,#2822));
#465=EDGE_LOOP('',(#2823,#2824,#2825,#2826));
#466=EDGE_LOOP('',(#2827,#2828,#2829,#2830));
#467=EDGE_LOOP('',(#2831,#2832,#2833,#2834));
#468=EDGE_LOOP('',(#2835,#2836,#2837,#2838));
#469=EDGE_LOOP('',(#2839,#2840,#2841,#2842));
#470=EDGE_LOOP('',(#2843,#2844,#2845,#2846));
#471=EDGE_LOOP('',(#2847,#2848,#2849,#2850));
#472=EDGE_LOOP('',(#2851,#2852,#2853,#2854));
#473=EDGE_LOOP('',(#2855,#2856,#2857,#2858));
#474=EDGE_LOOP('',(#2859,#2860,#2861,#2862));
#475=EDGE_LOOP('',(#2863,#2864,#2865,#2866));
#476=EDGE_LOOP('',(#2867,#2868,#2869,#2870,#2871,#2872,#2873,#2874));
#477=EDGE_LOOP('',(#2875,#2876,#2877,#2878));
#478=EDGE_LOOP('',(#2879,#2880,#2881,#2882));
#479=EDGE_LOOP('',(#2883,#2884,#2885,#2886));
#480=EDGE_LOOP('',(#2887,#2888,#2889,#2890));
#481=EDGE_LOOP('',(#2891,#2892,#2893,#2894));
#482=EDGE_LOOP('',(#2895,#2896,#2897,#2898));
#483=EDGE_LOOP('',(#2899,#2900,#2901,#2902,#2903,#2904));
#484=EDGE_LOOP('',(#2905,#2906,#2907));
#485=EDGE_LOOP('',(#2908,#2909,#2910,#2911));
#486=EDGE_LOOP('',(#2912,#2913,#2914,#2915));
#487=EDGE_LOOP('',(#2916,#2917,#2918,#2919,#2920,#2921,#2922,#2923));
#488=EDGE_LOOP('',(#2924,#2925,#2926,#2927));
#489=EDGE_LOOP('',(#2928,#2929,#2930,#2931,#2932,#2933,#2934,#2935));
#490=EDGE_LOOP('',(#2936,#2937,#2938,#2939));
#491=EDGE_LOOP('',(#2940,#2941,#2942,#2943,#2944,#2945));
#492=EDGE_LOOP('',(#2946,#2947,#2948,#2949,#2950));
#493=EDGE_LOOP('',(#2951,#2952,#2953,#2954));
#494=EDGE_LOOP('',(#2955,#2956,#2957,#2958));
#495=EDGE_LOOP('',(#2959,#2960,#2961,#2962));
#496=EDGE_LOOP('',(#2963,#2964,#2965,#2966));
#497=EDGE_LOOP('',(#2967,#2968,#2969,#2970));
#498=EDGE_LOOP('',(#2971,#2972,#2973,#2974));
#499=EDGE_LOOP('',(#2975,#2976,#2977,#2978,#2979,#2980,#2981,#2982,#2983,
#2984));
#500=EDGE_LOOP('',(#2985,#2986,#2987,#2988,#2989));
#501=EDGE_LOOP('',(#2990,#2991,#2992,#2993,#2994,#2995));
#502=EDGE_LOOP('',(#2996,#2997,#2998,#2999));
#503=EDGE_LOOP('',(#3000,#3001,#3002,#3003,#3004,#3005));
#504=EDGE_LOOP('',(#3006,#3007,#3008,#3009));
#505=EDGE_LOOP('',(#3010,#3011,#3012,#3013));
#506=EDGE_LOOP('',(#3014,#3015,#3016,#3017));
#507=EDGE_LOOP('',(#3018,#3019,#3020,#3021,#3022,#3023,#3024,#3025,#3026,
#3027,#3028));
#508=EDGE_LOOP('',(#3029,#3030,#3031,#3032,#3033,#3034,#3035,#3036,#3037,
#3038,#3039,#3040));
#509=EDGE_LOOP('',(#3041,#3042,#3043,#3044));
#510=EDGE_LOOP('',(#3045,#3046,#3047,#3048));
#511=EDGE_LOOP('',(#3049,#3050,#3051,#3052,#3053,#3054,#3055,#3056,#3057,
#3058,#3059,#3060,#3061,#3062));
#512=EDGE_LOOP('',(#3063,#3064,#3065,#3066));
#513=EDGE_LOOP('',(#3067,#3068,#3069,#3070,#3071,#3072,#3073));
#514=EDGE_LOOP('',(#3074,#3075,#3076,#3077));
#515=EDGE_LOOP('',(#3078,#3079,#3080,#3081,#3082,#3083,#3084));
#516=EDGE_LOOP('',(#3085,#3086,#3087,#3088,#3089,#3090));
#517=EDGE_LOOP('',(#3091,#3092,#3093,#3094,#3095));
#518=EDGE_LOOP('',(#3096,#3097,#3098,#3099,#3100,#3101));
#519=EDGE_LOOP('',(#3102,#3103,#3104,#3105,#3106));
#520=EDGE_LOOP('',(#3107,#3108,#3109,#3110,#3111,#3112));
#521=EDGE_LOOP('',(#3113,#3114,#3115,#3116,#3117,#3118,#3119,#3120,#3121,
#3122,#3123,#3124,#3125,#3126,#3127,#3128));
#522=EDGE_LOOP('',(#3129,#3130,#3131,#3132));
#523=EDGE_LOOP('',(#3133,#3134,#3135,#3136,#3137,#3138,#3139,#3140));
#524=EDGE_LOOP('',(#3141,#3142,#3143,#3144));
#525=EDGE_LOOP('',(#3145,#3146,#3147,#3148));
#526=EDGE_LOOP('',(#3149,#3150,#3151,#3152,#3153,#3154,#3155,#3156,#3157));
#527=EDGE_LOOP('',(#3158,#3159,#3160,#3161));
#528=EDGE_LOOP('',(#3162,#3163,#3164,#3165));
#529=EDGE_LOOP('',(#3166,#3167,#3168,#3169));
#530=EDGE_LOOP('',(#3170,#3171,#3172,#3173));
#531=EDGE_LOOP('',(#3174,#3175,#3176,#3177));
#532=EDGE_LOOP('',(#3178,#3179,#3180,#3181));
#533=EDGE_LOOP('',(#3182,#3183,#3184,#3185));
#534=EDGE_LOOP('',(#3186,#3187,#3188,#3189));
#535=EDGE_LOOP('',(#3190,#3191,#3192,#3193));
#536=EDGE_LOOP('',(#3194,#3195,#3196,#3197));
#537=EDGE_LOOP('',(#3198,#3199,#3200,#3201));
#538=EDGE_LOOP('',(#3202,#3203,#3204,#3205));
#539=EDGE_LOOP('',(#3206,#3207,#3208,#3209));
#540=EDGE_LOOP('',(#3210,#3211,#3212,#3213));
#541=EDGE_LOOP('',(#3214,#3215,#3216,#3217,#3218,#3219,#3220,#3221,#3222,
#3223,#3224,#3225,#3226,#3227,#3228,#3229,#3230,#3231,#3232,#3233,#3234,
#3235,#3236,#3237,#3238,#3239,#3240,#3241));
#542=EDGE_LOOP('',(#3242,#3243,#3244,#3245,#3246));
#543=EDGE_LOOP('',(#3247,#3248,#3249,#3250));
#544=EDGE_LOOP('',(#3251,#3252,#3253,#3254,#3255,#3256,#3257,#3258,#3259,
#3260,#3261,#3262,#3263,#3264,#3265,#3266,#3267,#3268,#3269,#3270,#3271,
#3272,#3273,#3274,#3275,#3276));
#545=EDGE_LOOP('',(#3277,#3278,#3279,#3280));
#546=EDGE_LOOP('',(#3281,#3282,#3283,#3284,#3285,#3286,#3287));
#547=EDGE_LOOP('',(#3288,#3289,#3290,#3291));
#548=EDGE_LOOP('',(#3292,#3293,#3294,#3295));
#549=EDGE_LOOP('',(#3296,#3297,#3298,#3299));
#550=EDGE_LOOP('',(#3300,#3301,#3302,#3303));
#551=EDGE_LOOP('',(#3304,#3305,#3306,#3307));
#552=EDGE_LOOP('',(#3308,#3309,#3310,#3311));
#553=EDGE_LOOP('',(#3312,#3313,#3314,#3315));
#554=EDGE_LOOP('',(#3316,#3317,#3318,#3319));
#555=EDGE_LOOP('',(#3320,#3321,#3322,#3323,#3324,#3325,#3326));
#556=EDGE_LOOP('',(#3327,#3328,#3329,#3330));
#557=EDGE_LOOP('',(#3331,#3332,#3333,#3334));
#558=EDGE_LOOP('',(#3335,#3336,#3337,#3338,#3339,#3340,#3341,#3342,#3343,
#3344,#3345,#3346,#3347,#3348,#3349,#3350));
#559=EDGE_LOOP('',(#3351,#3352,#3353,#3354));
#560=EDGE_LOOP('',(#3355,#3356,#3357,#3358));
#561=EDGE_LOOP('',(#3359,#3360,#3361,#3362,#3363,#3364,#3365,#3366));
#562=EDGE_LOOP('',(#3367,#3368,#3369,#3370,#3371,#3372,#3373,#3374,#3375,
#3376,#3377,#3378,#3379,#3380,#3381,#3382));
#563=EDGE_LOOP('',(#3383,#3384,#3385,#3386));
#564=EDGE_LOOP('',(#3387,#3388,#3389,#3390,#3391,#3392,#3393));
#565=EDGE_LOOP('',(#3394,#3395,#3396,#3397));
#566=EDGE_LOOP('',(#3398,#3399,#3400,#3401,#3402,#3403,#3404));
#567=EDGE_LOOP('',(#3405,#3406,#3407,#3408));
#568=EDGE_LOOP('',(#3409,#3410,#3411,#3412,#3413,#3414,#3415,#3416));
#569=EDGE_LOOP('',(#3417,#3418,#3419,#3420,#3421,#3422,#3423));
#570=EDGE_LOOP('',(#3424,#3425,#3426,#3427,#3428,#3429,#3430));
#571=EDGE_LOOP('',(#3431,#3432,#3433,#3434,#3435,#3436,#3437));
#572=EDGE_LOOP('',(#3438,#3439,#3440,#3441,#3442,#3443,#3444));
#573=EDGE_LOOP('',(#3445,#3446,#3447,#3448,#3449));
#574=EDGE_LOOP('',(#3450,#3451,#3452,#3453));
#575=EDGE_LOOP('',(#3454,#3455,#3456,#3457));
#576=EDGE_LOOP('',(#3458,#3459,#3460,#3461,#3462));
#577=EDGE_LOOP('',(#3463,#3464,#3465,#3466));
#578=EDGE_LOOP('',(#3467,#3468,#3469,#3470));
#579=EDGE_LOOP('',(#3471,#3472,#3473,#3474));
#580=EDGE_LOOP('',(#3475,#3476,#3477,#3478));
#581=EDGE_LOOP('',(#3479,#3480,#3481,#3482));
#582=EDGE_LOOP('',(#3483,#3484,#3485,#3486));
#583=EDGE_LOOP('',(#3487,#3488,#3489,#3490,#3491,#3492,#3493));
#584=EDGE_LOOP('',(#3494,#3495,#3496,#3497));
#585=EDGE_LOOP('',(#3498,#3499,#3500,#3501));
#586=EDGE_LOOP('',(#3502,#3503,#3504,#3505));
#587=EDGE_LOOP('',(#3506,#3507,#3508,#3509));
#588=EDGE_LOOP('',(#3510,#3511,#3512,#3513));
#589=EDGE_LOOP('',(#3514,#3515,#3516,#3517));
#590=EDGE_LOOP('',(#3518,#3519,#3520,#3521));
#591=EDGE_LOOP('',(#3522,#3523,#3524,#3525));
#592=EDGE_LOOP('',(#3526,#3527,#3528,#3529));
#593=EDGE_LOOP('',(#3530,#3531,#3532,#3533));
#594=EDGE_LOOP('',(#3534,#3535,#3536,#3537));
#595=EDGE_LOOP('',(#3538,#3539,#3540,#3541));
#596=EDGE_LOOP('',(#3542,#3543,#3544,#3545,#3546,#3547,#3548,#3549));
#597=EDGE_LOOP('',(#3550,#3551,#3552,#3553));
#598=EDGE_LOOP('',(#3554,#3555,#3556,#3557));
#599=EDGE_LOOP('',(#3558,#3559,#3560,#3561));
#600=EDGE_LOOP('',(#3562,#3563,#3564,#3565));
#601=EDGE_LOOP('',(#3566,#3567,#3568,#3569,#3570));
#602=EDGE_LOOP('',(#3571,#3572,#3573,#3574));
#603=EDGE_LOOP('',(#3575,#3576,#3577,#3578));
#604=EDGE_LOOP('',(#3579,#3580,#3581,#3582,#3583));
#605=EDGE_LOOP('',(#3584,#3585,#3586,#3587));
#606=EDGE_LOOP('',(#3588,#3589,#3590,#3591));
#607=EDGE_LOOP('',(#3592,#3593,#3594,#3595));
#608=EDGE_LOOP('',(#3596,#3597,#3598,#3599));
#609=EDGE_LOOP('',(#3600,#3601,#3602,#3603));
#610=EDGE_LOOP('',(#3604,#3605,#3606,#3607));
#611=EDGE_LOOP('',(#3608,#3609,#3610,#3611,#3612,#3613,#3614));
#612=EDGE_LOOP('',(#3615,#3616,#3617,#3618,#3619));
#613=EDGE_LOOP('',(#3620,#3621,#3622,#3623));
#614=EDGE_LOOP('',(#3624,#3625,#3626,#3627));
#615=EDGE_LOOP('',(#3628,#3629,#3630,#3631,#3632));
#616=EDGE_LOOP('',(#3633,#3634,#3635,#3636));
#617=EDGE_LOOP('',(#3637,#3638,#3639,#3640));
#618=EDGE_LOOP('',(#3641,#3642,#3643,#3644));
#619=EDGE_LOOP('',(#3645,#3646,#3647,#3648));
#620=EDGE_LOOP('',(#3649,#3650,#3651,#3652));
#621=EDGE_LOOP('',(#3653,#3654,#3655,#3656));
#622=EDGE_LOOP('',(#3657,#3658,#3659,#3660,#3661,#3662,#3663));
#623=EDGE_LOOP('',(#3664,#3665,#3666,#3667,#3668));
#624=EDGE_LOOP('',(#3669,#3670,#3671,#3672));
#625=EDGE_LOOP('',(#3673,#3674,#3675,#3676));
#626=EDGE_LOOP('',(#3677,#3678,#3679,#3680,#3681));
#627=EDGE_LOOP('',(#3682,#3683,#3684,#3685));
#628=EDGE_LOOP('',(#3686,#3687,#3688,#3689));
#629=EDGE_LOOP('',(#3690,#3691,#3692,#3693));
#630=EDGE_LOOP('',(#3694,#3695,#3696,#3697));
#631=EDGE_LOOP('',(#3698,#3699,#3700,#3701));
#632=EDGE_LOOP('',(#3702,#3703,#3704,#3705));
#633=EDGE_LOOP('',(#3706,#3707,#3708,#3709,#3710,#3711,#3712));
#634=LINE('',#5537,#1117);
#635=LINE('',#5539,#1118);
#636=LINE('',#5541,#1119);
#637=LINE('',#5542,#1120);
#638=LINE('',#5546,#1121);
#639=LINE('',#5548,#1122);
#640=LINE('',#5550,#1123);
#641=LINE('',#5551,#1124);
#642=LINE('',#5560,#1125);
#643=LINE('',#5564,#1126);
#644=LINE('',#5568,#1127);
#645=LINE('',#5574,#1128);
#646=LINE('',#5579,#1129);
#647=LINE('',#5581,#1130);
#648=LINE('',#5583,#1131);
#649=LINE('',#5584,#1132);
#650=LINE('',#5590,#1133);
#651=LINE('',#5593,#1134);
#652=LINE('',#5597,#1135);
#653=LINE('',#5599,#1136);
#654=LINE('',#5601,#1137);
#655=LINE('',#5602,#1138);
#656=LINE('',#5605,#1139);
#657=LINE('',#5607,#1140);
#658=LINE('',#5608,#1141);
#659=LINE('',#5613,#1142);
#660=LINE('',#5618,#1143);
#661=LINE('',#5620,#1144);
#662=LINE('',#5622,#1145);
#663=LINE('',#5623,#1146);
#664=LINE('',#5626,#1147);
#665=LINE('',#5628,#1148);
#666=LINE('',#5629,#1149);
#667=LINE('',#5634,#1150);
#668=LINE('',#5638,#1151);
#669=LINE('',#5640,#1152);
#670=LINE('',#5641,#1153);
#671=LINE('',#5645,#1154);
#672=LINE('',#5649,#1155);
#673=LINE('',#5655,#1156);
#674=LINE('',#5657,#1157);
#675=LINE('',#5659,#1158);
#676=LINE('',#5664,#1159);
#677=LINE('',#5665,#1160);
#678=LINE('',#5666,#1161);
#679=LINE('',#5671,#1162);
#680=LINE('',#5676,#1163);
#681=LINE('',#5677,#1164);
#682=LINE('',#5678,#1165);
#683=LINE('',#5681,#1166);
#684=LINE('',#5683,#1167);
#685=LINE('',#5684,#1168);
#686=LINE('',#5688,#1169);
#687=LINE('',#5690,#1170);
#688=LINE('',#5692,#1171);
#689=LINE('',#5693,#1172);
#690=LINE('',#5698,#1173);
#691=LINE('',#5702,#1174);
#692=LINE('',#5704,#1175);
#693=LINE('',#5705,#1176);
#694=LINE('',#5709,#1177);
#695=LINE('',#5710,#1178);
#696=LINE('',#5711,#1179);
#697=LINE('',#5715,#1180);
#698=LINE('',#5717,#1181);
#699=LINE('',#5719,#1182);
#700=LINE('',#5720,#1183);
#701=LINE('',#5723,#1184);
#702=LINE('',#5724,#1185);
#703=LINE('',#5727,#1186);
#704=LINE('',#5729,#1187);
#705=LINE('',#5731,#1188);
#706=LINE('',#5732,#1189);
#707=LINE('',#5735,#1190);
#708=LINE('',#5736,#1191);
#709=LINE('',#5739,#1192);
#710=LINE('',#5740,#1193);
#711=LINE('',#5743,#1194);
#712=LINE('',#5744,#1195);
#713=LINE('',#5747,#1196);
#714=LINE('',#5748,#1197);
#715=LINE('',#5751,#1198);
#716=LINE('',#5752,#1199);
#717=LINE('',#5755,#1200);
#718=LINE('',#5756,#1201);
#719=LINE('',#5759,#1202);
#720=LINE('',#5760,#1203);
#721=LINE('',#5763,#1204);
#722=LINE('',#5765,#1205);
#723=LINE('',#5766,#1206);
#724=LINE('',#5769,#1207);
#725=LINE('',#5770,#1208);
#726=LINE('',#5773,#1209);
#727=LINE('',#5774,#1210);
#728=LINE('',#5776,#1211);
#729=LINE('',#5780,#1212);
#730=LINE('',#5783,#1213);
#731=LINE('',#5785,#1214);
#732=LINE('',#5786,#1215);
#733=LINE('',#5789,#1216);
#734=LINE('',#5790,#1217);
#735=LINE('',#5793,#1218);
#736=LINE('',#5794,#1219);
#737=LINE('',#5797,#1220);
#738=LINE('',#5798,#1221);
#739=LINE('',#5804,#1222);
#740=LINE('',#5807,#1223);
#741=LINE('',#5810,#1224);
#742=LINE('',#5812,#1225);
#743=LINE('',#5813,#1226);
#744=LINE('',#5818,#1227);
#745=LINE('',#5823,#1228);
#746=LINE('',#5827,#1229);
#747=LINE('',#5829,#1230);
#748=LINE('',#5831,#1231);
#749=LINE('',#5832,#1232);
#750=LINE('',#5835,#1233);
#751=LINE('',#5837,#1234);
#752=LINE('',#5838,#1235);
#753=LINE('',#5843,#1236);
#754=LINE('',#5851,#1237);
#755=LINE('',#5856,#1238);
#756=LINE('',#5857,#1239);
#757=LINE('',#5858,#1240);
#758=LINE('',#5861,#1241);
#759=LINE('',#5864,#1242);
#760=LINE('',#5867,#1243);
#761=LINE('',#5869,#1244);
#762=LINE('',#5873,#1245);
#763=LINE('',#5877,#1246);
#764=LINE('',#5883,#1247);
#765=LINE('',#5884,#1248);
#766=LINE('',#5888,#1249);
#767=LINE('',#5889,#1250);
#768=LINE('',#5890,#1251);
#769=LINE('',#5894,#1252);
#770=LINE('',#5895,#1253);
#771=LINE('',#5896,#1254);
#772=LINE('',#5899,#1255);
#773=LINE('',#5900,#1256);
#774=LINE('',#5903,#1257);
#775=LINE('',#5904,#1258);
#776=LINE('',#5907,#1259);
#777=LINE('',#5909,#1260);
#778=LINE('',#5910,#1261);
#779=LINE('',#5913,#1262);
#780=LINE('',#5914,#1263);
#781=LINE('',#5918,#1264);
#782=LINE('',#5924,#1265);
#783=LINE('',#5927,#1266);
#784=LINE('',#5930,#1267);
#785=LINE('',#5932,#1268);
#786=LINE('',#5933,#1269);
#787=LINE('',#5939,#1270);
#788=LINE('',#5941,#1271);
#789=LINE('',#5942,#1272);
#790=LINE('',#5946,#1273);
#791=LINE('',#5947,#1274);
#792=LINE('',#5948,#1275);
#793=LINE('',#5951,#1276);
#794=LINE('',#5952,#1277);
#795=LINE('',#5955,#1278);
#796=LINE('',#5956,#1279);
#797=LINE('',#5959,#1280);
#798=LINE('',#5960,#1281);
#799=LINE('',#5964,#1282);
#800=LINE('',#5967,#1283);
#801=LINE('',#5969,#1284);
#802=LINE('',#5970,#1285);
#803=LINE('',#5975,#1286);
#804=LINE('',#5979,#1287);
#805=LINE('',#5983,#1288);
#806=LINE('',#5988,#1289);
#807=LINE('',#5990,#1290);
#808=LINE('',#5992,#1291);
#809=LINE('',#5993,#1292);
#810=LINE('',#5998,#1293);
#811=LINE('',#6002,#1294);
#812=LINE('',#6004,#1295);
#813=LINE('',#6005,#1296);
#814=LINE('',#6011,#1297);
#815=LINE('',#6013,#1298);
#816=LINE('',#6014,#1299);
#817=LINE('',#6018,#1300);
#818=LINE('',#6019,#1301);
#819=LINE('',#6020,#1302);
#820=LINE('',#6023,#1303);
#821=LINE('',#6024,#1304);
#822=LINE('',#6027,#1305);
#823=LINE('',#6028,#1306);
#824=LINE('',#6032,#1307);
#825=LINE('',#6035,#1308);
#826=LINE('',#6036,#1309);
#827=LINE('',#6037,#1310);
#828=LINE('',#6041,#1311);
#829=LINE('',#6044,#1312);
#830=LINE('',#6045,#1313);
#831=LINE('',#6046,#1314);
#832=LINE('',#6050,#1315);
#833=LINE('',#6054,#1316);
#834=LINE('',#6055,#1317);
#835=LINE('',#6056,#1318);
#836=LINE('',#6058,#1319);
#837=LINE('',#6060,#1320);
#838=LINE('',#6061,#1321);
#839=LINE('',#6066,#1322);
#840=LINE('',#6067,#1323);
#841=LINE('',#6070,#1324);
#842=LINE('',#6071,#1325);
#843=LINE('',#6072,#1326);
#844=LINE('',#6076,#1327);
#845=LINE('',#6079,#1328);
#846=LINE('',#6080,#1329);
#847=LINE('',#6082,#1330);
#848=LINE('',#6084,#1331);
#849=LINE('',#6086,#1332);
#850=LINE('',#6087,#1333);
#851=LINE('',#6090,#1334);
#852=LINE('',#6092,#1335);
#853=LINE('',#6093,#1336);
#854=LINE('',#6096,#1337);
#855=LINE('',#6097,#1338);
#856=LINE('',#6098,#1339);
#857=LINE('',#6102,#1340);
#858=LINE('',#6105,#1341);
#859=LINE('',#6107,#1342);
#860=LINE('',#6108,#1343);
#861=LINE('',#6111,#1344);
#862=LINE('',#6113,#1345);
#863=LINE('',#6114,#1346);
#864=LINE('',#6117,#1347);
#865=LINE('',#6118,#1348);
#866=LINE('',#6121,#1349);
#867=LINE('',#6122,#1350);
#868=LINE('',#6125,#1351);
#869=LINE('',#6127,#1352);
#870=LINE('',#6128,#1353);
#871=LINE('',#6130,#1354);
#872=LINE('',#6131,#1355);
#873=LINE('',#6135,#1356);
#874=LINE('',#6138,#1357);
#875=LINE('',#6139,#1358);
#876=LINE('',#6143,#1359);
#877=LINE('',#6146,#1360);
#878=LINE('',#6148,#1361);
#879=LINE('',#6149,#1362);
#880=LINE('',#6152,#1363);
#881=LINE('',#6153,#1364);
#882=LINE('',#6156,#1365);
#883=LINE('',#6157,#1366);
#884=LINE('',#6160,#1367);
#885=LINE('',#6162,#1368);
#886=LINE('',#6166,#1369);
#887=LINE('',#6170,#1370);
#888=LINE('',#6174,#1371);
#889=LINE('',#6178,#1372);
#890=LINE('',#6179,#1373);
#891=LINE('',#6182,#1374);
#892=LINE('',#6183,#1375);
#893=LINE('',#6184,#1376);
#894=LINE('',#6185,#1377);
#895=LINE('',#6189,#1378);
#896=LINE('',#6192,#1379);
#897=LINE('',#6193,#1380);
#898=LINE('',#6197,#1381);
#899=LINE('',#6201,#1382);
#900=LINE('',#6203,#1383);
#901=LINE('',#6205,#1384);
#902=LINE('',#6206,#1385);
#903=LINE('',#6208,#1386);
#904=LINE('',#6209,#1387);
#905=LINE('',#6213,#1388);
#906=LINE('',#6215,#1389);
#907=LINE('',#6217,#1390);
#908=LINE('',#6218,#1391);
#909=LINE('',#6221,#1392);
#910=LINE('',#6223,#1393);
#911=LINE('',#6224,#1394);
#912=LINE('',#6228,#1395);
#913=LINE('',#6230,#1396);
#914=LINE('',#6234,#1397);
#915=LINE('',#6237,#1398);
#916=LINE('',#6239,#1399);
#917=LINE('',#6240,#1400);
#918=LINE('',#6244,#1401);
#919=LINE('',#6247,#1402);
#920=LINE('',#6248,#1403);
#921=LINE('',#6256,#1404);
#922=LINE('',#6259,#1405);
#923=LINE('',#6261,#1406);
#924=LINE('',#6262,#1407);
#925=LINE('',#6265,#1408);
#926=LINE('',#6266,#1409);
#927=LINE('',#6269,#1410);
#928=LINE('',#6270,#1411);
#929=LINE('',#6273,#1412);
#930=LINE('',#6274,#1413);
#931=LINE('',#6277,#1414);
#932=LINE('',#6278,#1415);
#933=LINE('',#6279,#1416);
#934=LINE('',#6282,#1417);
#935=LINE('',#6283,#1418);
#936=LINE('',#6286,#1419);
#937=LINE('',#6287,#1420);
#938=LINE('',#6289,#1421);
#939=LINE('',#6292,#1422);
#940=LINE('',#6294,#1423);
#941=LINE('',#6295,#1424);
#942=LINE('',#6298,#1425);
#943=LINE('',#6300,#1426);
#944=LINE('',#6301,#1427);
#945=LINE('',#6304,#1428);
#946=LINE('',#6306,#1429);
#947=LINE('',#6307,#1430);
#948=LINE('',#6310,#1431);
#949=LINE('',#6312,#1432);
#950=LINE('',#6313,#1433);
#951=LINE('',#6317,#1434);
#952=LINE('',#6319,#1435);
#953=LINE('',#6321,#1436);
#954=LINE('',#6322,#1437);
#955=LINE('',#6326,#1438);
#956=LINE('',#6327,#1439);
#957=LINE('',#6328,#1440);
#958=LINE('',#6332,#1441);
#959=LINE('',#6333,#1442);
#960=LINE('',#6334,#1443);
#961=LINE('',#6337,#1444);
#962=LINE('',#6339,#1445);
#963=LINE('',#6340,#1446);
#964=LINE('',#6344,#1447);
#965=LINE('',#6345,#1448);
#966=LINE('',#6346,#1449);
#967=LINE('',#6349,#1450);
#968=LINE('',#6351,#1451);
#969=LINE('',#6352,#1452);
#970=LINE('',#6354,#1453);
#971=LINE('',#6355,#1454);
#972=LINE('',#6358,#1455);
#973=LINE('',#6360,#1456);
#974=LINE('',#6361,#1457);
#975=LINE('',#6365,#1458);
#976=LINE('',#6366,#1459);
#977=LINE('',#6368,#1460);
#978=LINE('',#6369,#1461);
#979=LINE('',#6372,#1462);
#980=LINE('',#6373,#1463);
#981=LINE('',#6376,#1464);
#982=LINE('',#6378,#1465);
#983=LINE('',#6379,#1466);
#984=LINE('',#6383,#1467);
#985=LINE('',#6384,#1468);
#986=LINE('',#6385,#1469);
#987=LINE('',#6387,#1470);
#988=LINE('',#6392,#1471);
#989=LINE('',#6397,#1472);
#990=LINE('',#6401,#1473);
#991=LINE('',#6405,#1474);
#992=LINE('',#6409,#1475);
#993=LINE('',#6413,#1476);
#994=LINE('',#6415,#1477);
#995=LINE('',#6417,#1478);
#996=LINE('',#6419,#1479);
#997=LINE('',#6421,#1480);
#998=LINE('',#6424,#1481);
#999=LINE('',#6427,#1482);
#1000=LINE('',#6429,#1483);
#1001=LINE('',#6433,#1484);
#1002=LINE('',#6435,#1485);
#1003=LINE('',#6437,#1486);
#1004=LINE('',#6438,#1487);
#1005=LINE('',#6441,#1488);
#1006=LINE('',#6443,#1489);
#1007=LINE('',#6447,#1490);
#1008=LINE('',#6449,#1491);
#1009=LINE('',#6451,#1492);
#1010=LINE('',#6452,#1493);
#1011=LINE('',#6455,#1494);
#1012=LINE('',#6457,#1495);
#1013=LINE('',#6459,#1496);
#1014=LINE('',#6461,#1497);
#1015=LINE('',#6463,#1498);
#1016=LINE('',#6465,#1499);
#1017=LINE('',#6469,#1500);
#1018=LINE('',#6471,#1501);
#1019=LINE('',#6473,#1502);
#1020=LINE('',#6474,#1503);
#1021=LINE('',#6477,#1504);
#1022=LINE('',#6478,#1505);
#1023=LINE('',#6481,#1506);
#1024=LINE('',#6482,#1507);
#1025=LINE('',#6485,#1508);
#1026=LINE('',#6487,#1509);
#1027=LINE('',#6488,#1510);
#1028=LINE('',#6492,#1511);
#1029=LINE('',#6493,#1512);
#1030=LINE('',#6494,#1513);
#1031=LINE('',#6496,#1514);
#1032=LINE('',#6500,#1515);
#1033=LINE('',#6504,#1516);
#1034=LINE('',#6506,#1517);
#1035=LINE('',#6507,#1518);
#1036=LINE('',#6513,#1519);
#1037=LINE('',#6515,#1520);
#1038=LINE('',#6517,#1521);
#1039=LINE('',#6518,#1522);
#1040=LINE('',#6522,#1523);
#1041=LINE('',#6528,#1524);
#1042=LINE('',#6529,#1525);
#1043=LINE('',#6530,#1526);
#1044=LINE('',#6534,#1527);
#1045=LINE('',#6540,#1528);
#1046=LINE('',#6541,#1529);
#1047=LINE('',#6542,#1530);
#1048=LINE('',#6546,#1531);
#1049=LINE('',#6552,#1532);
#1050=LINE('',#6553,#1533);
#1051=LINE('',#6554,#1534);
#1052=LINE('',#6559,#1535);
#1053=LINE('',#6560,#1536);
#1054=LINE('',#6562,#1537);
#1055=LINE('',#6564,#1538);
#1056=LINE('',#6566,#1539);
#1057=LINE('',#6569,#1540);
#1058=LINE('',#6571,#1541);
#1059=LINE('',#6573,#1542);
#1060=LINE('',#6577,#1543);
#1061=LINE('',#6579,#1544);
#1062=LINE('',#6581,#1545);
#1063=LINE('',#6582,#1546);
#1064=LINE('',#6585,#1547);
#1065=LINE('',#6586,#1548);
#1066=LINE('',#6589,#1549);
#1067=LINE('',#6590,#1550);
#1068=LINE('',#6593,#1551);
#1069=LINE('',#6595,#1552);
#1070=LINE('',#6596,#1553);
#1071=LINE('',#6600,#1554);
#1072=LINE('',#6601,#1555);
#1073=LINE('',#6602,#1556);
#1074=LINE('',#6604,#1557);
#1075=LINE('',#6608,#1558);
#1076=LINE('',#6612,#1559);
#1077=LINE('',#6614,#1560);
#1078=LINE('',#6615,#1561);
#1079=LINE('',#6620,#1562);
#1080=LINE('',#6622,#1563);
#1081=LINE('',#6624,#1564);
#1082=LINE('',#6625,#1565);
#1083=LINE('',#6628,#1566);
#1084=LINE('',#6629,#1567);
#1085=LINE('',#6632,#1568);
#1086=LINE('',#6633,#1569);
#1087=LINE('',#6636,#1570);
#1088=LINE('',#6638,#1571);
#1089=LINE('',#6639,#1572);
#1090=LINE('',#6643,#1573);
#1091=LINE('',#6644,#1574);
#1092=LINE('',#6645,#1575);
#1093=LINE('',#6647,#1576);
#1094=LINE('',#6651,#1577);
#1095=LINE('',#6655,#1578);
#1096=LINE('',#6657,#1579);
#1097=LINE('',#6658,#1580);
#1098=LINE('',#6663,#1581);
#1099=LINE('',#6665,#1582);
#1100=LINE('',#6667,#1583);
#1101=LINE('',#6668,#1584);
#1102=LINE('',#6671,#1585);
#1103=LINE('',#6672,#1586);
#1104=LINE('',#6675,#1587);
#1105=LINE('',#6676,#1588);
#1106=LINE('',#6679,#1589);
#1107=LINE('',#6681,#1590);
#1108=LINE('',#6682,#1591);
#1109=LINE('',#6686,#1592);
#1110=LINE('',#6687,#1593);
#1111=LINE('',#6688,#1594);
#1112=LINE('',#6690,#1595);
#1113=LINE('',#6694,#1596);
#1114=LINE('',#6698,#1597);
#1115=LINE('',#6700,#1598);
#1116=LINE('',#6701,#1599);
#1117=VECTOR('',#4418,10.);
#1118=VECTOR('',#4419,10.);
#1119=VECTOR('',#4420,10.);
#1120=VECTOR('',#4421,10.);
#1121=VECTOR('',#4424,10.);
#1122=VECTOR('',#4425,10.);
#1123=VECTOR('',#4426,10.);
#1124=VECTOR('',#4427,10.);
#1125=VECTOR('',#4436,10.);
#1126=VECTOR('',#4439,10.);
#1127=VECTOR('',#4442,10.);
#1128=VECTOR('',#4449,10.);
#1129=VECTOR('',#4454,10.);
#1130=VECTOR('',#4455,10.);
#1131=VECTOR('',#4456,10.);
#1132=VECTOR('',#4457,10.);
#1133=VECTOR('',#4462,10.);
#1134=VECTOR('',#4465,10.);
#1135=VECTOR('',#4468,10.);
#1136=VECTOR('',#4469,10.);
#1137=VECTOR('',#4470,10.);
#1138=VECTOR('',#4471,10.);
#1139=VECTOR('',#4474,10.);
#1140=VECTOR('',#4475,10.);
#1141=VECTOR('',#4476,10.);
#1142=VECTOR('',#4481,10.);
#1143=VECTOR('',#4486,10.);
#1144=VECTOR('',#4487,10.);
#1145=VECTOR('',#4488,10.);
#1146=VECTOR('',#4489,10.);
#1147=VECTOR('',#4492,10.);
#1148=VECTOR('',#4493,10.);
#1149=VECTOR('',#4494,10.);
#1150=VECTOR('',#4499,10.);
#1151=VECTOR('',#4504,10.);
#1152=VECTOR('',#4505,10.);
#1153=VECTOR('',#4506,10.);
#1154=VECTOR('',#4509,10.);
#1155=VECTOR('',#4512,10.);
#1156=VECTOR('',#4519,10.);
#1157=VECTOR('',#4520,10.);
#1158=VECTOR('',#4521,10.);
#1159=VECTOR('',#4526,10.);
#1160=VECTOR('',#4527,10.);
#1161=VECTOR('',#4528,10.);
#1162=VECTOR('',#4533,10.);
#1163=VECTOR('',#4538,10.);
#1164=VECTOR('',#4539,10.);
#1165=VECTOR('',#4540,10.);
#1166=VECTOR('',#4543,10.);
#1167=VECTOR('',#4544,10.);
#1168=VECTOR('',#4545,10.);
#1169=VECTOR('',#4548,10.);
#1170=VECTOR('',#4549,10.);
#1171=VECTOR('',#4550,10.);
#1172=VECTOR('',#4551,10.);
#1173=VECTOR('',#4556,10.);
#1174=VECTOR('',#4561,10.);
#1175=VECTOR('',#4562,10.);
#1176=VECTOR('',#4563,10.);
#1177=VECTOR('',#4566,10.);
#1178=VECTOR('',#4567,10.);
#1179=VECTOR('',#4568,10.);
#1180=VECTOR('',#4571,10.);
#1181=VECTOR('',#4572,10.);
#1182=VECTOR('',#4573,10.);
#1183=VECTOR('',#4574,10.);
#1184=VECTOR('',#4577,10.);
#1185=VECTOR('',#4578,10.);
#1186=VECTOR('',#4581,10.);
#1187=VECTOR('',#4582,10.);
#1188=VECTOR('',#4583,10.);
#1189=VECTOR('',#4584,10.);
#1190=VECTOR('',#4587,10.);
#1191=VECTOR('',#4588,10.);
#1192=VECTOR('',#4591,10.);
#1193=VECTOR('',#4592,10.);
#1194=VECTOR('',#4595,10.);
#1195=VECTOR('',#4596,10.);
#1196=VECTOR('',#4599,10.);
#1197=VECTOR('',#4600,10.);
#1198=VECTOR('',#4603,10.);
#1199=VECTOR('',#4604,10.);
#1200=VECTOR('',#4607,10.);
#1201=VECTOR('',#4608,10.);
#1202=VECTOR('',#4611,10.);
#1203=VECTOR('',#4612,10.);
#1204=VECTOR('',#4615,10.);
#1205=VECTOR('',#4616,10.);
#1206=VECTOR('',#4617,10.);
#1207=VECTOR('',#4620,10.);
#1208=VECTOR('',#4621,10.);
#1209=VECTOR('',#4624,10.);
#1210=VECTOR('',#4625,10.);
#1211=VECTOR('',#4628,10.);
#1212=VECTOR('',#4633,10.);
#1213=VECTOR('',#4636,10.);
#1214=VECTOR('',#4637,10.);
#1215=VECTOR('',#4638,10.);
#1216=VECTOR('',#4641,10.);
#1217=VECTOR('',#4642,10.);
#1218=VECTOR('',#4645,10.);
#1219=VECTOR('',#4646,10.);
#1220=VECTOR('',#4649,10.);
#1221=VECTOR('',#4650,10.);
#1222=VECTOR('',#4655,10.);
#1223=VECTOR('',#4658,10.);
#1224=VECTOR('',#4661,10.);
#1225=VECTOR('',#4662,10.);
#1226=VECTOR('',#4663,10.);
#1227=VECTOR('',#4668,10.);
#1228=VECTOR('',#4675,10.);
#1229=VECTOR('',#4678,10.);
#1230=VECTOR('',#4679,10.);
#1231=VECTOR('',#4680,10.);
#1232=VECTOR('',#4681,10.);
#1233=VECTOR('',#4684,10.);
#1234=VECTOR('',#4685,10.);
#1235=VECTOR('',#4686,10.);
#1236=VECTOR('',#4691,10.);
#1237=VECTOR('',#4700,10.);
#1238=VECTOR('',#4705,10.);
#1239=VECTOR('',#4706,10.);
#1240=VECTOR('',#4707,10.);
#1241=VECTOR('',#4710,10.);
#1242=VECTOR('',#4713,10.);
#1243=VECTOR('',#4716,10.);
#1244=VECTOR('',#4717,10.);
#1245=VECTOR('',#4720,10.);
#1246=VECTOR('',#4725,10.);
#1247=VECTOR('',#4732,10.);
#1248=VECTOR('',#4733,10.);
#1249=VECTOR('',#4736,10.);
#1250=VECTOR('',#4737,10.);
#1251=VECTOR('',#4738,10.);
#1252=VECTOR('',#4741,10.);
#1253=VECTOR('',#4742,10.);
#1254=VECTOR('',#4743,10.);
#1255=VECTOR('',#4746,10.);
#1256=VECTOR('',#4747,10.);
#1257=VECTOR('',#4750,10.);
#1258=VECTOR('',#4751,10.);
#1259=VECTOR('',#4754,10.);
#1260=VECTOR('',#4755,10.);
#1261=VECTOR('',#4756,10.);
#1262=VECTOR('',#4759,10.);
#1263=VECTOR('',#4760,10.);
#1264=VECTOR('',#4765,10.);
#1265=VECTOR('',#4770,10.);
#1266=VECTOR('',#4773,10.);
#1267=VECTOR('',#4776,10.);
#1268=VECTOR('',#4777,10.);
#1269=VECTOR('',#4778,10.);
#1270=VECTOR('',#4785,10.);
#1271=VECTOR('',#4788,10.);
#1272=VECTOR('',#4789,10.);
#1273=VECTOR('',#4792,10.);
#1274=VECTOR('',#4793,10.);
#1275=VECTOR('',#4794,10.);
#1276=VECTOR('',#4797,10.);
#1277=VECTOR('',#4798,10.);
#1278=VECTOR('',#4801,10.);
#1279=VECTOR('',#4802,10.);
#1280=VECTOR('',#4805,10.);
#1281=VECTOR('',#4806,10.);
#1282=VECTOR('',#4811,10.);
#1283=VECTOR('',#4814,10.);
#1284=VECTOR('',#4815,10.);
#1285=VECTOR('',#4816,10.);
#1286=VECTOR('',#4821,10.);
#1287=VECTOR('',#4826,10.);
#1288=VECTOR('',#4831,10.);
#1289=VECTOR('',#4836,10.);
#1290=VECTOR('',#4837,10.);
#1291=VECTOR('',#4838,10.);
#1292=VECTOR('',#4839,10.);
#1293=VECTOR('',#4844,10.);
#1294=VECTOR('',#4849,10.);
#1295=VECTOR('',#4850,10.);
#1296=VECTOR('',#4851,10.);
#1297=VECTOR('',#4860,10.);
#1298=VECTOR('',#4861,10.);
#1299=VECTOR('',#4862,10.);
#1300=VECTOR('',#4865,10.);
#1301=VECTOR('',#4866,10.);
#1302=VECTOR('',#4867,10.);
#1303=VECTOR('',#4870,10.);
#1304=VECTOR('',#4871,10.);
#1305=VECTOR('',#4874,10.);
#1306=VECTOR('',#4875,10.);
#1307=VECTOR('',#4880,10.);
#1308=VECTOR('',#4883,10.);
#1309=VECTOR('',#4884,10.);
#1310=VECTOR('',#4885,10.);
#1311=VECTOR('',#4890,10.);
#1312=VECTOR('',#4893,10.);
#1313=VECTOR('',#4894,10.);
#1314=VECTOR('',#4895,10.);
#1315=VECTOR('',#4900,10.);
#1316=VECTOR('',#4903,10.);
#1317=VECTOR('',#4904,10.);
#1318=VECTOR('',#4905,10.);
#1319=VECTOR('',#4908,10.);
#1320=VECTOR('',#4909,10.);
#1321=VECTOR('',#4910,10.);
#1322=VECTOR('',#4915,10.);
#1323=VECTOR('',#4916,10.);
#1324=VECTOR('',#4919,10.);
#1325=VECTOR('',#4920,10.);
#1326=VECTOR('',#4921,10.);
#1327=VECTOR('',#4926,10.);
#1328=VECTOR('',#4929,10.);
#1329=VECTOR('',#4930,10.);
#1330=VECTOR('',#4933,10.);
#1331=VECTOR('',#4934,10.);
#1332=VECTOR('',#4935,10.);
#1333=VECTOR('',#4936,10.);
#1334=VECTOR('',#4939,10.);
#1335=VECTOR('',#4940,10.);
#1336=VECTOR('',#4941,10.);
#1337=VECTOR('',#4944,10.);
#1338=VECTOR('',#4945,10.);
#1339=VECTOR('',#4946,10.);
#1340=VECTOR('',#4951,10.);
#1341=VECTOR('',#4954,10.);
#1342=VECTOR('',#4955,10.);
#1343=VECTOR('',#4956,10.);
#1344=VECTOR('',#4959,10.);
#1345=VECTOR('',#4960,10.);
#1346=VECTOR('',#4961,10.);
#1347=VECTOR('',#4964,10.);
#1348=VECTOR('',#4965,10.);
#1349=VECTOR('',#4968,10.);
#1350=VECTOR('',#4969,10.);
#1351=VECTOR('',#4972,10.);
#1352=VECTOR('',#4973,10.);
#1353=VECTOR('',#4974,10.);
#1354=VECTOR('',#4975,10.);
#1355=VECTOR('',#4976,10.);
#1356=VECTOR('',#4981,10.);
#1357=VECTOR('',#4984,10.);
#1358=VECTOR('',#4985,10.);
#1359=VECTOR('',#4990,10.);
#1360=VECTOR('',#4993,10.);
#1361=VECTOR('',#4994,10.);
#1362=VECTOR('',#4995,10.);
#1363=VECTOR('',#4998,10.);
#1364=VECTOR('',#4999,10.);
#1365=VECTOR('',#5002,10.);
#1366=VECTOR('',#5003,10.);
#1367=VECTOR('',#5006,10.);
#1368=VECTOR('',#5007,10.);
#1369=VECTOR('',#5012,10.);
#1370=VECTOR('',#5017,10.);
#1371=VECTOR('',#5022,10.);
#1372=VECTOR('',#5027,10.);
#1373=VECTOR('',#5028,10.);
#1374=VECTOR('',#5031,10.);
#1375=VECTOR('',#5032,10.);
#1376=VECTOR('',#5033,10.);
#1377=VECTOR('',#5034,10.);
#1378=VECTOR('',#5039,10.);
#1379=VECTOR('',#5042,10.);
#1380=VECTOR('',#5043,10.);
#1381=VECTOR('',#5048,10.);
#1382=VECTOR('',#5051,10.);
#1383=VECTOR('',#5052,10.);
#1384=VECTOR('',#5053,10.);
#1385=VECTOR('',#5054,10.);
#1386=VECTOR('',#5055,10.);
#1387=VECTOR('',#5056,10.);
#1388=VECTOR('',#5059,10.);
#1389=VECTOR('',#5060,10.);
#1390=VECTOR('',#5061,10.);
#1391=VECTOR('',#5062,10.);
#1392=VECTOR('',#5065,10.);
#1393=VECTOR('',#5066,10.);
#1394=VECTOR('',#5067,10.);
#1395=VECTOR('',#5072,10.);
#1396=VECTOR('',#5075,10.);
#1397=VECTOR('',#5080,10.);
#1398=VECTOR('',#5083,10.);
#1399=VECTOR('',#5084,10.);
#1400=VECTOR('',#5085,10.);
#1401=VECTOR('',#5090,10.);
#1402=VECTOR('',#5093,10.);
#1403=VECTOR('',#5094,10.);
#1404=VECTOR('',#5105,10.);
#1405=VECTOR('',#5108,10.);
#1406=VECTOR('',#5109,10.);
#1407=VECTOR('',#5110,10.);
#1408=VECTOR('',#5113,10.);
#1409=VECTOR('',#5114,10.);
#1410=VECTOR('',#5117,10.);
#1411=VECTOR('',#5118,10.);
#1412=VECTOR('',#5121,10.);
#1413=VECTOR('',#5122,10.);
#1414=VECTOR('',#5125,10.);
#1415=VECTOR('',#5126,10.);
#1416=VECTOR('',#5127,10.);
#1417=VECTOR('',#5130,10.);
#1418=VECTOR('',#5131,10.);
#1419=VECTOR('',#5134,10.);
#1420=VECTOR('',#5135,10.);
#1421=VECTOR('',#5138,10.);
#1422=VECTOR('',#5141,10.);
#1423=VECTOR('',#5142,10.);
#1424=VECTOR('',#5143,10.);
#1425=VECTOR('',#5146,10.);
#1426=VECTOR('',#5147,10.);
#1427=VECTOR('',#5148,10.);
#1428=VECTOR('',#5151,10.);
#1429=VECTOR('',#5152,10.);
#1430=VECTOR('',#5153,10.);
#1431=VECTOR('',#5156,10.);
#1432=VECTOR('',#5157,10.);
#1433=VECTOR('',#5158,10.);
#1434=VECTOR('',#5161,10.);
#1435=VECTOR('',#5162,10.);
#1436=VECTOR('',#5163,10.);
#1437=VECTOR('',#5164,10.);
#1438=VECTOR('',#5167,10.);
#1439=VECTOR('',#5168,10.);
#1440=VECTOR('',#5169,10.);
#1441=VECTOR('',#5172,10.);
#1442=VECTOR('',#5173,10.);
#1443=VECTOR('',#5174,10.);
#1444=VECTOR('',#5177,10.);
#1445=VECTOR('',#5178,10.);
#1446=VECTOR('',#5179,10.);
#1447=VECTOR('',#5182,10.);
#1448=VECTOR('',#5183,10.);
#1449=VECTOR('',#5184,10.);
#1450=VECTOR('',#5187,10.);
#1451=VECTOR('',#5188,10.);
#1452=VECTOR('',#5189,10.);
#1453=VECTOR('',#5192,10.);
#1454=VECTOR('',#5193,10.);
#1455=VECTOR('',#5196,10.);
#1456=VECTOR('',#5197,10.);
#1457=VECTOR('',#5198,10.);
#1458=VECTOR('',#5201,10.);
#1459=VECTOR('',#5202,10.);
#1460=VECTOR('',#5203,10.);
#1461=VECTOR('',#5204,10.);
#1462=VECTOR('',#5207,10.);
#1463=VECTOR('',#5208,10.);
#1464=VECTOR('',#5211,10.);
#1465=VECTOR('',#5212,10.);
#1466=VECTOR('',#5213,10.);
#1467=VECTOR('',#5216,10.);
#1468=VECTOR('',#5217,10.);
#1469=VECTOR('',#5218,10.);
#1470=VECTOR('',#5221,10.);
#1471=VECTOR('',#5230,10.);
#1472=VECTOR('',#5235,10.);
#1473=VECTOR('',#5238,10.);
#1474=VECTOR('',#5241,10.);
#1475=VECTOR('',#5244,10.);
#1476=VECTOR('',#5247,10.);
#1477=VECTOR('',#5248,10.);
#1478=VECTOR('',#5249,10.);
#1479=VECTOR('',#5250,10.);
#1480=VECTOR('',#5251,10.);
#1481=VECTOR('',#5254,10.);
#1482=VECTOR('',#5255,10.);
#1483=VECTOR('',#5256,10.);
#1484=VECTOR('',#5259,10.);
#1485=VECTOR('',#5260,10.);
#1486=VECTOR('',#5261,10.);
#1487=VECTOR('',#5262,10.);
#1488=VECTOR('',#5263,10.);
#1489=VECTOR('',#5264,10.);
#1490=VECTOR('',#5267,10.);
#1491=VECTOR('',#5268,10.);
#1492=VECTOR('',#5269,10.);
#1493=VECTOR('',#5270,10.);
#1494=VECTOR('',#5271,10.);
#1495=VECTOR('',#5272,10.);
#1496=VECTOR('',#5273,10.);
#1497=VECTOR('',#5274,10.);
#1498=VECTOR('',#5275,10.);
#1499=VECTOR('',#5276,10.);
#1500=VECTOR('',#5281,10.);
#1501=VECTOR('',#5282,10.);
#1502=VECTOR('',#5283,10.);
#1503=VECTOR('',#5284,10.);
#1504=VECTOR('',#5287,10.);
#1505=VECTOR('',#5288,10.);
#1506=VECTOR('',#5291,10.);
#1507=VECTOR('',#5292,10.);
#1508=VECTOR('',#5295,10.);
#1509=VECTOR('',#5296,10.);
#1510=VECTOR('',#5297,10.);
#1511=VECTOR('',#5300,10.);
#1512=VECTOR('',#5301,10.);
#1513=VECTOR('',#5302,10.);
#1514=VECTOR('',#5305,10.);
#1515=VECTOR('',#5308,10.);
#1516=VECTOR('',#5315,10.);
#1517=VECTOR('',#5318,10.);
#1518=VECTOR('',#5319,10.);
#1519=VECTOR('',#5326,10.);
#1520=VECTOR('',#5327,10.);
#1521=VECTOR('',#5328,10.);
#1522=VECTOR('',#5329,10.);
#1523=VECTOR('',#5332,10.);
#1524=VECTOR('',#5339,10.);
#1525=VECTOR('',#5340,10.);
#1526=VECTOR('',#5341,10.);
#1527=VECTOR('',#5344,10.);
#1528=VECTOR('',#5351,10.);
#1529=VECTOR('',#5352,10.);
#1530=VECTOR('',#5353,10.);
#1531=VECTOR('',#5356,10.);
#1532=VECTOR('',#5363,10.);
#1533=VECTOR('',#5364,10.);
#1534=VECTOR('',#5365,10.);
#1535=VECTOR('',#5374,10.);
#1536=VECTOR('',#5375,10.);
#1537=VECTOR('',#5378,10.);
#1538=VECTOR('',#5381,10.);
#1539=VECTOR('',#5384,10.);
#1540=VECTOR('',#5389,10.);
#1541=VECTOR('',#5392,10.);
#1542=VECTOR('',#5395,10.);
#1543=VECTOR('',#5400,10.);
#1544=VECTOR('',#5401,10.);
#1545=VECTOR('',#5402,10.);
#1546=VECTOR('',#5403,10.);
#1547=VECTOR('',#5406,10.);
#1548=VECTOR('',#5407,10.);
#1549=VECTOR('',#5410,10.);
#1550=VECTOR('',#5411,10.);
#1551=VECTOR('',#5414,10.);
#1552=VECTOR('',#5415,10.);
#1553=VECTOR('',#5416,10.);
#1554=VECTOR('',#5419,10.);
#1555=VECTOR('',#5420,10.);
#1556=VECTOR('',#5421,10.);
#1557=VECTOR('',#5424,10.);
#1558=VECTOR('',#5427,10.);
#1559=VECTOR('',#5434,10.);
#1560=VECTOR('',#5437,10.);
#1561=VECTOR('',#5438,10.);
#1562=VECTOR('',#5445,10.);
#1563=VECTOR('',#5446,10.);
#1564=VECTOR('',#5447,10.);
#1565=VECTOR('',#5448,10.);
#1566=VECTOR('',#5451,10.);
#1567=VECTOR('',#5452,10.);
#1568=VECTOR('',#5455,10.);
#1569=VECTOR('',#5456,10.);
#1570=VECTOR('',#5459,10.);
#1571=VECTOR('',#5460,10.);
#1572=VECTOR('',#5461,10.);
#1573=VECTOR('',#5464,10.);
#1574=VECTOR('',#5465,10.);
#1575=VECTOR('',#5466,10.);
#1576=VECTOR('',#5469,10.);
#1577=VECTOR('',#5472,10.);
#1578=VECTOR('',#5479,10.);
#1579=VECTOR('',#5482,10.);
#1580=VECTOR('',#5483,10.);
#1581=VECTOR('',#5490,10.);
#1582=VECTOR('',#5491,10.);
#1583=VECTOR('',#5492,10.);
#1584=VECTOR('',#5493,10.);
#1585=VECTOR('',#5496,10.);
#1586=VECTOR('',#5497,10.);
#1587=VECTOR('',#5500,10.);
#1588=VECTOR('',#5501,10.);
#1589=VECTOR('',#5504,10.);
#1590=VECTOR('',#5505,10.);
#1591=VECTOR('',#5506,10.);
#1592=VECTOR('',#5509,10.);
#1593=VECTOR('',#5510,10.);
#1594=VECTOR('',#5511,10.);
#1595=VECTOR('',#5514,10.);
#1596=VECTOR('',#5517,10.);
#1597=VECTOR('',#5524,10.);
#1598=VECTOR('',#5527,10.);
#1599=VECTOR('',#5528,10.);
#1600=VERTEX_POINT('',#5535);
#1601=VERTEX_POINT('',#5536);
#1602=VERTEX_POINT('',#5538);
#1603=VERTEX_POINT('',#5540);
#1604=VERTEX_POINT('',#5544);
#1605=VERTEX_POINT('',#5545);
#1606=VERTEX_POINT('',#5547);
#1607=VERTEX_POINT('',#5549);
#1608=VERTEX_POINT('',#5553);
#1609=VERTEX_POINT('',#5555);
#1610=VERTEX_POINT('',#5557);
#1611=VERTEX_POINT('',#5559);
#1612=VERTEX_POINT('',#5561);
#1613=VERTEX_POINT('',#5563);
#1614=VERTEX_POINT('',#5565);
#1615=VERTEX_POINT('',#5567);
#1616=VERTEX_POINT('',#5571);
#1617=VERTEX_POINT('',#5573);
#1618=VERTEX_POINT('',#5577);
#1619=VERTEX_POINT('',#5578);
#1620=VERTEX_POINT('',#5580);
#1621=VERTEX_POINT('',#5582);
#1622=VERTEX_POINT('',#5586);
#1623=VERTEX_POINT('',#5587);
#1624=VERTEX_POINT('',#5589);
#1625=VERTEX_POINT('',#5591);
#1626=VERTEX_POINT('',#5595);
#1627=VERTEX_POINT('',#5596);
#1628=VERTEX_POINT('',#5598);
#1629=VERTEX_POINT('',#5600);
#1630=VERTEX_POINT('',#5604);
#1631=VERTEX_POINT('',#5606);
#1632=VERTEX_POINT('',#5610);
#1633=VERTEX_POINT('',#5612);
#1634=VERTEX_POINT('',#5616);
#1635=VERTEX_POINT('',#5617);
#1636=VERTEX_POINT('',#5619);
#1637=VERTEX_POINT('',#5621);
#1638=VERTEX_POINT('',#5625);
#1639=VERTEX_POINT('',#5627);
#1640=VERTEX_POINT('',#5631);
#1641=VERTEX_POINT('',#5633);
#1642=VERTEX_POINT('',#5637);
#1643=VERTEX_POINT('',#5639);
#1644=VERTEX_POINT('',#5643);
#1645=VERTEX_POINT('',#5644);
#1646=VERTEX_POINT('',#5646);
#1647=VERTEX_POINT('',#5648);
#1648=VERTEX_POINT('',#5652);
#1649=VERTEX_POINT('',#5654);
#1650=VERTEX_POINT('',#5656);
#1651=VERTEX_POINT('',#5658);
#1652=VERTEX_POINT('',#5662);
#1653=VERTEX_POINT('',#5663);
#1654=VERTEX_POINT('',#5668);
#1655=VERTEX_POINT('',#5670);
#1656=VERTEX_POINT('',#5674);
#1657=VERTEX_POINT('',#5675);
#1658=VERTEX_POINT('',#5680);
#1659=VERTEX_POINT('',#5682);
#1660=VERTEX_POINT('',#5686);
#1661=VERTEX_POINT('',#5687);
#1662=VERTEX_POINT('',#5689);
#1663=VERTEX_POINT('',#5691);
#1664=VERTEX_POINT('',#5695);
#1665=VERTEX_POINT('',#5697);
#1666=VERTEX_POINT('',#5701);
#1667=VERTEX_POINT('',#5703);
#1668=VERTEX_POINT('',#5707);
#1669=VERTEX_POINT('',#5708);
#1670=VERTEX_POINT('',#5713);
#1671=VERTEX_POINT('',#5714);
#1672=VERTEX_POINT('',#5716);
#1673=VERTEX_POINT('',#5718);
#1674=VERTEX_POINT('',#5722);
#1675=VERTEX_POINT('',#5726);
#1676=VERTEX_POINT('',#5728);
#1677=VERTEX_POINT('',#5730);
#1678=VERTEX_POINT('',#5734);
#1679=VERTEX_POINT('',#5738);
#1680=VERTEX_POINT('',#5742);
#1681=VERTEX_POINT('',#5746);
#1682=VERTEX_POINT('',#5750);
#1683=VERTEX_POINT('',#5754);
#1684=VERTEX_POINT('',#5758);
#1685=VERTEX_POINT('',#5762);
#1686=VERTEX_POINT('',#5764);
#1687=VERTEX_POINT('',#5768);
#1688=VERTEX_POINT('',#5772);
#1689=VERTEX_POINT('',#5778);
#1690=VERTEX_POINT('',#5782);
#1691=VERTEX_POINT('',#5784);
#1692=VERTEX_POINT('',#5788);
#1693=VERTEX_POINT('',#5792);
#1694=VERTEX_POINT('',#5796);
#1695=VERTEX_POINT('',#5800);
#1696=VERTEX_POINT('',#5801);
#1697=VERTEX_POINT('',#5803);
#1698=VERTEX_POINT('',#5805);
#1699=VERTEX_POINT('',#5809);
#1700=VERTEX_POINT('',#5811);
#1701=VERTEX_POINT('',#5815);
#1702=VERTEX_POINT('',#5817);
#1703=VERTEX_POINT('',#5821);
#1704=VERTEX_POINT('',#5825);
#1705=VERTEX_POINT('',#5826);
#1706=VERTEX_POINT('',#5828);
#1707=VERTEX_POINT('',#5830);
#1708=VERTEX_POINT('',#5834);
#1709=VERTEX_POINT('',#5836);
#1710=VERTEX_POINT('',#5840);
#1711=VERTEX_POINT('',#5842);
#1712=VERTEX_POINT('',#5846);
#1713=VERTEX_POINT('',#5848);
#1714=VERTEX_POINT('',#5850);
#1715=VERTEX_POINT('',#5854);
#1716=VERTEX_POINT('',#5855);
#1717=VERTEX_POINT('',#5860);
#1718=VERTEX_POINT('',#5862);
#1719=VERTEX_POINT('',#5866);
#1720=VERTEX_POINT('',#5868);
#1721=VERTEX_POINT('',#5870);
#1722=VERTEX_POINT('',#5872);
#1723=VERTEX_POINT('',#5876);
#1724=VERTEX_POINT('',#5878);
#1725=VERTEX_POINT('',#5882);
#1726=VERTEX_POINT('',#5886);
#1727=VERTEX_POINT('',#5887);
#1728=VERTEX_POINT('',#5892);
#1729=VERTEX_POINT('',#5893);
#1730=VERTEX_POINT('',#5898);
#1731=VERTEX_POINT('',#5902);
#1732=VERTEX_POINT('',#5906);
#1733=VERTEX_POINT('',#5908);
#1734=VERTEX_POINT('',#5912);
#1735=VERTEX_POINT('',#5916);
#1736=VERTEX_POINT('',#5920);
#1737=VERTEX_POINT('',#5921);
#1738=VERTEX_POINT('',#5923);
#1739=VERTEX_POINT('',#5925);
#1740=VERTEX_POINT('',#5929);
#1741=VERTEX_POINT('',#5931);
#1742=VERTEX_POINT('',#5935);
#1743=VERTEX_POINT('',#5937);
#1744=VERTEX_POINT('',#5944);
#1745=VERTEX_POINT('',#5945);
#1746=VERTEX_POINT('',#5950);
#1747=VERTEX_POINT('',#5954);
#1748=VERTEX_POINT('',#5958);
#1749=VERTEX_POINT('',#5962);
#1750=VERTEX_POINT('',#5966);
#1751=VERTEX_POINT('',#5968);
#1752=VERTEX_POINT('',#5972);
#1753=VERTEX_POINT('',#5974);
#1754=VERTEX_POINT('',#5978);
#1755=VERTEX_POINT('',#5982);
#1756=VERTEX_POINT('',#5986);
#1757=VERTEX_POINT('',#5987);
#1758=VERTEX_POINT('',#5989);
#1759=VERTEX_POINT('',#5991);
#1760=VERTEX_POINT('',#5995);
#1761=VERTEX_POINT('',#5997);
#1762=VERTEX_POINT('',#6001);
#1763=VERTEX_POINT('',#6003);
#1764=VERTEX_POINT('',#6010);
#1765=VERTEX_POINT('',#6012);
#1766=VERTEX_POINT('',#6016);
#1767=VERTEX_POINT('',#6017);
#1768=VERTEX_POINT('',#6022);
#1769=VERTEX_POINT('',#6026);
#1770=VERTEX_POINT('',#6030);
#1771=VERTEX_POINT('',#6034);
#1772=VERTEX_POINT('',#6039);
#1773=VERTEX_POINT('',#6043);
#1774=VERTEX_POINT('',#6048);
#1775=VERTEX_POINT('',#6052);
#1776=VERTEX_POINT('',#6053);
#1777=VERTEX_POINT('',#6059);
#1778=VERTEX_POINT('',#6063);
#1779=VERTEX_POINT('',#6064);
#1780=VERTEX_POINT('',#6069);
#1781=VERTEX_POINT('',#6074);
#1782=VERTEX_POINT('',#6078);
#1783=VERTEX_POINT('',#6083);
#1784=VERTEX_POINT('',#6085);
#1785=VERTEX_POINT('',#6089);
#1786=VERTEX_POINT('',#6091);
#1787=VERTEX_POINT('',#6095);
#1788=VERTEX_POINT('',#6100);
#1789=VERTEX_POINT('',#6104);
#1790=VERTEX_POINT('',#6106);
#1791=VERTEX_POINT('',#6110);
#1792=VERTEX_POINT('',#6112);
#1793=VERTEX_POINT('',#6116);
#1794=VERTEX_POINT('',#6120);
#1795=VERTEX_POINT('',#6124);
#1796=VERTEX_POINT('',#6126);
#1797=VERTEX_POINT('',#6129);
#1798=VERTEX_POINT('',#6133);
#1799=VERTEX_POINT('',#6137);
#1800=VERTEX_POINT('',#6141);
#1801=VERTEX_POINT('',#6145);
#1802=VERTEX_POINT('',#6147);
#1803=VERTEX_POINT('',#6151);
#1804=VERTEX_POINT('',#6155);
#1805=VERTEX_POINT('',#6159);
#1806=VERTEX_POINT('',#6161);
#1807=VERTEX_POINT('',#6165);
#1808=VERTEX_POINT('',#6169);
#1809=VERTEX_POINT('',#6173);
#1810=VERTEX_POINT('',#6177);
#1811=VERTEX_POINT('',#6181);
#1812=VERTEX_POINT('',#6187);
#1813=VERTEX_POINT('',#6191);
#1814=VERTEX_POINT('',#6195);
#1815=VERTEX_POINT('',#6199);
#1816=VERTEX_POINT('',#6200);
#1817=VERTEX_POINT('',#6202);
#1818=VERTEX_POINT('',#6204);
#1819=VERTEX_POINT('',#6207);
#1820=VERTEX_POINT('',#6211);
#1821=VERTEX_POINT('',#6212);
#1822=VERTEX_POINT('',#6214);
#1823=VERTEX_POINT('',#6216);
#1824=VERTEX_POINT('',#6220);
#1825=VERTEX_POINT('',#6222);
#1826=VERTEX_POINT('',#6226);
#1827=VERTEX_POINT('',#6232);
#1828=VERTEX_POINT('',#6236);
#1829=VERTEX_POINT('',#6238);
#1830=VERTEX_POINT('',#6242);
#1831=VERTEX_POINT('',#6246);
#1832=VERTEX_POINT('',#6252);
#1833=VERTEX_POINT('',#6254);
#1834=VERTEX_POINT('',#6258);
#1835=VERTEX_POINT('',#6260);
#1836=VERTEX_POINT('',#6264);
#1837=VERTEX_POINT('',#6268);
#1838=VERTEX_POINT('',#6272);
#1839=VERTEX_POINT('',#6276);
#1840=VERTEX_POINT('',#6281);
#1841=VERTEX_POINT('',#6285);
#1842=VERTEX_POINT('',#6291);
#1843=VERTEX_POINT('',#6293);
#1844=VERTEX_POINT('',#6297);
#1845=VERTEX_POINT('',#6299);
#1846=VERTEX_POINT('',#6303);
#1847=VERTEX_POINT('',#6305);
#1848=VERTEX_POINT('',#6309);
#1849=VERTEX_POINT('',#6311);
#1850=VERTEX_POINT('',#6315);
#1851=VERTEX_POINT('',#6316);
#1852=VERTEX_POINT('',#6318);
#1853=VERTEX_POINT('',#6320);
#1854=VERTEX_POINT('',#6324);
#1855=VERTEX_POINT('',#6325);
#1856=VERTEX_POINT('',#6330);
#1857=VERTEX_POINT('',#6331);
#1858=VERTEX_POINT('',#6336);
#1859=VERTEX_POINT('',#6338);
#1860=VERTEX_POINT('',#6342);
#1861=VERTEX_POINT('',#6343);
#1862=VERTEX_POINT('',#6348);
#1863=VERTEX_POINT('',#6350);
#1864=VERTEX_POINT('',#6357);
#1865=VERTEX_POINT('',#6359);
#1866=VERTEX_POINT('',#6363);
#1867=VERTEX_POINT('',#6364);
#1868=VERTEX_POINT('',#6367);
#1869=VERTEX_POINT('',#6371);
#1870=VERTEX_POINT('',#6375);
#1871=VERTEX_POINT('',#6377);
#1872=VERTEX_POINT('',#6381);
#1873=VERTEX_POINT('',#6382);
#1874=VERTEX_POINT('',#6395);
#1875=VERTEX_POINT('',#6396);
#1876=VERTEX_POINT('',#6398);
#1877=VERTEX_POINT('',#6400);
#1878=VERTEX_POINT('',#6402);
#1879=VERTEX_POINT('',#6404);
#1880=VERTEX_POINT('',#6406);
#1881=VERTEX_POINT('',#6408);
#1882=VERTEX_POINT('',#6411);
#1883=VERTEX_POINT('',#6412);
#1884=VERTEX_POINT('',#6414);
#1885=VERTEX_POINT('',#6416);
#1886=VERTEX_POINT('',#6418);
#1887=VERTEX_POINT('',#6420);
#1888=VERTEX_POINT('',#6422);
#1889=VERTEX_POINT('',#6425);
#1890=VERTEX_POINT('',#6426);
#1891=VERTEX_POINT('',#6428);
#1892=VERTEX_POINT('',#6430);
#1893=VERTEX_POINT('',#6432);
#1894=VERTEX_POINT('',#6434);
#1895=VERTEX_POINT('',#6436);
#1896=VERTEX_POINT('',#6439);
#1897=VERTEX_POINT('',#6440);
#1898=VERTEX_POINT('',#6442);
#1899=VERTEX_POINT('',#6444);
#1900=VERTEX_POINT('',#6446);
#1901=VERTEX_POINT('',#6448);
#1902=VERTEX_POINT('',#6450);
#1903=VERTEX_POINT('',#6453);
#1904=VERTEX_POINT('',#6454);
#1905=VERTEX_POINT('',#6456);
#1906=VERTEX_POINT('',#6458);
#1907=VERTEX_POINT('',#6460);
#1908=VERTEX_POINT('',#6462);
#1909=VERTEX_POINT('',#6464);
#1910=VERTEX_POINT('',#6468);
#1911=VERTEX_POINT('',#6470);
#1912=VERTEX_POINT('',#6472);
#1913=VERTEX_POINT('',#6476);
#1914=VERTEX_POINT('',#6480);
#1915=VERTEX_POINT('',#6484);
#1916=VERTEX_POINT('',#6486);
#1917=VERTEX_POINT('',#6490);
#1918=VERTEX_POINT('',#6491);
#1919=VERTEX_POINT('',#6498);
#1920=VERTEX_POINT('',#6499);
#1921=VERTEX_POINT('',#6511);
#1922=VERTEX_POINT('',#6512);
#1923=VERTEX_POINT('',#6514);
#1924=VERTEX_POINT('',#6516);
#1925=VERTEX_POINT('',#6520);
#1926=VERTEX_POINT('',#6521);
#1927=VERTEX_POINT('',#6526);
#1928=VERTEX_POINT('',#6527);
#1929=VERTEX_POINT('',#6532);
#1930=VERTEX_POINT('',#6533);
#1931=VERTEX_POINT('',#6538);
#1932=VERTEX_POINT('',#6539);
#1933=VERTEX_POINT('',#6544);
#1934=VERTEX_POINT('',#6545);
#1935=VERTEX_POINT('',#6550);
#1936=VERTEX_POINT('',#6551);
#1937=VERTEX_POINT('',#6576);
#1938=VERTEX_POINT('',#6578);
#1939=VERTEX_POINT('',#6580);
#1940=VERTEX_POINT('',#6584);
#1941=VERTEX_POINT('',#6588);
#1942=VERTEX_POINT('',#6592);
#1943=VERTEX_POINT('',#6594);
#1944=VERTEX_POINT('',#6598);
#1945=VERTEX_POINT('',#6599);
#1946=VERTEX_POINT('',#6606);
#1947=VERTEX_POINT('',#6607);
#1948=VERTEX_POINT('',#6619);
#1949=VERTEX_POINT('',#6621);
#1950=VERTEX_POINT('',#6623);
#1951=VERTEX_POINT('',#6627);
#1952=VERTEX_POINT('',#6631);
#1953=VERTEX_POINT('',#6635);
#1954=VERTEX_POINT('',#6637);
#1955=VERTEX_POINT('',#6641);
#1956=VERTEX_POINT('',#6642);
#1957=VERTEX_POINT('',#6649);
#1958=VERTEX_POINT('',#6650);
#1959=VERTEX_POINT('',#6662);
#1960=VERTEX_POINT('',#6664);
#1961=VERTEX_POINT('',#6666);
#1962=VERTEX_POINT('',#6670);
#1963=VERTEX_POINT('',#6674);
#1964=VERTEX_POINT('',#6678);
#1965=VERTEX_POINT('',#6680);
#1966=VERTEX_POINT('',#6684);
#1967=VERTEX_POINT('',#6685);
#1968=VERTEX_POINT('',#6692);
#1969=VERTEX_POINT('',#6693);
#1970=EDGE_CURVE('',#1600,#1601,#634,.T.);
#1971=EDGE_CURVE('',#1602,#1600,#635,.F.);
#1972=EDGE_CURVE('',#1603,#1602,#636,.T.);
#1973=EDGE_CURVE('',#1603,#1601,#637,.T.);
#1974=EDGE_CURVE('',#1604,#1605,#638,.T.);
#1975=EDGE_CURVE('',#1604,#1606,#639,.T.);
#1976=EDGE_CURVE('',#1607,#1606,#640,.T.);
#1977=EDGE_CURVE('',#1605,#1607,#641,.T.);
#1978=EDGE_CURVE('',#1605,#1608,#141,.T.);
#1979=EDGE_CURVE('',#1609,#1607,#142,.T.);
#1980=EDGE_CURVE('',#1609,#1610,#59,.T.);
#1981=EDGE_CURVE('',#1611,#1610,#642,.T.);
#1982=EDGE_CURVE('',#1611,#1612,#60,.F.);
#1983=EDGE_CURVE('',#1612,#1613,#643,.T.);
#1984=EDGE_CURVE('',#1613,#1614,#61,.F.);
#1985=EDGE_CURVE('',#1614,#1615,#644,.T.);
#1986=EDGE_CURVE('',#1615,#1608,#62,.T.);
#1987=EDGE_CURVE('',#1612,#1616,#63,.T.);
#1988=EDGE_CURVE('',#1616,#1617,#645,.T.);
#1989=EDGE_CURVE('',#1617,#1613,#64,.T.);
#1990=EDGE_CURVE('',#1618,#1619,#646,.T.);
#1991=EDGE_CURVE('',#1620,#1618,#647,.T.);
#1992=EDGE_CURVE('',#1621,#1620,#648,.T.);
#1993=EDGE_CURVE('',#1619,#1621,#649,.T.);
#1994=EDGE_CURVE('',#1622,#1623,#65,.T.);
#1995=EDGE_CURVE('',#1623,#1624,#650,.T.);
#1996=EDGE_CURVE('',#1625,#1624,#66,.F.);
#1997=EDGE_CURVE('',#1622,#1625,#651,.T.);
#1998=EDGE_CURVE('',#1626,#1627,#652,.T.);
#1999=EDGE_CURVE('',#1627,#1628,#653,.T.);
#2000=EDGE_CURVE('',#1629,#1628,#654,.T.);
#2001=EDGE_CURVE('',#1626,#1629,#655,.T.);
#2002=EDGE_CURVE('',#1623,#1630,#656,.T.);
#2003=EDGE_CURVE('',#1630,#1631,#657,.F.);
#2004=EDGE_CURVE('',#1624,#1631,#658,.F.);
#2005=EDGE_CURVE('',#1627,#1632,#67,.T.);
#2006=EDGE_CURVE('',#1632,#1633,#659,.T.);
#2007=EDGE_CURVE('',#1628,#1633,#68,.T.);
#2008=EDGE_CURVE('',#1634,#1635,#660,.T.);
#2009=EDGE_CURVE('',#1636,#1635,#661,.T.);
#2010=EDGE_CURVE('',#1636,#1637,#662,.F.);
#2011=EDGE_CURVE('',#1634,#1637,#663,.T.);
#2012=EDGE_CURVE('',#1632,#1638,#664,.T.);
#2013=EDGE_CURVE('',#1638,#1639,#665,.T.);
#2014=EDGE_CURVE('',#1633,#1639,#666,.T.);
#2015=EDGE_CURVE('',#1635,#1640,#69,.T.);
#2016=EDGE_CURVE('',#1641,#1640,#667,.T.);
#2017=EDGE_CURVE('',#1641,#1636,#70,.F.);
#2018=EDGE_CURVE('',#1640,#1642,#668,.T.);
#2019=EDGE_CURVE('',#1642,#1643,#669,.F.);
#2020=EDGE_CURVE('',#1643,#1641,#670,.F.);
#2021=EDGE_CURVE('',#1644,#1645,#671,.T.);
#2022=EDGE_CURVE('',#1644,#1646,#71,.T.);
#2023=EDGE_CURVE('',#1646,#1647,#672,.T.);
#2024=EDGE_CURVE('',#1647,#1645,#72,.T.);
#2025=EDGE_CURVE('',#1648,#1621,#143,.T.);
#2026=EDGE_CURVE('',#1648,#1649,#673,.T.);
#2027=EDGE_CURVE('',#1649,#1650,#674,.T.);
#2028=EDGE_CURVE('',#1651,#1650,#675,.T.);
#2029=EDGE_CURVE('',#1619,#1651,#144,.T.);
#2030=EDGE_CURVE('',#1652,#1653,#676,.T.);
#2031=EDGE_CURVE('',#1653,#1647,#677,.T.);
#2032=EDGE_CURVE('',#1646,#1652,#678,.T.);
#2033=EDGE_CURVE('',#1652,#1654,#73,.T.);
#2034=EDGE_CURVE('',#1654,#1655,#679,.T.);
#2035=EDGE_CURVE('',#1655,#1653,#74,.T.);
#2036=EDGE_CURVE('',#1656,#1657,#680,.T.);
#2037=EDGE_CURVE('',#1657,#1655,#681,.T.);
#2038=EDGE_CURVE('',#1654,#1656,#682,.T.);
#2039=EDGE_CURVE('',#1645,#1658,#683,.T.);
#2040=EDGE_CURVE('',#1659,#1658,#684,.T.);
#2041=EDGE_CURVE('',#1659,#1644,#685,.T.);
#2042=EDGE_CURVE('',#1660,#1661,#686,.T.);
#2043=EDGE_CURVE('',#1661,#1662,#687,.T.);
#2044=EDGE_CURVE('',#1663,#1662,#688,.F.);
#2045=EDGE_CURVE('',#1660,#1663,#689,.T.);
#2046=EDGE_CURVE('',#1661,#1664,#75,.T.);
#2047=EDGE_CURVE('',#1664,#1665,#690,.T.);
#2048=EDGE_CURVE('',#1662,#1665,#76,.F.);
#2049=EDGE_CURVE('',#1664,#1666,#691,.T.);
#2050=EDGE_CURVE('',#1666,#1667,#692,.T.);
#2051=EDGE_CURVE('',#1665,#1667,#693,.F.);
#2052=EDGE_CURVE('',#1668,#1669,#694,.T.);
#2053=EDGE_CURVE('',#1665,#1668,#695,.T.);
#2054=EDGE_CURVE('',#1669,#1667,#696,.T.);
#2055=EDGE_CURVE('',#1670,#1671,#697,.T.);
#2056=EDGE_CURVE('',#1671,#1672,#698,.T.);
#2057=EDGE_CURVE('',#1672,#1673,#699,.T.);
#2058=EDGE_CURVE('',#1673,#1670,#700,.T.);
#2059=EDGE_CURVE('',#1666,#1674,#701,.T.);
#2060=EDGE_CURVE('',#1669,#1674,#702,.T.);
#2061=EDGE_CURVE('',#1675,#1617,#703,.T.);
#2062=EDGE_CURVE('',#1676,#1675,#704,.T.);
#2063=EDGE_CURVE('',#1676,#1677,#705,.T.);
#2064=EDGE_CURVE('',#1614,#1677,#706,.F.);
#2065=EDGE_CURVE('',#1677,#1678,#707,.F.);
#2066=EDGE_CURVE('',#1678,#1676,#708,.T.);
#2067=EDGE_CURVE('',#1679,#1678,#709,.T.);
#2068=EDGE_CURVE('',#1679,#1615,#710,.T.);
#2069=EDGE_CURVE('',#1608,#1680,#711,.T.);
#2070=EDGE_CURVE('',#1680,#1679,#712,.T.);
#2071=EDGE_CURVE('',#1681,#1680,#713,.T.);
#2072=EDGE_CURVE('',#1681,#1604,#714,.T.);
#2073=EDGE_CURVE('',#1682,#1681,#715,.T.);
#2074=EDGE_CURVE('',#1606,#1682,#716,.T.);
#2075=EDGE_CURVE('',#1683,#1682,#717,.T.);
#2076=EDGE_CURVE('',#1683,#1609,#718,.T.);
#2077=EDGE_CURVE('',#1684,#1683,#719,.T.);
#2078=EDGE_CURVE('',#1610,#1684,#720,.T.);
#2079=EDGE_CURVE('',#1685,#1684,#721,.T.);
#2080=EDGE_CURVE('',#1685,#1686,#722,.F.);
#2081=EDGE_CURVE('',#1686,#1611,#723,.F.);
#2082=EDGE_CURVE('',#1687,#1685,#724,.T.);
#2083=EDGE_CURVE('',#1687,#1686,#725,.T.);
#2084=EDGE_CURVE('',#1688,#1687,#726,.T.);
#2085=EDGE_CURVE('',#1688,#1616,#727,.F.);
#2086=EDGE_CURVE('',#1675,#1688,#728,.T.);
#2087=EDGE_CURVE('',#1689,#1668,#77,.T.);
#2088=EDGE_CURVE('',#1662,#1689,#729,.T.);
#2089=EDGE_CURVE('',#1642,#1690,#730,.T.);
#2090=EDGE_CURVE('',#1691,#1690,#731,.T.);
#2091=EDGE_CURVE('',#1691,#1643,#732,.T.);
#2092=EDGE_CURVE('',#1692,#1691,#733,.T.);
#2093=EDGE_CURVE('',#1692,#1641,#734,.T.);
#2094=EDGE_CURVE('',#1693,#1689,#735,.T.);
#2095=EDGE_CURVE('',#1693,#1663,#736,.F.);
#2096=EDGE_CURVE('',#1694,#1660,#737,.T.);
#2097=EDGE_CURVE('',#1694,#1693,#738,.T.);
#2098=EDGE_CURVE('',#1695,#1696,#78,.T.);
#2099=EDGE_CURVE('',#1696,#1697,#739,.T.);
#2100=EDGE_CURVE('',#1697,#1698,#79,.T.);
#2101=EDGE_CURVE('',#1698,#1695,#740,.T.);
#2102=EDGE_CURVE('',#1699,#1696,#741,.T.);
#2103=EDGE_CURVE('',#1700,#1699,#742,.T.);
#2104=EDGE_CURVE('',#1697,#1700,#743,.T.);
#2105=EDGE_CURVE('',#1699,#1701,#80,.T.);
#2106=EDGE_CURVE('',#1701,#1702,#744,.T.);
#2107=EDGE_CURVE('',#1702,#1700,#81,.T.);
#2108=EDGE_CURVE('',#1703,#1692,#82,.T.);
#2109=EDGE_CURVE('',#1703,#1636,#745,.T.);
#2110=EDGE_CURVE('',#1704,#1705,#746,.T.);
#2111=EDGE_CURVE('',#1705,#1706,#747,.T.);
#2112=EDGE_CURVE('',#1707,#1706,#748,.T.);
#2113=EDGE_CURVE('',#1704,#1707,#749,.T.);
#2114=EDGE_CURVE('',#1705,#1708,#750,.T.);
#2115=EDGE_CURVE('',#1708,#1709,#751,.T.);
#2116=EDGE_CURVE('',#1706,#1709,#752,.T.);
#2117=EDGE_CURVE('',#1710,#1708,#83,.T.);
#2118=EDGE_CURVE('',#1710,#1711,#753,.T.);
#2119=EDGE_CURVE('',#1709,#1711,#84,.T.);
#2120=EDGE_CURVE('',#1712,#1620,#145,.F.);
#2121=EDGE_CURVE('',#1713,#1712,#146,.F.);
#2122=EDGE_CURVE('',#1713,#1714,#754,.T.);
#2123=EDGE_CURVE('',#1714,#1648,#147,.T.);
#2124=EDGE_CURVE('',#1715,#1716,#755,.T.);
#2125=EDGE_CURVE('',#1714,#1715,#756,.T.);
#2126=EDGE_CURVE('',#1716,#1713,#757,.T.);
#2127=EDGE_CURVE('',#1717,#1649,#758,.T.);
#2128=EDGE_CURVE('',#1718,#1715,#148,.T.);
#2129=EDGE_CURVE('',#1717,#1718,#759,.T.);
#2130=EDGE_CURVE('',#1650,#1719,#760,.T.);
#2131=EDGE_CURVE('',#1720,#1719,#761,.F.);
#2132=EDGE_CURVE('',#1720,#1721,#149,.F.);
#2133=EDGE_CURVE('',#1721,#1722,#762,.T.);
#2134=EDGE_CURVE('',#1651,#1722,#150,.T.);
#2135=EDGE_CURVE('',#1722,#1723,#763,.T.);
#2136=EDGE_CURVE('',#1724,#1723,#151,.F.);
#2137=EDGE_CURVE('',#1618,#1724,#152,.F.);
#2138=EDGE_CURVE('',#1725,#1721,#764,.T.);
#2139=EDGE_CURVE('',#1723,#1725,#765,.T.);
#2140=EDGE_CURVE('',#1726,#1727,#766,.T.);
#2141=EDGE_CURVE('',#1712,#1727,#767,.F.);
#2142=EDGE_CURVE('',#1724,#1726,#768,.F.);
#2143=EDGE_CURVE('',#1728,#1729,#769,.T.);
#2144=EDGE_CURVE('',#1711,#1728,#770,.T.);
#2145=EDGE_CURVE('',#1710,#1729,#771,.T.);
#2146=EDGE_CURVE('',#1730,#1703,#772,.T.);
#2147=EDGE_CURVE('',#1730,#1637,#773,.F.);
#2148=EDGE_CURVE('',#1731,#1634,#774,.T.);
#2149=EDGE_CURVE('',#1731,#1730,#775,.T.);
#2150=EDGE_CURVE('',#1638,#1732,#776,.T.);
#2151=EDGE_CURVE('',#1733,#1732,#777,.T.);
#2152=EDGE_CURVE('',#1733,#1639,#778,.F.);
#2153=EDGE_CURVE('',#1734,#1733,#779,.T.);
#2154=EDGE_CURVE('',#1633,#1734,#780,.T.);
#2155=EDGE_CURVE('',#1735,#1734,#85,.T.);
#2156=EDGE_CURVE('',#1628,#1735,#781,.T.);
#2157=EDGE_CURVE('',#1736,#1737,#86,.T.);
#2158=EDGE_CURVE('',#1738,#1736,#782,.T.);
#2159=EDGE_CURVE('',#1739,#1738,#87,.T.);
#2160=EDGE_CURVE('',#1739,#1737,#783,.T.);
#2161=EDGE_CURVE('',#1737,#1740,#784,.T.);
#2162=EDGE_CURVE('',#1741,#1739,#785,.T.);
#2163=EDGE_CURVE('',#1741,#1740,#786,.T.);
#2164=EDGE_CURVE('',#1740,#1742,#88,.T.);
#2165=EDGE_CURVE('',#1743,#1741,#89,.T.);
#2166=EDGE_CURVE('',#1743,#1742,#787,.T.);
#2167=EDGE_CURVE('',#1742,#1736,#788,.T.);
#2168=EDGE_CURVE('',#1738,#1743,#789,.T.);
#2169=EDGE_CURVE('',#1744,#1745,#790,.T.);
#2170=EDGE_CURVE('',#1624,#1744,#791,.T.);
#2171=EDGE_CURVE('',#1745,#1631,#792,.T.);
#2172=EDGE_CURVE('',#1746,#1735,#793,.T.);
#2173=EDGE_CURVE('',#1746,#1629,#794,.F.);
#2174=EDGE_CURVE('',#1747,#1626,#795,.T.);
#2175=EDGE_CURVE('',#1747,#1746,#796,.T.);
#2176=EDGE_CURVE('',#1630,#1748,#797,.T.);
#2177=EDGE_CURVE('',#1745,#1748,#798,.T.);
#2178=EDGE_CURVE('',#1749,#1744,#90,.T.);
#2179=EDGE_CURVE('',#1625,#1749,#799,.T.);
#2180=EDGE_CURVE('',#1750,#1749,#800,.T.);
#2181=EDGE_CURVE('',#1750,#1751,#801,.F.);
#2182=EDGE_CURVE('',#1751,#1625,#802,.F.);
#2183=EDGE_CURVE('',#1656,#1752,#91,.T.);
#2184=EDGE_CURVE('',#1753,#1752,#803,.T.);
#2185=EDGE_CURVE('',#1753,#1657,#92,.T.);
#2186=EDGE_CURVE('',#1754,#1753,#804,.T.);
#2187=EDGE_CURVE('',#1658,#1754,#93,.T.);
#2188=EDGE_CURVE('',#1755,#1754,#805,.T.);
#2189=EDGE_CURVE('',#1755,#1659,#94,.T.);
#2190=EDGE_CURVE('',#1756,#1757,#806,.T.);
#2191=EDGE_CURVE('',#1758,#1756,#807,.T.);
#2192=EDGE_CURVE('',#1759,#1758,#808,.T.);
#2193=EDGE_CURVE('',#1759,#1757,#809,.T.);
#2194=EDGE_CURVE('',#1760,#1756,#95,.T.);
#2195=EDGE_CURVE('',#1761,#1760,#810,.T.);
#2196=EDGE_CURVE('',#1758,#1761,#96,.T.);
#2197=EDGE_CURVE('',#1762,#1760,#811,.T.);
#2198=EDGE_CURVE('',#1763,#1762,#812,.T.);
#2199=EDGE_CURVE('',#1761,#1763,#813,.T.);
#2200=EDGE_CURVE('',#1757,#1762,#97,.T.);
#2201=EDGE_CURVE('',#1763,#1759,#98,.T.);
#2202=EDGE_CURVE('',#1764,#1750,#814,.T.);
#2203=EDGE_CURVE('',#1765,#1764,#815,.F.);
#2204=EDGE_CURVE('',#1765,#1751,#816,.T.);
#2205=EDGE_CURVE('',#1766,#1767,#817,.T.);
#2206=EDGE_CURVE('',#1767,#1622,#818,.T.);
#2207=EDGE_CURVE('',#1766,#1765,#819,.F.);
#2208=EDGE_CURVE('',#1766,#1768,#820,.T.);
#2209=EDGE_CURVE('',#1767,#1768,#821,.F.);
#2210=EDGE_CURVE('',#1768,#1769,#822,.T.);
#2211=EDGE_CURVE('',#1769,#1622,#823,.T.);
#2212=EDGE_CURVE('',#1769,#1770,#99,.T.);
#2213=EDGE_CURVE('',#1770,#1623,#824,.T.);
#2214=EDGE_CURVE('',#1770,#1771,#825,.T.);
#2215=EDGE_CURVE('',#1771,#1627,#826,.T.);
#2216=EDGE_CURVE('',#1747,#1748,#827,.T.);
#2217=EDGE_CURVE('',#1771,#1772,#100,.T.);
#2218=EDGE_CURVE('',#1772,#1632,#828,.T.);
#2219=EDGE_CURVE('',#1772,#1773,#829,.T.);
#2220=EDGE_CURVE('',#1773,#1635,#830,.T.);
#2221=EDGE_CURVE('',#1731,#1732,#831,.T.);
#2222=EDGE_CURVE('',#1773,#1774,#101,.T.);
#2223=EDGE_CURVE('',#1774,#1640,#832,.T.);
#2224=EDGE_CURVE('',#1775,#1776,#833,.T.);
#2225=EDGE_CURVE('',#1776,#1690,#834,.T.);
#2226=EDGE_CURVE('',#1774,#1775,#835,.T.);
#2227=EDGE_CURVE('',#1776,#1701,#836,.T.);
#2228=EDGE_CURVE('',#1777,#1775,#837,.T.);
#2229=EDGE_CURVE('',#1702,#1777,#838,.T.);
#2230=EDGE_CURVE('',#1778,#1779,#102,.T.);
#2231=EDGE_CURVE('',#1779,#1646,#839,.T.);
#2232=EDGE_CURVE('',#1644,#1778,#840,.T.);
#2233=EDGE_CURVE('',#1779,#1780,#841,.T.);
#2234=EDGE_CURVE('',#1652,#1780,#842,.T.);
#2235=EDGE_CURVE('',#1719,#1717,#843,.T.);
#2236=EDGE_CURVE('',#1780,#1781,#103,.T.);
#2237=EDGE_CURVE('',#1781,#1654,#844,.T.);
#2238=EDGE_CURVE('',#1781,#1782,#845,.T.);
#2239=EDGE_CURVE('',#1656,#1782,#846,.T.);
#2240=EDGE_CURVE('',#1777,#1778,#847,.T.);
#2241=EDGE_CURVE('',#1783,#1659,#848,.T.);
#2242=EDGE_CURVE('',#1783,#1784,#849,.T.);
#2243=EDGE_CURVE('',#1784,#1698,#850,.T.);
#2244=EDGE_CURVE('',#1785,#1784,#851,.T.);
#2245=EDGE_CURVE('',#1786,#1785,#852,.T.);
#2246=EDGE_CURVE('',#1695,#1786,#853,.T.);
#2247=EDGE_CURVE('',#1785,#1787,#854,.T.);
#2248=EDGE_CURVE('',#1787,#1661,#855,.T.);
#2249=EDGE_CURVE('',#1694,#1786,#856,.T.);
#2250=EDGE_CURVE('',#1787,#1788,#104,.T.);
#2251=EDGE_CURVE('',#1788,#1664,#857,.T.);
#2252=EDGE_CURVE('',#1788,#1789,#858,.T.);
#2253=EDGE_CURVE('',#1789,#1790,#859,.T.);
#2254=EDGE_CURVE('',#1790,#1674,#860,.T.);
#2255=EDGE_CURVE('',#1791,#1670,#861,.T.);
#2256=EDGE_CURVE('',#1792,#1673,#862,.T.);
#2257=EDGE_CURVE('',#1792,#1791,#863,.T.);
#2258=EDGE_CURVE('',#1793,#1791,#864,.T.);
#2259=EDGE_CURVE('',#1671,#1793,#865,.T.);
#2260=EDGE_CURVE('',#1793,#1794,#866,.T.);
#2261=EDGE_CURVE('',#1794,#1672,#867,.T.);
#2262=EDGE_CURVE('',#1790,#1795,#868,.T.);
#2263=EDGE_CURVE('',#1796,#1795,#869,.T.);
#2264=EDGE_CURVE('',#1792,#1796,#870,.T.);
#2265=EDGE_CURVE('',#1797,#1794,#871,.T.);
#2266=EDGE_CURVE('',#1668,#1797,#872,.T.);
#2267=EDGE_CURVE('',#1798,#1797,#105,.T.);
#2268=EDGE_CURVE('',#1798,#1689,#873,.T.);
#2269=EDGE_CURVE('',#1799,#1798,#874,.T.);
#2270=EDGE_CURVE('',#1692,#1799,#875,.T.);
#2271=EDGE_CURVE('',#1800,#1799,#106,.T.);
#2272=EDGE_CURVE('',#1800,#1703,#876,.T.);
#2273=EDGE_CURVE('',#1801,#1728,#877,.T.);
#2274=EDGE_CURVE('',#1802,#1801,#878,.T.);
#2275=EDGE_CURVE('',#1802,#1707,#879,.T.);
#2276=EDGE_CURVE('',#1803,#1704,#880,.T.);
#2277=EDGE_CURVE('',#1803,#1802,#881,.T.);
#2278=EDGE_CURVE('',#1729,#1804,#882,.T.);
#2279=EDGE_CURVE('',#1804,#1803,#883,.T.);
#2280=EDGE_CURVE('',#1727,#1805,#884,.T.);
#2281=EDGE_CURVE('',#1805,#1806,#885,.T.);
#2282=EDGE_CURVE('',#1716,#1806,#153,.T.);
#2283=EDGE_CURVE('',#1806,#1807,#886,.T.);
#2284=EDGE_CURVE('',#1807,#1718,#154,.T.);
#2285=EDGE_CURVE('',#1807,#1808,#887,.T.);
#2286=EDGE_CURVE('',#1808,#1720,#155,.F.);
#2287=EDGE_CURVE('',#1808,#1809,#888,.T.);
#2288=EDGE_CURVE('',#1809,#1725,#156,.T.);
#2289=EDGE_CURVE('',#1809,#1810,#889,.T.);
#2290=EDGE_CURVE('',#1810,#1726,#890,.T.);
#2291=EDGE_CURVE('',#1811,#1810,#891,.T.);
#2292=EDGE_CURVE('',#1734,#1811,#892,.T.);
#2293=EDGE_CURVE('',#1801,#1800,#893,.T.);
#2294=EDGE_CURVE('',#1805,#1804,#894,.T.);
#2295=EDGE_CURVE('',#1812,#1811,#107,.T.);
#2296=EDGE_CURVE('',#1812,#1735,#895,.T.);
#2297=EDGE_CURVE('',#1813,#1812,#896,.T.);
#2298=EDGE_CURVE('',#1744,#1813,#897,.T.);
#2299=EDGE_CURVE('',#1814,#1813,#108,.T.);
#2300=EDGE_CURVE('',#1814,#1749,#898,.T.);
#2301=EDGE_CURVE('',#1815,#1816,#899,.T.);
#2302=EDGE_CURVE('',#1817,#1816,#900,.T.);
#2303=EDGE_CURVE('',#1818,#1817,#901,.F.);
#2304=EDGE_CURVE('',#1818,#1764,#902,.T.);
#2305=EDGE_CURVE('',#1819,#1814,#903,.T.);
#2306=EDGE_CURVE('',#1819,#1815,#904,.T.);
#2307=EDGE_CURVE('',#1820,#1821,#905,.T.);
#2308=EDGE_CURVE('',#1822,#1820,#906,.F.);
#2309=EDGE_CURVE('',#1823,#1822,#907,.T.);
#2310=EDGE_CURVE('',#1821,#1823,#908,.F.);
#2311=EDGE_CURVE('',#1821,#1824,#909,.T.);
#2312=EDGE_CURVE('',#1824,#1825,#910,.T.);
#2313=EDGE_CURVE('',#1825,#1820,#911,.T.);
#2314=EDGE_CURVE('',#1782,#1826,#109,.T.);
#2315=EDGE_CURVE('',#1826,#1752,#912,.T.);
#2316=EDGE_CURVE('',#1752,#1755,#913,.T.);
#2317=EDGE_CURVE('',#1827,#1783,#110,.T.);
#2318=EDGE_CURVE('',#1755,#1827,#914,.T.);
#2319=EDGE_CURVE('',#1828,#1757,#915,.T.);
#2320=EDGE_CURVE('',#1828,#1829,#916,.T.);
#2321=EDGE_CURVE('',#1756,#1829,#917,.T.);
#2322=EDGE_CURVE('',#1829,#1830,#111,.T.);
#2323=EDGE_CURVE('',#1760,#1830,#918,.T.);
#2324=EDGE_CURVE('',#1830,#1831,#919,.T.);
#2325=EDGE_CURVE('',#1762,#1831,#920,.T.);
#2326=EDGE_CURVE('',#1831,#1828,#112,.T.);
#2327=EDGE_CURVE('',#1832,#1823,#113,.F.);
#2328=EDGE_CURVE('',#1822,#1833,#114,.F.);
#2329=EDGE_CURVE('',#1833,#1832,#921,.T.);
#2330=EDGE_CURVE('',#1834,#1819,#922,.T.);
#2331=EDGE_CURVE('',#1835,#1834,#923,.F.);
#2332=EDGE_CURVE('',#1815,#1835,#924,.T.);
#2333=EDGE_CURVE('',#1835,#1836,#925,.T.);
#2334=EDGE_CURVE('',#1816,#1836,#926,.T.);
#2335=EDGE_CURVE('',#1837,#1836,#927,.T.);
#2336=EDGE_CURVE('',#1817,#1837,#928,.T.);
#2337=EDGE_CURVE('',#1837,#1838,#929,.T.);
#2338=EDGE_CURVE('',#1838,#1818,#930,.T.);
#2339=EDGE_CURVE('',#1789,#1839,#931,.T.);
#2340=EDGE_CURVE('',#1826,#1827,#932,.T.);
#2341=EDGE_CURVE('',#1839,#1838,#933,.T.);
#2342=EDGE_CURVE('',#1839,#1840,#934,.T.);
#2343=EDGE_CURVE('',#1840,#1795,#935,.T.);
#2344=EDGE_CURVE('',#1841,#1840,#936,.T.);
#2345=EDGE_CURVE('',#1841,#1796,#937,.T.);
#2346=EDGE_CURVE('',#1834,#1841,#938,.T.);
#2347=EDGE_CURVE('',#1842,#1824,#939,.T.);
#2348=EDGE_CURVE('',#1843,#1842,#940,.T.);
#2349=EDGE_CURVE('',#1825,#1843,#941,.T.);
#2350=EDGE_CURVE('',#1844,#1843,#942,.T.);
#2351=EDGE_CURVE('',#1845,#1844,#943,.F.);
#2352=EDGE_CURVE('',#1833,#1845,#944,.T.);
#2353=EDGE_CURVE('',#1846,#1844,#945,.T.);
#2354=EDGE_CURVE('',#1847,#1846,#946,.T.);
#2355=EDGE_CURVE('',#1845,#1847,#947,.T.);
#2356=EDGE_CURVE('',#1848,#1846,#948,.T.);
#2357=EDGE_CURVE('',#1848,#1849,#949,.T.);
#2358=EDGE_CURVE('',#1849,#1847,#950,.T.);
#2359=EDGE_CURVE('',#1850,#1851,#951,.T.);
#2360=EDGE_CURVE('',#1852,#1850,#952,.T.);
#2361=EDGE_CURVE('',#1852,#1853,#953,.T.);
#2362=EDGE_CURVE('',#1851,#1853,#954,.T.);
#2363=EDGE_CURVE('',#1854,#1855,#955,.T.);
#2364=EDGE_CURVE('',#1853,#1854,#956,.T.);
#2365=EDGE_CURVE('',#1855,#1852,#957,.T.);
#2366=EDGE_CURVE('',#1856,#1857,#958,.T.);
#2367=EDGE_CURVE('',#1854,#1857,#959,.T.);
#2368=EDGE_CURVE('',#1855,#1856,#960,.T.);
#2369=EDGE_CURVE('',#1858,#1856,#961,.T.);
#2370=EDGE_CURVE('',#1858,#1859,#962,.F.);
#2371=EDGE_CURVE('',#1857,#1859,#963,.T.);
#2372=EDGE_CURVE('',#1860,#1861,#964,.T.);
#2373=EDGE_CURVE('',#1859,#1860,#965,.T.);
#2374=EDGE_CURVE('',#1861,#1858,#966,.T.);
#2375=EDGE_CURVE('',#1861,#1862,#967,.T.);
#2376=EDGE_CURVE('',#1863,#1862,#968,.T.);
#2377=EDGE_CURVE('',#1860,#1863,#969,.T.);
#2378=EDGE_CURVE('',#1863,#1832,#970,.T.);
#2379=EDGE_CURVE('',#1862,#1842,#971,.T.);
#2380=EDGE_CURVE('',#1864,#1848,#972,.T.);
#2381=EDGE_CURVE('',#1865,#1864,#973,.T.);
#2382=EDGE_CURVE('',#1849,#1865,#974,.T.);
#2383=EDGE_CURVE('',#1866,#1867,#975,.T.);
#2384=EDGE_CURVE('',#1867,#1851,#976,.T.);
#2385=EDGE_CURVE('',#1865,#1868,#977,.T.);
#2386=EDGE_CURVE('',#1866,#1868,#978,.T.);
#2387=EDGE_CURVE('',#1867,#1869,#979,.T.);
#2388=EDGE_CURVE('',#1869,#1850,#980,.T.);
#2389=EDGE_CURVE('',#1870,#1869,#981,.T.);
#2390=EDGE_CURVE('',#1870,#1871,#982,.T.);
#2391=EDGE_CURVE('',#1871,#1864,#983,.T.);
#2392=EDGE_CURVE('',#1872,#1873,#984,.T.);
#2393=EDGE_CURVE('',#1872,#1871,#985,.T.);
#2394=EDGE_CURVE('',#1873,#1870,#986,.T.);
#2395=EDGE_CURVE('',#1601,#1872,#987,.T.);
#2396=EDGE_CURVE('',#1868,#1603,#115,.F.);
#2397=EDGE_CURVE('',#1602,#1866,#116,.F.);
#2398=EDGE_CURVE('',#1600,#1873,#988,.T.);
#2399=EDGE_CURVE('',#1874,#1875,#989,.T.);
#2400=EDGE_CURVE('',#1876,#1874,#117,.T.);
#2401=EDGE_CURVE('',#1877,#1876,#990,.T.);
#2402=EDGE_CURVE('',#1878,#1877,#118,.T.);
#2403=EDGE_CURVE('',#1878,#1879,#991,.T.);
#2404=EDGE_CURVE('',#1880,#1879,#119,.T.);
#2405=EDGE_CURVE('',#1880,#1881,#992,.T.);
#2406=EDGE_CURVE('',#1875,#1881,#120,.T.);
#2407=EDGE_CURVE('',#1882,#1883,#993,.T.);
#2408=EDGE_CURVE('',#1884,#1882,#994,.T.);
#2409=EDGE_CURVE('',#1885,#1884,#995,.T.);
#2410=EDGE_CURVE('',#1886,#1885,#996,.T.);
#2411=EDGE_CURVE('',#1886,#1887,#997,.T.);
#2412=EDGE_CURVE('',#1887,#1888,#121,.F.);
#2413=EDGE_CURVE('',#1888,#1883,#998,.F.);
#2414=EDGE_CURVE('',#1889,#1890,#999,.T.);
#2415=EDGE_CURVE('',#1891,#1890,#1000,.F.);
#2416=EDGE_CURVE('',#1892,#1891,#122,.F.);
#2417=EDGE_CURVE('',#1893,#1892,#1001,.T.);
#2418=EDGE_CURVE('',#1893,#1894,#1002,.T.);
#2419=EDGE_CURVE('',#1894,#1895,#1003,.T.);
#2420=EDGE_CURVE('',#1895,#1889,#1004,.T.);
#2421=EDGE_CURVE('',#1896,#1897,#1005,.T.);
#2422=EDGE_CURVE('',#1898,#1897,#1006,.F.);
#2423=EDGE_CURVE('',#1899,#1898,#123,.F.);
#2424=EDGE_CURVE('',#1900,#1899,#1007,.T.);
#2425=EDGE_CURVE('',#1900,#1901,#1008,.T.);
#2426=EDGE_CURVE('',#1901,#1902,#1009,.T.);
#2427=EDGE_CURVE('',#1902,#1896,#1010,.T.);
#2428=EDGE_CURVE('',#1903,#1904,#1011,.F.);
#2429=EDGE_CURVE('',#1905,#1904,#1012,.T.);
#2430=EDGE_CURVE('',#1906,#1905,#1013,.T.);
#2431=EDGE_CURVE('',#1907,#1906,#1014,.T.);
#2432=EDGE_CURVE('',#1908,#1907,#1015,.T.);
#2433=EDGE_CURVE('',#1908,#1909,#1016,.T.);
#2434=EDGE_CURVE('',#1909,#1903,#124,.F.);
#2435=EDGE_CURVE('',#1904,#1910,#1017,.T.);
#2436=EDGE_CURVE('',#1911,#1910,#1018,.F.);
#2437=EDGE_CURVE('',#1912,#1911,#1019,.T.);
#2438=EDGE_CURVE('',#1912,#1905,#1020,.T.);
#2439=EDGE_CURVE('',#1913,#1912,#1021,.T.);
#2440=EDGE_CURVE('',#1913,#1906,#1022,.T.);
#2441=EDGE_CURVE('',#1914,#1913,#1023,.T.);
#2442=EDGE_CURVE('',#1914,#1907,#1024,.T.);
#2443=EDGE_CURVE('',#1915,#1914,#1025,.T.);
#2444=EDGE_CURVE('',#1915,#1916,#1026,.T.);
#2445=EDGE_CURVE('',#1908,#1916,#1027,.F.);
#2446=EDGE_CURVE('',#1917,#1918,#1028,.T.);
#2447=EDGE_CURVE('',#1911,#1918,#1029,.T.);
#2448=EDGE_CURVE('',#1917,#1910,#1030,.T.);
#2449=EDGE_CURVE('',#1903,#1917,#1031,.T.);
#2450=EDGE_CURVE('',#1919,#1920,#1032,.T.);
#2451=EDGE_CURVE('',#1918,#1920,#125,.T.);
#2452=EDGE_CURVE('',#1919,#1917,#126,.T.);
#2453=EDGE_CURVE('',#1909,#1919,#1033,.T.);
#2454=EDGE_CURVE('',#1920,#1915,#1034,.T.);
#2455=EDGE_CURVE('',#1916,#1919,#1035,.F.);
#2456=EDGE_CURVE('',#1921,#1922,#1036,.T.);
#2457=EDGE_CURVE('',#1922,#1923,#1037,.T.);
#2458=EDGE_CURVE('',#1923,#1924,#1038,.T.);
#2459=EDGE_CURVE('',#1924,#1921,#1039,.T.);
#2460=EDGE_CURVE('',#1925,#1926,#1040,.T.);
#2461=EDGE_CURVE('',#1926,#1922,#127,.T.);
#2462=EDGE_CURVE('',#1921,#1925,#128,.T.);
#2463=EDGE_CURVE('',#1927,#1928,#1041,.T.);
#2464=EDGE_CURVE('',#1928,#1926,#1042,.T.);
#2465=EDGE_CURVE('',#1925,#1927,#1043,.T.);
#2466=EDGE_CURVE('',#1929,#1930,#1044,.T.);
#2467=EDGE_CURVE('',#1930,#1928,#129,.T.);
#2468=EDGE_CURVE('',#1927,#1929,#130,.T.);
#2469=EDGE_CURVE('',#1931,#1932,#1045,.T.);
#2470=EDGE_CURVE('',#1932,#1930,#1046,.T.);
#2471=EDGE_CURVE('',#1929,#1931,#1047,.T.);
#2472=EDGE_CURVE('',#1933,#1934,#1048,.T.);
#2473=EDGE_CURVE('',#1934,#1932,#131,.T.);
#2474=EDGE_CURVE('',#1931,#1933,#132,.T.);
#2475=EDGE_CURVE('',#1935,#1936,#1049,.T.);
#2476=EDGE_CURVE('',#1936,#1934,#1050,.T.);
#2477=EDGE_CURVE('',#1933,#1935,#1051,.T.);
#2478=EDGE_CURVE('',#1923,#1936,#133,.T.);
#2479=EDGE_CURVE('',#1935,#1924,#134,.T.);
#2480=EDGE_CURVE('',#1876,#1927,#1052,.T.);
#2481=EDGE_CURVE('',#1874,#1929,#1053,.T.);
#2482=EDGE_CURVE('',#1877,#1925,#1054,.T.);
#2483=EDGE_CURVE('',#1878,#1921,#1055,.T.);
#2484=EDGE_CURVE('',#1879,#1924,#1056,.T.);
#2485=EDGE_CURVE('',#1880,#1935,#1057,.T.);
#2486=EDGE_CURVE('',#1881,#1933,#1058,.T.);
#2487=EDGE_CURVE('',#1875,#1931,#1059,.T.);
#2488=EDGE_CURVE('',#1937,#1896,#1060,.T.);
#2489=EDGE_CURVE('',#1937,#1938,#1061,.T.);
#2490=EDGE_CURVE('',#1938,#1939,#1062,.F.);
#2491=EDGE_CURVE('',#1897,#1939,#1063,.T.);
#2492=EDGE_CURVE('',#1940,#1937,#1064,.T.);
#2493=EDGE_CURVE('',#1940,#1902,#1065,.T.);
#2494=EDGE_CURVE('',#1941,#1940,#1066,.T.);
#2495=EDGE_CURVE('',#1941,#1901,#1067,.T.);
#2496=EDGE_CURVE('',#1942,#1941,#1068,.T.);
#2497=EDGE_CURVE('',#1900,#1943,#1069,.F.);
#2498=EDGE_CURVE('',#1942,#1943,#1070,.T.);
#2499=EDGE_CURVE('',#1944,#1945,#1071,.T.);
#2500=EDGE_CURVE('',#1944,#1939,#1072,.T.);
#2501=EDGE_CURVE('',#1938,#1945,#1073,.T.);
#2502=EDGE_CURVE('',#1898,#1944,#1074,.T.);
#2503=EDGE_CURVE('',#1946,#1947,#1075,.T.);
#2504=EDGE_CURVE('',#1946,#1944,#135,.T.);
#2505=EDGE_CURVE('',#1945,#1947,#136,.T.);
#2506=EDGE_CURVE('',#1899,#1946,#1076,.T.);
#2507=EDGE_CURVE('',#1947,#1942,#1077,.T.);
#2508=EDGE_CURVE('',#1943,#1946,#1078,.F.);
#2509=EDGE_CURVE('',#1948,#1889,#1079,.T.);
#2510=EDGE_CURVE('',#1948,#1949,#1080,.T.);
#2511=EDGE_CURVE('',#1949,#1950,#1081,.F.);
#2512=EDGE_CURVE('',#1890,#1950,#1082,.T.);
#2513=EDGE_CURVE('',#1951,#1948,#1083,.T.);
#2514=EDGE_CURVE('',#1951,#1895,#1084,.T.);
#2515=EDGE_CURVE('',#1952,#1951,#1085,.T.);
#2516=EDGE_CURVE('',#1952,#1894,#1086,.T.);
#2517=EDGE_CURVE('',#1953,#1952,#1087,.T.);
#2518=EDGE_CURVE('',#1893,#1954,#1088,.F.);
#2519=EDGE_CURVE('',#1953,#1954,#1089,.T.);
#2520=EDGE_CURVE('',#1955,#1956,#1090,.T.);
#2521=EDGE_CURVE('',#1955,#1950,#1091,.T.);
#2522=EDGE_CURVE('',#1949,#1956,#1092,.T.);
#2523=EDGE_CURVE('',#1891,#1955,#1093,.T.);
#2524=EDGE_CURVE('',#1957,#1958,#1094,.T.);
#2525=EDGE_CURVE('',#1957,#1955,#137,.T.);
#2526=EDGE_CURVE('',#1956,#1958,#138,.T.);
#2527=EDGE_CURVE('',#1892,#1957,#1095,.T.);
#2528=EDGE_CURVE('',#1958,#1953,#1096,.T.);
#2529=EDGE_CURVE('',#1954,#1957,#1097,.F.);
#2530=EDGE_CURVE('',#1883,#1959,#1098,.T.);
#2531=EDGE_CURVE('',#1960,#1959,#1099,.F.);
#2532=EDGE_CURVE('',#1961,#1960,#1100,.T.);
#2533=EDGE_CURVE('',#1961,#1882,#1101,.T.);
#2534=EDGE_CURVE('',#1962,#1961,#1102,.T.);
#2535=EDGE_CURVE('',#1962,#1884,#1103,.T.);
#2536=EDGE_CURVE('',#1963,#1962,#1104,.T.);
#2537=EDGE_CURVE('',#1963,#1885,#1105,.T.);
#2538=EDGE_CURVE('',#1964,#1963,#1106,.T.);
#2539=EDGE_CURVE('',#1964,#1965,#1107,.T.);
#2540=EDGE_CURVE('',#1886,#1965,#1108,.F.);
#2541=EDGE_CURVE('',#1966,#1967,#1109,.T.);
#2542=EDGE_CURVE('',#1960,#1967,#1110,.T.);
#2543=EDGE_CURVE('',#1966,#1959,#1111,.T.);
#2544=EDGE_CURVE('',#1888,#1966,#1112,.T.);
#2545=EDGE_CURVE('',#1968,#1969,#1113,.T.);
#2546=EDGE_CURVE('',#1967,#1969,#139,.T.);
#2547=EDGE_CURVE('',#1968,#1966,#140,.T.);
#2548=EDGE_CURVE('',#1887,#1968,#1114,.T.);
#2549=EDGE_CURVE('',#1969,#1964,#1115,.T.);
#2550=EDGE_CURVE('',#1965,#1968,#1116,.F.);
#2551=ORIENTED_EDGE('',*,*,#1970,.F.);
#2552=ORIENTED_EDGE('',*,*,#1971,.F.);
#2553=ORIENTED_EDGE('',*,*,#1972,.F.);
#2554=ORIENTED_EDGE('',*,*,#1973,.T.);
#2555=ORIENTED_EDGE('',*,*,#1974,.F.);
#2556=ORIENTED_EDGE('',*,*,#1975,.T.);
#2557=ORIENTED_EDGE('',*,*,#1976,.F.);
#2558=ORIENTED_EDGE('',*,*,#1977,.F.);
#2559=ORIENTED_EDGE('',*,*,#1978,.F.);
#2560=ORIENTED_EDGE('',*,*,#1977,.T.);
#2561=ORIENTED_EDGE('',*,*,#1979,.F.);
#2562=ORIENTED_EDGE('',*,*,#1980,.T.);
#2563=ORIENTED_EDGE('',*,*,#1981,.F.);
#2564=ORIENTED_EDGE('',*,*,#1982,.T.);
#2565=ORIENTED_EDGE('',*,*,#1983,.T.);
#2566=ORIENTED_EDGE('',*,*,#1984,.T.);
#2567=ORIENTED_EDGE('',*,*,#1985,.T.);
#2568=ORIENTED_EDGE('',*,*,#1986,.T.);
#2569=ORIENTED_EDGE('',*,*,#1983,.F.);
#2570=ORIENTED_EDGE('',*,*,#1987,.T.);
#2571=ORIENTED_EDGE('',*,*,#1988,.T.);
#2572=ORIENTED_EDGE('',*,*,#1989,.T.);
#2573=ORIENTED_EDGE('',*,*,#1990,.F.);
#2574=ORIENTED_EDGE('',*,*,#1991,.F.);
#2575=ORIENTED_EDGE('',*,*,#1992,.F.);
#2576=ORIENTED_EDGE('',*,*,#1993,.F.);
#2577=ORIENTED_EDGE('',*,*,#1994,.T.);
#2578=ORIENTED_EDGE('',*,*,#1995,.T.);
#2579=ORIENTED_EDGE('',*,*,#1996,.F.);
#2580=ORIENTED_EDGE('',*,*,#1997,.F.);
#2581=ORIENTED_EDGE('',*,*,#1998,.T.);
#2582=ORIENTED_EDGE('',*,*,#1999,.T.);
#2583=ORIENTED_EDGE('',*,*,#2000,.F.);
#2584=ORIENTED_EDGE('',*,*,#2001,.F.);
#2585=ORIENTED_EDGE('',*,*,#2002,.T.);
#2586=ORIENTED_EDGE('',*,*,#2003,.T.);
#2587=ORIENTED_EDGE('',*,*,#2004,.F.);
#2588=ORIENTED_EDGE('',*,*,#1995,.F.);
#2589=ORIENTED_EDGE('',*,*,#2005,.T.);
#2590=ORIENTED_EDGE('',*,*,#2006,.T.);
#2591=ORIENTED_EDGE('',*,*,#2007,.F.);
#2592=ORIENTED_EDGE('',*,*,#1999,.F.);
#2593=ORIENTED_EDGE('',*,*,#2008,.T.);
#2594=ORIENTED_EDGE('',*,*,#2009,.F.);
#2595=ORIENTED_EDGE('',*,*,#2010,.T.);
#2596=ORIENTED_EDGE('',*,*,#2011,.F.);
#2597=ORIENTED_EDGE('',*,*,#2012,.T.);
#2598=ORIENTED_EDGE('',*,*,#2013,.T.);
#2599=ORIENTED_EDGE('',*,*,#2014,.F.);
#2600=ORIENTED_EDGE('',*,*,#2006,.F.);
#2601=ORIENTED_EDGE('',*,*,#2015,.T.);
#2602=ORIENTED_EDGE('',*,*,#2016,.F.);
#2603=ORIENTED_EDGE('',*,*,#2017,.T.);
#2604=ORIENTED_EDGE('',*,*,#2009,.T.);
#2605=ORIENTED_EDGE('',*,*,#2018,.T.);
#2606=ORIENTED_EDGE('',*,*,#2019,.T.);
#2607=ORIENTED_EDGE('',*,*,#2020,.T.);
#2608=ORIENTED_EDGE('',*,*,#2016,.T.);
#2609=ORIENTED_EDGE('',*,*,#2021,.F.);
#2610=ORIENTED_EDGE('',*,*,#2022,.T.);
#2611=ORIENTED_EDGE('',*,*,#2023,.T.);
#2612=ORIENTED_EDGE('',*,*,#2024,.T.);
#2613=ORIENTED_EDGE('',*,*,#1993,.T.);
#2614=ORIENTED_EDGE('',*,*,#2025,.F.);
#2615=ORIENTED_EDGE('',*,*,#2026,.T.);
#2616=ORIENTED_EDGE('',*,*,#2027,.T.);
#2617=ORIENTED_EDGE('',*,*,#2028,.F.);
#2618=ORIENTED_EDGE('',*,*,#2029,.F.);
#2619=ORIENTED_EDGE('',*,*,#2030,.T.);
#2620=ORIENTED_EDGE('',*,*,#2031,.T.);
#2621=ORIENTED_EDGE('',*,*,#2023,.F.);
#2622=ORIENTED_EDGE('',*,*,#2032,.T.);
#2623=ORIENTED_EDGE('',*,*,#2030,.F.);
#2624=ORIENTED_EDGE('',*,*,#2033,.T.);
#2625=ORIENTED_EDGE('',*,*,#2034,.T.);
#2626=ORIENTED_EDGE('',*,*,#2035,.T.);
#2627=ORIENTED_EDGE('',*,*,#2036,.T.);
#2628=ORIENTED_EDGE('',*,*,#2037,.T.);
#2629=ORIENTED_EDGE('',*,*,#2034,.F.);
#2630=ORIENTED_EDGE('',*,*,#2038,.T.);
#2631=ORIENTED_EDGE('',*,*,#2021,.T.);
#2632=ORIENTED_EDGE('',*,*,#2039,.T.);
#2633=ORIENTED_EDGE('',*,*,#2040,.F.);
#2634=ORIENTED_EDGE('',*,*,#2041,.T.);
#2635=ORIENTED_EDGE('',*,*,#2042,.T.);
#2636=ORIENTED_EDGE('',*,*,#2043,.T.);
#2637=ORIENTED_EDGE('',*,*,#2044,.F.);
#2638=ORIENTED_EDGE('',*,*,#2045,.F.);
#2639=ORIENTED_EDGE('',*,*,#2046,.T.);
#2640=ORIENTED_EDGE('',*,*,#2047,.T.);
#2641=ORIENTED_EDGE('',*,*,#2048,.F.);
#2642=ORIENTED_EDGE('',*,*,#2043,.F.);
#2643=ORIENTED_EDGE('',*,*,#2049,.T.);
#2644=ORIENTED_EDGE('',*,*,#2050,.T.);
#2645=ORIENTED_EDGE('',*,*,#2051,.F.);
#2646=ORIENTED_EDGE('',*,*,#2047,.F.);
#2647=ORIENTED_EDGE('',*,*,#2052,.F.);
#2648=ORIENTED_EDGE('',*,*,#2053,.F.);
#2649=ORIENTED_EDGE('',*,*,#2051,.T.);
#2650=ORIENTED_EDGE('',*,*,#2054,.F.);
#2651=ORIENTED_EDGE('',*,*,#2055,.T.);
#2652=ORIENTED_EDGE('',*,*,#2056,.T.);
#2653=ORIENTED_EDGE('',*,*,#2057,.T.);
#2654=ORIENTED_EDGE('',*,*,#2058,.T.);
#2655=ORIENTED_EDGE('',*,*,#2059,.T.);
#2656=ORIENTED_EDGE('',*,*,#2060,.F.);
#2657=ORIENTED_EDGE('',*,*,#2054,.T.);
#2658=ORIENTED_EDGE('',*,*,#2050,.F.);
#2659=ORIENTED_EDGE('',*,*,#1984,.F.);
#2660=ORIENTED_EDGE('',*,*,#1989,.F.);
#2661=ORIENTED_EDGE('',*,*,#2061,.F.);
#2662=ORIENTED_EDGE('',*,*,#2062,.F.);
#2663=ORIENTED_EDGE('',*,*,#2063,.T.);
#2664=ORIENTED_EDGE('',*,*,#2064,.F.);
#2665=ORIENTED_EDGE('',*,*,#2065,.F.);
#2666=ORIENTED_EDGE('',*,*,#2063,.F.);
#2667=ORIENTED_EDGE('',*,*,#2066,.F.);
#2668=ORIENTED_EDGE('',*,*,#1985,.F.);
#2669=ORIENTED_EDGE('',*,*,#2064,.T.);
#2670=ORIENTED_EDGE('',*,*,#2065,.T.);
#2671=ORIENTED_EDGE('',*,*,#2067,.F.);
#2672=ORIENTED_EDGE('',*,*,#2068,.T.);
#2673=ORIENTED_EDGE('',*,*,#2069,.F.);
#2674=ORIENTED_EDGE('',*,*,#1986,.F.);
#2675=ORIENTED_EDGE('',*,*,#2068,.F.);
#2676=ORIENTED_EDGE('',*,*,#2070,.F.);
#2677=ORIENTED_EDGE('',*,*,#1978,.T.);
#2678=ORIENTED_EDGE('',*,*,#2069,.T.);
#2679=ORIENTED_EDGE('',*,*,#2071,.F.);
#2680=ORIENTED_EDGE('',*,*,#2072,.T.);
#2681=ORIENTED_EDGE('',*,*,#1974,.T.);
#2682=ORIENTED_EDGE('',*,*,#2072,.F.);
#2683=ORIENTED_EDGE('',*,*,#2073,.F.);
#2684=ORIENTED_EDGE('',*,*,#2074,.F.);
#2685=ORIENTED_EDGE('',*,*,#1975,.F.);
#2686=ORIENTED_EDGE('',*,*,#1976,.T.);
#2687=ORIENTED_EDGE('',*,*,#2074,.T.);
#2688=ORIENTED_EDGE('',*,*,#2075,.F.);
#2689=ORIENTED_EDGE('',*,*,#2076,.T.);
#2690=ORIENTED_EDGE('',*,*,#1979,.T.);
#2691=ORIENTED_EDGE('',*,*,#2076,.F.);
#2692=ORIENTED_EDGE('',*,*,#2077,.F.);
#2693=ORIENTED_EDGE('',*,*,#2078,.F.);
#2694=ORIENTED_EDGE('',*,*,#1980,.F.);
#2695=ORIENTED_EDGE('',*,*,#1981,.T.);
#2696=ORIENTED_EDGE('',*,*,#2078,.T.);
#2697=ORIENTED_EDGE('',*,*,#2079,.F.);
#2698=ORIENTED_EDGE('',*,*,#2080,.T.);
#2699=ORIENTED_EDGE('',*,*,#2081,.T.);
#2700=ORIENTED_EDGE('',*,*,#2080,.F.);
#2701=ORIENTED_EDGE('',*,*,#2082,.F.);
#2702=ORIENTED_EDGE('',*,*,#2083,.T.);
#2703=ORIENTED_EDGE('',*,*,#1982,.F.);
#2704=ORIENTED_EDGE('',*,*,#2081,.F.);
#2705=ORIENTED_EDGE('',*,*,#2083,.F.);
#2706=ORIENTED_EDGE('',*,*,#2084,.F.);
#2707=ORIENTED_EDGE('',*,*,#2085,.T.);
#2708=ORIENTED_EDGE('',*,*,#1987,.F.);
#2709=ORIENTED_EDGE('',*,*,#1988,.F.);
#2710=ORIENTED_EDGE('',*,*,#2085,.F.);
#2711=ORIENTED_EDGE('',*,*,#2086,.F.);
#2712=ORIENTED_EDGE('',*,*,#2061,.T.);
#2713=ORIENTED_EDGE('',*,*,#2087,.F.);
#2714=ORIENTED_EDGE('',*,*,#2088,.F.);
#2715=ORIENTED_EDGE('',*,*,#2048,.T.);
#2716=ORIENTED_EDGE('',*,*,#2053,.T.);
#2717=ORIENTED_EDGE('',*,*,#2089,.T.);
#2718=ORIENTED_EDGE('',*,*,#2090,.F.);
#2719=ORIENTED_EDGE('',*,*,#2091,.T.);
#2720=ORIENTED_EDGE('',*,*,#2019,.F.);
#2721=ORIENTED_EDGE('',*,*,#2092,.F.);
#2722=ORIENTED_EDGE('',*,*,#2093,.T.);
#2723=ORIENTED_EDGE('',*,*,#2020,.F.);
#2724=ORIENTED_EDGE('',*,*,#2091,.F.);
#2725=ORIENTED_EDGE('',*,*,#2094,.F.);
#2726=ORIENTED_EDGE('',*,*,#2095,.T.);
#2727=ORIENTED_EDGE('',*,*,#2044,.T.);
#2728=ORIENTED_EDGE('',*,*,#2088,.T.);
#2729=ORIENTED_EDGE('',*,*,#2096,.T.);
#2730=ORIENTED_EDGE('',*,*,#2045,.T.);
#2731=ORIENTED_EDGE('',*,*,#2095,.F.);
#2732=ORIENTED_EDGE('',*,*,#2097,.F.);
#2733=ORIENTED_EDGE('',*,*,#2098,.T.);
#2734=ORIENTED_EDGE('',*,*,#2099,.T.);
#2735=ORIENTED_EDGE('',*,*,#2100,.T.);
#2736=ORIENTED_EDGE('',*,*,#2101,.T.);
#2737=ORIENTED_EDGE('',*,*,#2099,.F.);
#2738=ORIENTED_EDGE('',*,*,#2102,.F.);
#2739=ORIENTED_EDGE('',*,*,#2103,.F.);
#2740=ORIENTED_EDGE('',*,*,#2104,.F.);
#2741=ORIENTED_EDGE('',*,*,#2105,.T.);
#2742=ORIENTED_EDGE('',*,*,#2106,.T.);
#2743=ORIENTED_EDGE('',*,*,#2107,.T.);
#2744=ORIENTED_EDGE('',*,*,#2103,.T.);
#2745=ORIENTED_EDGE('',*,*,#2108,.F.);
#2746=ORIENTED_EDGE('',*,*,#2109,.T.);
#2747=ORIENTED_EDGE('',*,*,#2017,.F.);
#2748=ORIENTED_EDGE('',*,*,#2093,.F.);
#2749=ORIENTED_EDGE('',*,*,#2110,.T.);
#2750=ORIENTED_EDGE('',*,*,#2111,.T.);
#2751=ORIENTED_EDGE('',*,*,#2112,.F.);
#2752=ORIENTED_EDGE('',*,*,#2113,.F.);
#2753=ORIENTED_EDGE('',*,*,#2114,.T.);
#2754=ORIENTED_EDGE('',*,*,#2115,.T.);
#2755=ORIENTED_EDGE('',*,*,#2116,.F.);
#2756=ORIENTED_EDGE('',*,*,#2111,.F.);
#2757=ORIENTED_EDGE('',*,*,#2117,.F.);
#2758=ORIENTED_EDGE('',*,*,#2118,.T.);
#2759=ORIENTED_EDGE('',*,*,#2119,.F.);
#2760=ORIENTED_EDGE('',*,*,#2115,.F.);
#2761=ORIENTED_EDGE('',*,*,#2025,.T.);
#2762=ORIENTED_EDGE('',*,*,#1992,.T.);
#2763=ORIENTED_EDGE('',*,*,#2120,.F.);
#2764=ORIENTED_EDGE('',*,*,#2121,.F.);
#2765=ORIENTED_EDGE('',*,*,#2122,.T.);
#2766=ORIENTED_EDGE('',*,*,#2123,.T.);
#2767=ORIENTED_EDGE('',*,*,#2124,.F.);
#2768=ORIENTED_EDGE('',*,*,#2125,.F.);
#2769=ORIENTED_EDGE('',*,*,#2122,.F.);
#2770=ORIENTED_EDGE('',*,*,#2126,.F.);
#2771=ORIENTED_EDGE('',*,*,#2127,.T.);
#2772=ORIENTED_EDGE('',*,*,#2026,.F.);
#2773=ORIENTED_EDGE('',*,*,#2123,.F.);
#2774=ORIENTED_EDGE('',*,*,#2125,.T.);
#2775=ORIENTED_EDGE('',*,*,#2128,.F.);
#2776=ORIENTED_EDGE('',*,*,#2129,.F.);
#2777=ORIENTED_EDGE('',*,*,#2130,.T.);
#2778=ORIENTED_EDGE('',*,*,#2131,.F.);
#2779=ORIENTED_EDGE('',*,*,#2132,.T.);
#2780=ORIENTED_EDGE('',*,*,#2133,.T.);
#2781=ORIENTED_EDGE('',*,*,#2134,.F.);
#2782=ORIENTED_EDGE('',*,*,#2028,.T.);
#2783=ORIENTED_EDGE('',*,*,#2134,.T.);
#2784=ORIENTED_EDGE('',*,*,#2135,.T.);
#2785=ORIENTED_EDGE('',*,*,#2136,.F.);
#2786=ORIENTED_EDGE('',*,*,#2137,.F.);
#2787=ORIENTED_EDGE('',*,*,#1990,.T.);
#2788=ORIENTED_EDGE('',*,*,#2029,.T.);
#2789=ORIENTED_EDGE('',*,*,#2138,.F.);
#2790=ORIENTED_EDGE('',*,*,#2139,.F.);
#2791=ORIENTED_EDGE('',*,*,#2135,.F.);
#2792=ORIENTED_EDGE('',*,*,#2133,.F.);
#2793=ORIENTED_EDGE('',*,*,#2140,.T.);
#2794=ORIENTED_EDGE('',*,*,#2141,.F.);
#2795=ORIENTED_EDGE('',*,*,#2120,.T.);
#2796=ORIENTED_EDGE('',*,*,#1991,.T.);
#2797=ORIENTED_EDGE('',*,*,#2137,.T.);
#2798=ORIENTED_EDGE('',*,*,#2142,.T.);
#2799=ORIENTED_EDGE('',*,*,#2143,.F.);
#2800=ORIENTED_EDGE('',*,*,#2144,.F.);
#2801=ORIENTED_EDGE('',*,*,#2118,.F.);
#2802=ORIENTED_EDGE('',*,*,#2145,.T.);
#2803=ORIENTED_EDGE('',*,*,#2146,.F.);
#2804=ORIENTED_EDGE('',*,*,#2147,.T.);
#2805=ORIENTED_EDGE('',*,*,#2010,.F.);
#2806=ORIENTED_EDGE('',*,*,#2109,.F.);
#2807=ORIENTED_EDGE('',*,*,#2148,.T.);
#2808=ORIENTED_EDGE('',*,*,#2011,.T.);
#2809=ORIENTED_EDGE('',*,*,#2147,.F.);
#2810=ORIENTED_EDGE('',*,*,#2149,.F.);
#2811=ORIENTED_EDGE('',*,*,#2150,.T.);
#2812=ORIENTED_EDGE('',*,*,#2151,.F.);
#2813=ORIENTED_EDGE('',*,*,#2152,.T.);
#2814=ORIENTED_EDGE('',*,*,#2013,.F.);
#2815=ORIENTED_EDGE('',*,*,#2153,.F.);
#2816=ORIENTED_EDGE('',*,*,#2154,.F.);
#2817=ORIENTED_EDGE('',*,*,#2014,.T.);
#2818=ORIENTED_EDGE('',*,*,#2152,.F.);
#2819=ORIENTED_EDGE('',*,*,#2155,.F.);
#2820=ORIENTED_EDGE('',*,*,#2156,.F.);
#2821=ORIENTED_EDGE('',*,*,#2007,.T.);
#2822=ORIENTED_EDGE('',*,*,#2154,.T.);
#2823=ORIENTED_EDGE('',*,*,#2157,.F.);
#2824=ORIENTED_EDGE('',*,*,#2158,.F.);
#2825=ORIENTED_EDGE('',*,*,#2159,.F.);
#2826=ORIENTED_EDGE('',*,*,#2160,.T.);
#2827=ORIENTED_EDGE('',*,*,#2161,.F.);
#2828=ORIENTED_EDGE('',*,*,#2160,.F.);
#2829=ORIENTED_EDGE('',*,*,#2162,.F.);
#2830=ORIENTED_EDGE('',*,*,#2163,.T.);
#2831=ORIENTED_EDGE('',*,*,#2164,.F.);
#2832=ORIENTED_EDGE('',*,*,#2163,.F.);
#2833=ORIENTED_EDGE('',*,*,#2165,.F.);
#2834=ORIENTED_EDGE('',*,*,#2166,.T.);
#2835=ORIENTED_EDGE('',*,*,#2167,.F.);
#2836=ORIENTED_EDGE('',*,*,#2166,.F.);
#2837=ORIENTED_EDGE('',*,*,#2168,.F.);
#2838=ORIENTED_EDGE('',*,*,#2158,.T.);
#2839=ORIENTED_EDGE('',*,*,#2169,.F.);
#2840=ORIENTED_EDGE('',*,*,#2170,.F.);
#2841=ORIENTED_EDGE('',*,*,#2004,.T.);
#2842=ORIENTED_EDGE('',*,*,#2171,.F.);
#2843=ORIENTED_EDGE('',*,*,#2172,.F.);
#2844=ORIENTED_EDGE('',*,*,#2173,.T.);
#2845=ORIENTED_EDGE('',*,*,#2000,.T.);
#2846=ORIENTED_EDGE('',*,*,#2156,.T.);
#2847=ORIENTED_EDGE('',*,*,#2174,.T.);
#2848=ORIENTED_EDGE('',*,*,#2001,.T.);
#2849=ORIENTED_EDGE('',*,*,#2173,.F.);
#2850=ORIENTED_EDGE('',*,*,#2175,.F.);
#2851=ORIENTED_EDGE('',*,*,#2176,.T.);
#2852=ORIENTED_EDGE('',*,*,#2177,.F.);
#2853=ORIENTED_EDGE('',*,*,#2171,.T.);
#2854=ORIENTED_EDGE('',*,*,#2003,.F.);
#2855=ORIENTED_EDGE('',*,*,#2178,.F.);
#2856=ORIENTED_EDGE('',*,*,#2179,.F.);
#2857=ORIENTED_EDGE('',*,*,#1996,.T.);
#2858=ORIENTED_EDGE('',*,*,#2170,.T.);
#2859=ORIENTED_EDGE('',*,*,#2180,.F.);
#2860=ORIENTED_EDGE('',*,*,#2181,.T.);
#2861=ORIENTED_EDGE('',*,*,#2182,.T.);
#2862=ORIENTED_EDGE('',*,*,#2179,.T.);
#2863=ORIENTED_EDGE('',*,*,#2036,.F.);
#2864=ORIENTED_EDGE('',*,*,#2183,.T.);
#2865=ORIENTED_EDGE('',*,*,#2184,.F.);
#2866=ORIENTED_EDGE('',*,*,#2185,.T.);
#2867=ORIENTED_EDGE('',*,*,#2186,.F.);
#2868=ORIENTED_EDGE('',*,*,#2187,.F.);
#2869=ORIENTED_EDGE('',*,*,#2039,.F.);
#2870=ORIENTED_EDGE('',*,*,#2024,.F.);
#2871=ORIENTED_EDGE('',*,*,#2031,.F.);
#2872=ORIENTED_EDGE('',*,*,#2035,.F.);
#2873=ORIENTED_EDGE('',*,*,#2037,.F.);
#2874=ORIENTED_EDGE('',*,*,#2185,.F.);
#2875=ORIENTED_EDGE('',*,*,#2188,.F.);
#2876=ORIENTED_EDGE('',*,*,#2189,.T.);
#2877=ORIENTED_EDGE('',*,*,#2040,.T.);
#2878=ORIENTED_EDGE('',*,*,#2187,.T.);
#2879=ORIENTED_EDGE('',*,*,#2190,.F.);
#2880=ORIENTED_EDGE('',*,*,#2191,.F.);
#2881=ORIENTED_EDGE('',*,*,#2192,.F.);
#2882=ORIENTED_EDGE('',*,*,#2193,.T.);
#2883=ORIENTED_EDGE('',*,*,#2194,.F.);
#2884=ORIENTED_EDGE('',*,*,#2195,.F.);
#2885=ORIENTED_EDGE('',*,*,#2196,.F.);
#2886=ORIENTED_EDGE('',*,*,#2191,.T.);
#2887=ORIENTED_EDGE('',*,*,#2197,.F.);
#2888=ORIENTED_EDGE('',*,*,#2198,.F.);
#2889=ORIENTED_EDGE('',*,*,#2199,.F.);
#2890=ORIENTED_EDGE('',*,*,#2195,.T.);
#2891=ORIENTED_EDGE('',*,*,#2200,.F.);
#2892=ORIENTED_EDGE('',*,*,#2193,.F.);
#2893=ORIENTED_EDGE('',*,*,#2201,.F.);
#2894=ORIENTED_EDGE('',*,*,#2198,.T.);
#2895=ORIENTED_EDGE('',*,*,#2202,.F.);
#2896=ORIENTED_EDGE('',*,*,#2203,.F.);
#2897=ORIENTED_EDGE('',*,*,#2204,.T.);
#2898=ORIENTED_EDGE('',*,*,#2181,.F.);
#2899=ORIENTED_EDGE('',*,*,#2205,.T.);
#2900=ORIENTED_EDGE('',*,*,#2206,.T.);
#2901=ORIENTED_EDGE('',*,*,#1997,.T.);
#2902=ORIENTED_EDGE('',*,*,#2182,.F.);
#2903=ORIENTED_EDGE('',*,*,#2204,.F.);
#2904=ORIENTED_EDGE('',*,*,#2207,.F.);
#2905=ORIENTED_EDGE('',*,*,#2205,.F.);
#2906=ORIENTED_EDGE('',*,*,#2208,.T.);
#2907=ORIENTED_EDGE('',*,*,#2209,.F.);
#2908=ORIENTED_EDGE('',*,*,#2206,.F.);
#2909=ORIENTED_EDGE('',*,*,#2209,.T.);
#2910=ORIENTED_EDGE('',*,*,#2210,.T.);
#2911=ORIENTED_EDGE('',*,*,#2211,.T.);
#2912=ORIENTED_EDGE('',*,*,#1994,.F.);
#2913=ORIENTED_EDGE('',*,*,#2211,.F.);
#2914=ORIENTED_EDGE('',*,*,#2212,.T.);
#2915=ORIENTED_EDGE('',*,*,#2213,.T.);
#2916=ORIENTED_EDGE('',*,*,#2176,.F.);
#2917=ORIENTED_EDGE('',*,*,#2002,.F.);
#2918=ORIENTED_EDGE('',*,*,#2213,.F.);
#2919=ORIENTED_EDGE('',*,*,#2214,.T.);
#2920=ORIENTED_EDGE('',*,*,#2215,.T.);
#2921=ORIENTED_EDGE('',*,*,#1998,.F.);
#2922=ORIENTED_EDGE('',*,*,#2174,.F.);
#2923=ORIENTED_EDGE('',*,*,#2216,.T.);
#2924=ORIENTED_EDGE('',*,*,#2005,.F.);
#2925=ORIENTED_EDGE('',*,*,#2215,.F.);
#2926=ORIENTED_EDGE('',*,*,#2217,.T.);
#2927=ORIENTED_EDGE('',*,*,#2218,.T.);
#2928=ORIENTED_EDGE('',*,*,#2012,.F.);
#2929=ORIENTED_EDGE('',*,*,#2218,.F.);
#2930=ORIENTED_EDGE('',*,*,#2219,.T.);
#2931=ORIENTED_EDGE('',*,*,#2220,.T.);
#2932=ORIENTED_EDGE('',*,*,#2008,.F.);
#2933=ORIENTED_EDGE('',*,*,#2148,.F.);
#2934=ORIENTED_EDGE('',*,*,#2221,.T.);
#2935=ORIENTED_EDGE('',*,*,#2150,.F.);
#2936=ORIENTED_EDGE('',*,*,#2015,.F.);
#2937=ORIENTED_EDGE('',*,*,#2220,.F.);
#2938=ORIENTED_EDGE('',*,*,#2222,.T.);
#2939=ORIENTED_EDGE('',*,*,#2223,.T.);
#2940=ORIENTED_EDGE('',*,*,#2224,.T.);
#2941=ORIENTED_EDGE('',*,*,#2225,.T.);
#2942=ORIENTED_EDGE('',*,*,#2089,.F.);
#2943=ORIENTED_EDGE('',*,*,#2018,.F.);
#2944=ORIENTED_EDGE('',*,*,#2223,.F.);
#2945=ORIENTED_EDGE('',*,*,#2226,.T.);
#2946=ORIENTED_EDGE('',*,*,#2106,.F.);
#2947=ORIENTED_EDGE('',*,*,#2227,.F.);
#2948=ORIENTED_EDGE('',*,*,#2224,.F.);
#2949=ORIENTED_EDGE('',*,*,#2228,.F.);
#2950=ORIENTED_EDGE('',*,*,#2229,.F.);
#2951=ORIENTED_EDGE('',*,*,#2230,.T.);
#2952=ORIENTED_EDGE('',*,*,#2231,.T.);
#2953=ORIENTED_EDGE('',*,*,#2022,.F.);
#2954=ORIENTED_EDGE('',*,*,#2232,.T.);
#2955=ORIENTED_EDGE('',*,*,#2233,.T.);
#2956=ORIENTED_EDGE('',*,*,#2234,.F.);
#2957=ORIENTED_EDGE('',*,*,#2032,.F.);
#2958=ORIENTED_EDGE('',*,*,#2231,.F.);
#2959=ORIENTED_EDGE('',*,*,#2027,.F.);
#2960=ORIENTED_EDGE('',*,*,#2127,.F.);
#2961=ORIENTED_EDGE('',*,*,#2235,.F.);
#2962=ORIENTED_EDGE('',*,*,#2130,.F.);
#2963=ORIENTED_EDGE('',*,*,#2236,.T.);
#2964=ORIENTED_EDGE('',*,*,#2237,.T.);
#2965=ORIENTED_EDGE('',*,*,#2033,.F.);
#2966=ORIENTED_EDGE('',*,*,#2234,.T.);
#2967=ORIENTED_EDGE('',*,*,#2238,.T.);
#2968=ORIENTED_EDGE('',*,*,#2239,.F.);
#2969=ORIENTED_EDGE('',*,*,#2038,.F.);
#2970=ORIENTED_EDGE('',*,*,#2237,.F.);
#2971=ORIENTED_EDGE('',*,*,#2167,.T.);
#2972=ORIENTED_EDGE('',*,*,#2157,.T.);
#2973=ORIENTED_EDGE('',*,*,#2161,.T.);
#2974=ORIENTED_EDGE('',*,*,#2164,.T.);
#2975=ORIENTED_EDGE('',*,*,#2229,.T.);
#2976=ORIENTED_EDGE('',*,*,#2240,.T.);
#2977=ORIENTED_EDGE('',*,*,#2232,.F.);
#2978=ORIENTED_EDGE('',*,*,#2041,.F.);
#2979=ORIENTED_EDGE('',*,*,#2241,.F.);
#2980=ORIENTED_EDGE('',*,*,#2242,.T.);
#2981=ORIENTED_EDGE('',*,*,#2243,.T.);
#2982=ORIENTED_EDGE('',*,*,#2100,.F.);
#2983=ORIENTED_EDGE('',*,*,#2104,.T.);
#2984=ORIENTED_EDGE('',*,*,#2107,.F.);
#2985=ORIENTED_EDGE('',*,*,#2101,.F.);
#2986=ORIENTED_EDGE('',*,*,#2243,.F.);
#2987=ORIENTED_EDGE('',*,*,#2244,.F.);
#2988=ORIENTED_EDGE('',*,*,#2245,.F.);
#2989=ORIENTED_EDGE('',*,*,#2246,.F.);
#2990=ORIENTED_EDGE('',*,*,#2245,.T.);
#2991=ORIENTED_EDGE('',*,*,#2247,.T.);
#2992=ORIENTED_EDGE('',*,*,#2248,.T.);
#2993=ORIENTED_EDGE('',*,*,#2042,.F.);
#2994=ORIENTED_EDGE('',*,*,#2096,.F.);
#2995=ORIENTED_EDGE('',*,*,#2249,.T.);
#2996=ORIENTED_EDGE('',*,*,#2046,.F.);
#2997=ORIENTED_EDGE('',*,*,#2248,.F.);
#2998=ORIENTED_EDGE('',*,*,#2250,.T.);
#2999=ORIENTED_EDGE('',*,*,#2251,.T.);
#3000=ORIENTED_EDGE('',*,*,#2049,.F.);
#3001=ORIENTED_EDGE('',*,*,#2251,.F.);
#3002=ORIENTED_EDGE('',*,*,#2252,.T.);
#3003=ORIENTED_EDGE('',*,*,#2253,.T.);
#3004=ORIENTED_EDGE('',*,*,#2254,.T.);
#3005=ORIENTED_EDGE('',*,*,#2059,.F.);
#3006=ORIENTED_EDGE('',*,*,#2255,.T.);
#3007=ORIENTED_EDGE('',*,*,#2058,.F.);
#3008=ORIENTED_EDGE('',*,*,#2256,.F.);
#3009=ORIENTED_EDGE('',*,*,#2257,.T.);
#3010=ORIENTED_EDGE('',*,*,#2258,.F.);
#3011=ORIENTED_EDGE('',*,*,#2259,.F.);
#3012=ORIENTED_EDGE('',*,*,#2055,.F.);
#3013=ORIENTED_EDGE('',*,*,#2255,.F.);
#3014=ORIENTED_EDGE('',*,*,#2259,.T.);
#3015=ORIENTED_EDGE('',*,*,#2260,.T.);
#3016=ORIENTED_EDGE('',*,*,#2261,.T.);
#3017=ORIENTED_EDGE('',*,*,#2056,.F.);
#3018=ORIENTED_EDGE('',*,*,#2060,.T.);
#3019=ORIENTED_EDGE('',*,*,#2254,.F.);
#3020=ORIENTED_EDGE('',*,*,#2262,.T.);
#3021=ORIENTED_EDGE('',*,*,#2263,.F.);
#3022=ORIENTED_EDGE('',*,*,#2264,.F.);
#3023=ORIENTED_EDGE('',*,*,#2256,.T.);
#3024=ORIENTED_EDGE('',*,*,#2057,.F.);
#3025=ORIENTED_EDGE('',*,*,#2261,.F.);
#3026=ORIENTED_EDGE('',*,*,#2265,.F.);
#3027=ORIENTED_EDGE('',*,*,#2266,.F.);
#3028=ORIENTED_EDGE('',*,*,#2052,.T.);
#3029=ORIENTED_EDGE('',*,*,#2086,.T.);
#3030=ORIENTED_EDGE('',*,*,#2084,.T.);
#3031=ORIENTED_EDGE('',*,*,#2082,.T.);
#3032=ORIENTED_EDGE('',*,*,#2079,.T.);
#3033=ORIENTED_EDGE('',*,*,#2077,.T.);
#3034=ORIENTED_EDGE('',*,*,#2075,.T.);
#3035=ORIENTED_EDGE('',*,*,#2073,.T.);
#3036=ORIENTED_EDGE('',*,*,#2071,.T.);
#3037=ORIENTED_EDGE('',*,*,#2070,.T.);
#3038=ORIENTED_EDGE('',*,*,#2067,.T.);
#3039=ORIENTED_EDGE('',*,*,#2066,.T.);
#3040=ORIENTED_EDGE('',*,*,#2062,.T.);
#3041=ORIENTED_EDGE('',*,*,#2199,.T.);
#3042=ORIENTED_EDGE('',*,*,#2201,.T.);
#3043=ORIENTED_EDGE('',*,*,#2192,.T.);
#3044=ORIENTED_EDGE('',*,*,#2196,.T.);
#3045=ORIENTED_EDGE('',*,*,#2087,.T.);
#3046=ORIENTED_EDGE('',*,*,#2266,.T.);
#3047=ORIENTED_EDGE('',*,*,#2267,.F.);
#3048=ORIENTED_EDGE('',*,*,#2268,.T.);
#3049=ORIENTED_EDGE('',*,*,#2227,.T.);
#3050=ORIENTED_EDGE('',*,*,#2105,.F.);
#3051=ORIENTED_EDGE('',*,*,#2102,.T.);
#3052=ORIENTED_EDGE('',*,*,#2098,.F.);
#3053=ORIENTED_EDGE('',*,*,#2246,.T.);
#3054=ORIENTED_EDGE('',*,*,#2249,.F.);
#3055=ORIENTED_EDGE('',*,*,#2097,.T.);
#3056=ORIENTED_EDGE('',*,*,#2094,.T.);
#3057=ORIENTED_EDGE('',*,*,#2268,.F.);
#3058=ORIENTED_EDGE('',*,*,#2269,.F.);
#3059=ORIENTED_EDGE('',*,*,#2270,.F.);
#3060=ORIENTED_EDGE('',*,*,#2092,.T.);
#3061=ORIENTED_EDGE('',*,*,#2090,.T.);
#3062=ORIENTED_EDGE('',*,*,#2225,.F.);
#3063=ORIENTED_EDGE('',*,*,#2108,.T.);
#3064=ORIENTED_EDGE('',*,*,#2270,.T.);
#3065=ORIENTED_EDGE('',*,*,#2271,.F.);
#3066=ORIENTED_EDGE('',*,*,#2272,.T.);
#3067=ORIENTED_EDGE('',*,*,#2273,.F.);
#3068=ORIENTED_EDGE('',*,*,#2274,.F.);
#3069=ORIENTED_EDGE('',*,*,#2275,.T.);
#3070=ORIENTED_EDGE('',*,*,#2112,.T.);
#3071=ORIENTED_EDGE('',*,*,#2116,.T.);
#3072=ORIENTED_EDGE('',*,*,#2119,.T.);
#3073=ORIENTED_EDGE('',*,*,#2144,.T.);
#3074=ORIENTED_EDGE('',*,*,#2276,.T.);
#3075=ORIENTED_EDGE('',*,*,#2113,.T.);
#3076=ORIENTED_EDGE('',*,*,#2275,.F.);
#3077=ORIENTED_EDGE('',*,*,#2277,.F.);
#3078=ORIENTED_EDGE('',*,*,#2278,.F.);
#3079=ORIENTED_EDGE('',*,*,#2145,.F.);
#3080=ORIENTED_EDGE('',*,*,#2117,.T.);
#3081=ORIENTED_EDGE('',*,*,#2114,.F.);
#3082=ORIENTED_EDGE('',*,*,#2110,.F.);
#3083=ORIENTED_EDGE('',*,*,#2276,.F.);
#3084=ORIENTED_EDGE('',*,*,#2279,.F.);
#3085=ORIENTED_EDGE('',*,*,#2280,.T.);
#3086=ORIENTED_EDGE('',*,*,#2281,.T.);
#3087=ORIENTED_EDGE('',*,*,#2282,.F.);
#3088=ORIENTED_EDGE('',*,*,#2126,.T.);
#3089=ORIENTED_EDGE('',*,*,#2121,.T.);
#3090=ORIENTED_EDGE('',*,*,#2141,.T.);
#3091=ORIENTED_EDGE('',*,*,#2128,.T.);
#3092=ORIENTED_EDGE('',*,*,#2124,.T.);
#3093=ORIENTED_EDGE('',*,*,#2282,.T.);
#3094=ORIENTED_EDGE('',*,*,#2283,.T.);
#3095=ORIENTED_EDGE('',*,*,#2284,.T.);
#3096=ORIENTED_EDGE('',*,*,#2235,.T.);
#3097=ORIENTED_EDGE('',*,*,#2129,.T.);
#3098=ORIENTED_EDGE('',*,*,#2284,.F.);
#3099=ORIENTED_EDGE('',*,*,#2285,.T.);
#3100=ORIENTED_EDGE('',*,*,#2286,.T.);
#3101=ORIENTED_EDGE('',*,*,#2131,.T.);
#3102=ORIENTED_EDGE('',*,*,#2286,.F.);
#3103=ORIENTED_EDGE('',*,*,#2287,.T.);
#3104=ORIENTED_EDGE('',*,*,#2288,.T.);
#3105=ORIENTED_EDGE('',*,*,#2138,.T.);
#3106=ORIENTED_EDGE('',*,*,#2132,.F.);
#3107=ORIENTED_EDGE('',*,*,#2139,.T.);
#3108=ORIENTED_EDGE('',*,*,#2288,.F.);
#3109=ORIENTED_EDGE('',*,*,#2289,.T.);
#3110=ORIENTED_EDGE('',*,*,#2290,.T.);
#3111=ORIENTED_EDGE('',*,*,#2142,.F.);
#3112=ORIENTED_EDGE('',*,*,#2136,.T.);
#3113=ORIENTED_EDGE('',*,*,#2290,.F.);
#3114=ORIENTED_EDGE('',*,*,#2291,.F.);
#3115=ORIENTED_EDGE('',*,*,#2292,.F.);
#3116=ORIENTED_EDGE('',*,*,#2153,.T.);
#3117=ORIENTED_EDGE('',*,*,#2151,.T.);
#3118=ORIENTED_EDGE('',*,*,#2221,.F.);
#3119=ORIENTED_EDGE('',*,*,#2149,.T.);
#3120=ORIENTED_EDGE('',*,*,#2146,.T.);
#3121=ORIENTED_EDGE('',*,*,#2272,.F.);
#3122=ORIENTED_EDGE('',*,*,#2293,.F.);
#3123=ORIENTED_EDGE('',*,*,#2273,.T.);
#3124=ORIENTED_EDGE('',*,*,#2143,.T.);
#3125=ORIENTED_EDGE('',*,*,#2278,.T.);
#3126=ORIENTED_EDGE('',*,*,#2294,.F.);
#3127=ORIENTED_EDGE('',*,*,#2280,.F.);
#3128=ORIENTED_EDGE('',*,*,#2140,.F.);
#3129=ORIENTED_EDGE('',*,*,#2155,.T.);
#3130=ORIENTED_EDGE('',*,*,#2292,.T.);
#3131=ORIENTED_EDGE('',*,*,#2295,.F.);
#3132=ORIENTED_EDGE('',*,*,#2296,.T.);
#3133=ORIENTED_EDGE('',*,*,#2177,.T.);
#3134=ORIENTED_EDGE('',*,*,#2216,.F.);
#3135=ORIENTED_EDGE('',*,*,#2175,.T.);
#3136=ORIENTED_EDGE('',*,*,#2172,.T.);
#3137=ORIENTED_EDGE('',*,*,#2296,.F.);
#3138=ORIENTED_EDGE('',*,*,#2297,.F.);
#3139=ORIENTED_EDGE('',*,*,#2298,.F.);
#3140=ORIENTED_EDGE('',*,*,#2169,.T.);
#3141=ORIENTED_EDGE('',*,*,#2168,.T.);
#3142=ORIENTED_EDGE('',*,*,#2165,.T.);
#3143=ORIENTED_EDGE('',*,*,#2162,.T.);
#3144=ORIENTED_EDGE('',*,*,#2159,.T.);
#3145=ORIENTED_EDGE('',*,*,#2178,.T.);
#3146=ORIENTED_EDGE('',*,*,#2298,.T.);
#3147=ORIENTED_EDGE('',*,*,#2299,.F.);
#3148=ORIENTED_EDGE('',*,*,#2300,.T.);
#3149=ORIENTED_EDGE('',*,*,#2301,.T.);
#3150=ORIENTED_EDGE('',*,*,#2302,.F.);
#3151=ORIENTED_EDGE('',*,*,#2303,.F.);
#3152=ORIENTED_EDGE('',*,*,#2304,.T.);
#3153=ORIENTED_EDGE('',*,*,#2202,.T.);
#3154=ORIENTED_EDGE('',*,*,#2180,.T.);
#3155=ORIENTED_EDGE('',*,*,#2300,.F.);
#3156=ORIENTED_EDGE('',*,*,#2305,.F.);
#3157=ORIENTED_EDGE('',*,*,#2306,.T.);
#3158=ORIENTED_EDGE('',*,*,#2307,.F.);
#3159=ORIENTED_EDGE('',*,*,#2308,.F.);
#3160=ORIENTED_EDGE('',*,*,#2309,.F.);
#3161=ORIENTED_EDGE('',*,*,#2310,.F.);
#3162=ORIENTED_EDGE('',*,*,#2307,.T.);
#3163=ORIENTED_EDGE('',*,*,#2311,.T.);
#3164=ORIENTED_EDGE('',*,*,#2312,.T.);
#3165=ORIENTED_EDGE('',*,*,#2313,.T.);
#3166=ORIENTED_EDGE('',*,*,#2314,.T.);
#3167=ORIENTED_EDGE('',*,*,#2315,.T.);
#3168=ORIENTED_EDGE('',*,*,#2183,.F.);
#3169=ORIENTED_EDGE('',*,*,#2239,.T.);
#3170=ORIENTED_EDGE('',*,*,#2188,.T.);
#3171=ORIENTED_EDGE('',*,*,#2186,.T.);
#3172=ORIENTED_EDGE('',*,*,#2184,.T.);
#3173=ORIENTED_EDGE('',*,*,#2316,.T.);
#3174=ORIENTED_EDGE('',*,*,#2317,.T.);
#3175=ORIENTED_EDGE('',*,*,#2241,.T.);
#3176=ORIENTED_EDGE('',*,*,#2189,.F.);
#3177=ORIENTED_EDGE('',*,*,#2318,.T.);
#3178=ORIENTED_EDGE('',*,*,#2319,.F.);
#3179=ORIENTED_EDGE('',*,*,#2320,.T.);
#3180=ORIENTED_EDGE('',*,*,#2321,.F.);
#3181=ORIENTED_EDGE('',*,*,#2190,.T.);
#3182=ORIENTED_EDGE('',*,*,#2321,.T.);
#3183=ORIENTED_EDGE('',*,*,#2322,.T.);
#3184=ORIENTED_EDGE('',*,*,#2323,.F.);
#3185=ORIENTED_EDGE('',*,*,#2194,.T.);
#3186=ORIENTED_EDGE('',*,*,#2323,.T.);
#3187=ORIENTED_EDGE('',*,*,#2324,.T.);
#3188=ORIENTED_EDGE('',*,*,#2325,.F.);
#3189=ORIENTED_EDGE('',*,*,#2197,.T.);
#3190=ORIENTED_EDGE('',*,*,#2325,.T.);
#3191=ORIENTED_EDGE('',*,*,#2326,.T.);
#3192=ORIENTED_EDGE('',*,*,#2319,.T.);
#3193=ORIENTED_EDGE('',*,*,#2200,.T.);
#3194=ORIENTED_EDGE('',*,*,#2327,.T.);
#3195=ORIENTED_EDGE('',*,*,#2309,.T.);
#3196=ORIENTED_EDGE('',*,*,#2328,.T.);
#3197=ORIENTED_EDGE('',*,*,#2329,.T.);
#3198=ORIENTED_EDGE('',*,*,#2306,.F.);
#3199=ORIENTED_EDGE('',*,*,#2330,.F.);
#3200=ORIENTED_EDGE('',*,*,#2331,.F.);
#3201=ORIENTED_EDGE('',*,*,#2332,.F.);
#3202=ORIENTED_EDGE('',*,*,#2301,.F.);
#3203=ORIENTED_EDGE('',*,*,#2332,.T.);
#3204=ORIENTED_EDGE('',*,*,#2333,.T.);
#3205=ORIENTED_EDGE('',*,*,#2334,.F.);
#3206=ORIENTED_EDGE('',*,*,#2334,.T.);
#3207=ORIENTED_EDGE('',*,*,#2335,.F.);
#3208=ORIENTED_EDGE('',*,*,#2336,.F.);
#3209=ORIENTED_EDGE('',*,*,#2302,.T.);
#3210=ORIENTED_EDGE('',*,*,#2303,.T.);
#3211=ORIENTED_EDGE('',*,*,#2336,.T.);
#3212=ORIENTED_EDGE('',*,*,#2337,.T.);
#3213=ORIENTED_EDGE('',*,*,#2338,.T.);
#3214=ORIENTED_EDGE('',*,*,#2339,.F.);
#3215=ORIENTED_EDGE('',*,*,#2252,.F.);
#3216=ORIENTED_EDGE('',*,*,#2250,.F.);
#3217=ORIENTED_EDGE('',*,*,#2247,.F.);
#3218=ORIENTED_EDGE('',*,*,#2244,.T.);
#3219=ORIENTED_EDGE('',*,*,#2242,.F.);
#3220=ORIENTED_EDGE('',*,*,#2317,.F.);
#3221=ORIENTED_EDGE('',*,*,#2340,.F.);
#3222=ORIENTED_EDGE('',*,*,#2314,.F.);
#3223=ORIENTED_EDGE('',*,*,#2238,.F.);
#3224=ORIENTED_EDGE('',*,*,#2236,.F.);
#3225=ORIENTED_EDGE('',*,*,#2233,.F.);
#3226=ORIENTED_EDGE('',*,*,#2230,.F.);
#3227=ORIENTED_EDGE('',*,*,#2240,.F.);
#3228=ORIENTED_EDGE('',*,*,#2228,.T.);
#3229=ORIENTED_EDGE('',*,*,#2226,.F.);
#3230=ORIENTED_EDGE('',*,*,#2222,.F.);
#3231=ORIENTED_EDGE('',*,*,#2219,.F.);
#3232=ORIENTED_EDGE('',*,*,#2217,.F.);
#3233=ORIENTED_EDGE('',*,*,#2214,.F.);
#3234=ORIENTED_EDGE('',*,*,#2212,.F.);
#3235=ORIENTED_EDGE('',*,*,#2210,.F.);
#3236=ORIENTED_EDGE('',*,*,#2208,.F.);
#3237=ORIENTED_EDGE('',*,*,#2207,.T.);
#3238=ORIENTED_EDGE('',*,*,#2203,.T.);
#3239=ORIENTED_EDGE('',*,*,#2304,.F.);
#3240=ORIENTED_EDGE('',*,*,#2338,.F.);
#3241=ORIENTED_EDGE('',*,*,#2341,.F.);
#3242=ORIENTED_EDGE('',*,*,#2342,.T.);
#3243=ORIENTED_EDGE('',*,*,#2343,.T.);
#3244=ORIENTED_EDGE('',*,*,#2262,.F.);
#3245=ORIENTED_EDGE('',*,*,#2253,.F.);
#3246=ORIENTED_EDGE('',*,*,#2339,.T.);
#3247=ORIENTED_EDGE('',*,*,#2343,.F.);
#3248=ORIENTED_EDGE('',*,*,#2344,.F.);
#3249=ORIENTED_EDGE('',*,*,#2345,.T.);
#3250=ORIENTED_EDGE('',*,*,#2263,.T.);
#3251=ORIENTED_EDGE('',*,*,#2330,.T.);
#3252=ORIENTED_EDGE('',*,*,#2305,.T.);
#3253=ORIENTED_EDGE('',*,*,#2299,.T.);
#3254=ORIENTED_EDGE('',*,*,#2297,.T.);
#3255=ORIENTED_EDGE('',*,*,#2295,.T.);
#3256=ORIENTED_EDGE('',*,*,#2291,.T.);
#3257=ORIENTED_EDGE('',*,*,#2289,.F.);
#3258=ORIENTED_EDGE('',*,*,#2287,.F.);
#3259=ORIENTED_EDGE('',*,*,#2285,.F.);
#3260=ORIENTED_EDGE('',*,*,#2283,.F.);
#3261=ORIENTED_EDGE('',*,*,#2281,.F.);
#3262=ORIENTED_EDGE('',*,*,#2294,.T.);
#3263=ORIENTED_EDGE('',*,*,#2279,.T.);
#3264=ORIENTED_EDGE('',*,*,#2277,.T.);
#3265=ORIENTED_EDGE('',*,*,#2274,.T.);
#3266=ORIENTED_EDGE('',*,*,#2293,.T.);
#3267=ORIENTED_EDGE('',*,*,#2271,.T.);
#3268=ORIENTED_EDGE('',*,*,#2269,.T.);
#3269=ORIENTED_EDGE('',*,*,#2267,.T.);
#3270=ORIENTED_EDGE('',*,*,#2265,.T.);
#3271=ORIENTED_EDGE('',*,*,#2260,.F.);
#3272=ORIENTED_EDGE('',*,*,#2258,.T.);
#3273=ORIENTED_EDGE('',*,*,#2257,.F.);
#3274=ORIENTED_EDGE('',*,*,#2264,.T.);
#3275=ORIENTED_EDGE('',*,*,#2345,.F.);
#3276=ORIENTED_EDGE('',*,*,#2346,.F.);
#3277=ORIENTED_EDGE('',*,*,#2312,.F.);
#3278=ORIENTED_EDGE('',*,*,#2347,.F.);
#3279=ORIENTED_EDGE('',*,*,#2348,.F.);
#3280=ORIENTED_EDGE('',*,*,#2349,.F.);
#3281=ORIENTED_EDGE('',*,*,#2308,.T.);
#3282=ORIENTED_EDGE('',*,*,#2313,.F.);
#3283=ORIENTED_EDGE('',*,*,#2349,.T.);
#3284=ORIENTED_EDGE('',*,*,#2350,.F.);
#3285=ORIENTED_EDGE('',*,*,#2351,.F.);
#3286=ORIENTED_EDGE('',*,*,#2352,.F.);
#3287=ORIENTED_EDGE('',*,*,#2328,.F.);
#3288=ORIENTED_EDGE('',*,*,#2351,.T.);
#3289=ORIENTED_EDGE('',*,*,#2353,.F.);
#3290=ORIENTED_EDGE('',*,*,#2354,.F.);
#3291=ORIENTED_EDGE('',*,*,#2355,.F.);
#3292=ORIENTED_EDGE('',*,*,#2354,.T.);
#3293=ORIENTED_EDGE('',*,*,#2356,.F.);
#3294=ORIENTED_EDGE('',*,*,#2357,.T.);
#3295=ORIENTED_EDGE('',*,*,#2358,.T.);
#3296=ORIENTED_EDGE('',*,*,#2359,.F.);
#3297=ORIENTED_EDGE('',*,*,#2360,.F.);
#3298=ORIENTED_EDGE('',*,*,#2361,.T.);
#3299=ORIENTED_EDGE('',*,*,#2362,.F.);
#3300=ORIENTED_EDGE('',*,*,#2363,.F.);
#3301=ORIENTED_EDGE('',*,*,#2364,.F.);
#3302=ORIENTED_EDGE('',*,*,#2361,.F.);
#3303=ORIENTED_EDGE('',*,*,#2365,.F.);
#3304=ORIENTED_EDGE('',*,*,#2366,.T.);
#3305=ORIENTED_EDGE('',*,*,#2367,.F.);
#3306=ORIENTED_EDGE('',*,*,#2363,.T.);
#3307=ORIENTED_EDGE('',*,*,#2368,.T.);
#3308=ORIENTED_EDGE('',*,*,#2366,.F.);
#3309=ORIENTED_EDGE('',*,*,#2369,.F.);
#3310=ORIENTED_EDGE('',*,*,#2370,.T.);
#3311=ORIENTED_EDGE('',*,*,#2371,.F.);
#3312=ORIENTED_EDGE('',*,*,#2372,.F.);
#3313=ORIENTED_EDGE('',*,*,#2373,.F.);
#3314=ORIENTED_EDGE('',*,*,#2370,.F.);
#3315=ORIENTED_EDGE('',*,*,#2374,.F.);
#3316=ORIENTED_EDGE('',*,*,#2372,.T.);
#3317=ORIENTED_EDGE('',*,*,#2375,.T.);
#3318=ORIENTED_EDGE('',*,*,#2376,.F.);
#3319=ORIENTED_EDGE('',*,*,#2377,.F.);
#3320=ORIENTED_EDGE('',*,*,#2311,.F.);
#3321=ORIENTED_EDGE('',*,*,#2310,.T.);
#3322=ORIENTED_EDGE('',*,*,#2327,.F.);
#3323=ORIENTED_EDGE('',*,*,#2378,.F.);
#3324=ORIENTED_EDGE('',*,*,#2376,.T.);
#3325=ORIENTED_EDGE('',*,*,#2379,.T.);
#3326=ORIENTED_EDGE('',*,*,#2347,.T.);
#3327=ORIENTED_EDGE('',*,*,#2380,.F.);
#3328=ORIENTED_EDGE('',*,*,#2381,.F.);
#3329=ORIENTED_EDGE('',*,*,#2382,.F.);
#3330=ORIENTED_EDGE('',*,*,#2357,.F.);
#3331=ORIENTED_EDGE('',*,*,#2340,.T.);
#3332=ORIENTED_EDGE('',*,*,#2318,.F.);
#3333=ORIENTED_EDGE('',*,*,#2316,.F.);
#3334=ORIENTED_EDGE('',*,*,#2315,.F.);
#3335=ORIENTED_EDGE('',*,*,#2383,.T.);
#3336=ORIENTED_EDGE('',*,*,#2384,.T.);
#3337=ORIENTED_EDGE('',*,*,#2362,.T.);
#3338=ORIENTED_EDGE('',*,*,#2364,.T.);
#3339=ORIENTED_EDGE('',*,*,#2367,.T.);
#3340=ORIENTED_EDGE('',*,*,#2371,.T.);
#3341=ORIENTED_EDGE('',*,*,#2373,.T.);
#3342=ORIENTED_EDGE('',*,*,#2377,.T.);
#3343=ORIENTED_EDGE('',*,*,#2378,.T.);
#3344=ORIENTED_EDGE('',*,*,#2329,.F.);
#3345=ORIENTED_EDGE('',*,*,#2352,.T.);
#3346=ORIENTED_EDGE('',*,*,#2355,.T.);
#3347=ORIENTED_EDGE('',*,*,#2358,.F.);
#3348=ORIENTED_EDGE('',*,*,#2382,.T.);
#3349=ORIENTED_EDGE('',*,*,#2385,.T.);
#3350=ORIENTED_EDGE('',*,*,#2386,.F.);
#3351=ORIENTED_EDGE('',*,*,#2326,.F.);
#3352=ORIENTED_EDGE('',*,*,#2324,.F.);
#3353=ORIENTED_EDGE('',*,*,#2322,.F.);
#3354=ORIENTED_EDGE('',*,*,#2320,.F.);
#3355=ORIENTED_EDGE('',*,*,#2359,.T.);
#3356=ORIENTED_EDGE('',*,*,#2384,.F.);
#3357=ORIENTED_EDGE('',*,*,#2387,.T.);
#3358=ORIENTED_EDGE('',*,*,#2388,.T.);
#3359=ORIENTED_EDGE('',*,*,#2346,.T.);
#3360=ORIENTED_EDGE('',*,*,#2344,.T.);
#3361=ORIENTED_EDGE('',*,*,#2342,.F.);
#3362=ORIENTED_EDGE('',*,*,#2341,.T.);
#3363=ORIENTED_EDGE('',*,*,#2337,.F.);
#3364=ORIENTED_EDGE('',*,*,#2335,.T.);
#3365=ORIENTED_EDGE('',*,*,#2333,.F.);
#3366=ORIENTED_EDGE('',*,*,#2331,.T.);
#3367=ORIENTED_EDGE('',*,*,#2379,.F.);
#3368=ORIENTED_EDGE('',*,*,#2375,.F.);
#3369=ORIENTED_EDGE('',*,*,#2374,.T.);
#3370=ORIENTED_EDGE('',*,*,#2369,.T.);
#3371=ORIENTED_EDGE('',*,*,#2368,.F.);
#3372=ORIENTED_EDGE('',*,*,#2365,.T.);
#3373=ORIENTED_EDGE('',*,*,#2360,.T.);
#3374=ORIENTED_EDGE('',*,*,#2388,.F.);
#3375=ORIENTED_EDGE('',*,*,#2389,.F.);
#3376=ORIENTED_EDGE('',*,*,#2390,.T.);
#3377=ORIENTED_EDGE('',*,*,#2391,.T.);
#3378=ORIENTED_EDGE('',*,*,#2380,.T.);
#3379=ORIENTED_EDGE('',*,*,#2356,.T.);
#3380=ORIENTED_EDGE('',*,*,#2353,.T.);
#3381=ORIENTED_EDGE('',*,*,#2350,.T.);
#3382=ORIENTED_EDGE('',*,*,#2348,.T.);
#3383=ORIENTED_EDGE('',*,*,#2392,.F.);
#3384=ORIENTED_EDGE('',*,*,#2393,.T.);
#3385=ORIENTED_EDGE('',*,*,#2390,.F.);
#3386=ORIENTED_EDGE('',*,*,#2394,.F.);
#3387=ORIENTED_EDGE('',*,*,#2395,.F.);
#3388=ORIENTED_EDGE('',*,*,#1973,.F.);
#3389=ORIENTED_EDGE('',*,*,#2396,.F.);
#3390=ORIENTED_EDGE('',*,*,#2385,.F.);
#3391=ORIENTED_EDGE('',*,*,#2381,.T.);
#3392=ORIENTED_EDGE('',*,*,#2391,.F.);
#3393=ORIENTED_EDGE('',*,*,#2393,.F.);
#3394=ORIENTED_EDGE('',*,*,#2396,.T.);
#3395=ORIENTED_EDGE('',*,*,#1972,.T.);
#3396=ORIENTED_EDGE('',*,*,#2397,.T.);
#3397=ORIENTED_EDGE('',*,*,#2386,.T.);
#3398=ORIENTED_EDGE('',*,*,#1971,.T.);
#3399=ORIENTED_EDGE('',*,*,#2398,.T.);
#3400=ORIENTED_EDGE('',*,*,#2394,.T.);
#3401=ORIENTED_EDGE('',*,*,#2389,.T.);
#3402=ORIENTED_EDGE('',*,*,#2387,.F.);
#3403=ORIENTED_EDGE('',*,*,#2383,.F.);
#3404=ORIENTED_EDGE('',*,*,#2397,.F.);
#3405=ORIENTED_EDGE('',*,*,#1970,.T.);
#3406=ORIENTED_EDGE('',*,*,#2395,.T.);
#3407=ORIENTED_EDGE('',*,*,#2392,.T.);
#3408=ORIENTED_EDGE('',*,*,#2398,.F.);
#3409=ORIENTED_EDGE('',*,*,#2399,.F.);
#3410=ORIENTED_EDGE('',*,*,#2400,.F.);
#3411=ORIENTED_EDGE('',*,*,#2401,.F.);
#3412=ORIENTED_EDGE('',*,*,#2402,.F.);
#3413=ORIENTED_EDGE('',*,*,#2403,.T.);
#3414=ORIENTED_EDGE('',*,*,#2404,.F.);
#3415=ORIENTED_EDGE('',*,*,#2405,.T.);
#3416=ORIENTED_EDGE('',*,*,#2406,.F.);
#3417=ORIENTED_EDGE('',*,*,#2407,.F.);
#3418=ORIENTED_EDGE('',*,*,#2408,.F.);
#3419=ORIENTED_EDGE('',*,*,#2409,.F.);
#3420=ORIENTED_EDGE('',*,*,#2410,.F.);
#3421=ORIENTED_EDGE('',*,*,#2411,.T.);
#3422=ORIENTED_EDGE('',*,*,#2412,.T.);
#3423=ORIENTED_EDGE('',*,*,#2413,.T.);
#3424=ORIENTED_EDGE('',*,*,#2414,.T.);
#3425=ORIENTED_EDGE('',*,*,#2415,.F.);
#3426=ORIENTED_EDGE('',*,*,#2416,.F.);
#3427=ORIENTED_EDGE('',*,*,#2417,.F.);
#3428=ORIENTED_EDGE('',*,*,#2418,.T.);
#3429=ORIENTED_EDGE('',*,*,#2419,.T.);
#3430=ORIENTED_EDGE('',*,*,#2420,.T.);
#3431=ORIENTED_EDGE('',*,*,#2421,.T.);
#3432=ORIENTED_EDGE('',*,*,#2422,.F.);
#3433=ORIENTED_EDGE('',*,*,#2423,.F.);
#3434=ORIENTED_EDGE('',*,*,#2424,.F.);
#3435=ORIENTED_EDGE('',*,*,#2425,.T.);
#3436=ORIENTED_EDGE('',*,*,#2426,.T.);
#3437=ORIENTED_EDGE('',*,*,#2427,.T.);
#3438=ORIENTED_EDGE('',*,*,#2428,.T.);
#3439=ORIENTED_EDGE('',*,*,#2429,.F.);
#3440=ORIENTED_EDGE('',*,*,#2430,.F.);
#3441=ORIENTED_EDGE('',*,*,#2431,.F.);
#3442=ORIENTED_EDGE('',*,*,#2432,.F.);
#3443=ORIENTED_EDGE('',*,*,#2433,.T.);
#3444=ORIENTED_EDGE('',*,*,#2434,.T.);
#3445=ORIENTED_EDGE('',*,*,#2429,.T.);
#3446=ORIENTED_EDGE('',*,*,#2435,.T.);
#3447=ORIENTED_EDGE('',*,*,#2436,.F.);
#3448=ORIENTED_EDGE('',*,*,#2437,.F.);
#3449=ORIENTED_EDGE('',*,*,#2438,.T.);
#3450=ORIENTED_EDGE('',*,*,#2439,.F.);
#3451=ORIENTED_EDGE('',*,*,#2440,.T.);
#3452=ORIENTED_EDGE('',*,*,#2430,.T.);
#3453=ORIENTED_EDGE('',*,*,#2438,.F.);
#3454=ORIENTED_EDGE('',*,*,#2441,.F.);
#3455=ORIENTED_EDGE('',*,*,#2442,.T.);
#3456=ORIENTED_EDGE('',*,*,#2431,.T.);
#3457=ORIENTED_EDGE('',*,*,#2440,.F.);
#3458=ORIENTED_EDGE('',*,*,#2443,.F.);
#3459=ORIENTED_EDGE('',*,*,#2444,.T.);
#3460=ORIENTED_EDGE('',*,*,#2445,.F.);
#3461=ORIENTED_EDGE('',*,*,#2432,.T.);
#3462=ORIENTED_EDGE('',*,*,#2442,.F.);
#3463=ORIENTED_EDGE('',*,*,#2446,.T.);
#3464=ORIENTED_EDGE('',*,*,#2447,.F.);
#3465=ORIENTED_EDGE('',*,*,#2436,.T.);
#3466=ORIENTED_EDGE('',*,*,#2448,.F.);
#3467=ORIENTED_EDGE('',*,*,#2449,.T.);
#3468=ORIENTED_EDGE('',*,*,#2448,.T.);
#3469=ORIENTED_EDGE('',*,*,#2435,.F.);
#3470=ORIENTED_EDGE('',*,*,#2428,.F.);
#3471=ORIENTED_EDGE('',*,*,#2450,.T.);
#3472=ORIENTED_EDGE('',*,*,#2451,.F.);
#3473=ORIENTED_EDGE('',*,*,#2446,.F.);
#3474=ORIENTED_EDGE('',*,*,#2452,.F.);
#3475=ORIENTED_EDGE('',*,*,#2453,.T.);
#3476=ORIENTED_EDGE('',*,*,#2452,.T.);
#3477=ORIENTED_EDGE('',*,*,#2449,.F.);
#3478=ORIENTED_EDGE('',*,*,#2434,.F.);
#3479=ORIENTED_EDGE('',*,*,#2454,.F.);
#3480=ORIENTED_EDGE('',*,*,#2450,.F.);
#3481=ORIENTED_EDGE('',*,*,#2455,.F.);
#3482=ORIENTED_EDGE('',*,*,#2444,.F.);
#3483=ORIENTED_EDGE('',*,*,#2455,.T.);
#3484=ORIENTED_EDGE('',*,*,#2453,.F.);
#3485=ORIENTED_EDGE('',*,*,#2433,.F.);
#3486=ORIENTED_EDGE('',*,*,#2445,.T.);
#3487=ORIENTED_EDGE('',*,*,#2454,.T.);
#3488=ORIENTED_EDGE('',*,*,#2443,.T.);
#3489=ORIENTED_EDGE('',*,*,#2441,.T.);
#3490=ORIENTED_EDGE('',*,*,#2439,.T.);
#3491=ORIENTED_EDGE('',*,*,#2437,.T.);
#3492=ORIENTED_EDGE('',*,*,#2447,.T.);
#3493=ORIENTED_EDGE('',*,*,#2451,.T.);
#3494=ORIENTED_EDGE('',*,*,#2456,.T.);
#3495=ORIENTED_EDGE('',*,*,#2457,.T.);
#3496=ORIENTED_EDGE('',*,*,#2458,.T.);
#3497=ORIENTED_EDGE('',*,*,#2459,.T.);
#3498=ORIENTED_EDGE('',*,*,#2460,.T.);
#3499=ORIENTED_EDGE('',*,*,#2461,.T.);
#3500=ORIENTED_EDGE('',*,*,#2456,.F.);
#3501=ORIENTED_EDGE('',*,*,#2462,.T.);
#3502=ORIENTED_EDGE('',*,*,#2463,.T.);
#3503=ORIENTED_EDGE('',*,*,#2464,.T.);
#3504=ORIENTED_EDGE('',*,*,#2460,.F.);
#3505=ORIENTED_EDGE('',*,*,#2465,.T.);
#3506=ORIENTED_EDGE('',*,*,#2466,.T.);
#3507=ORIENTED_EDGE('',*,*,#2467,.T.);
#3508=ORIENTED_EDGE('',*,*,#2463,.F.);
#3509=ORIENTED_EDGE('',*,*,#2468,.T.);
#3510=ORIENTED_EDGE('',*,*,#2469,.T.);
#3511=ORIENTED_EDGE('',*,*,#2470,.T.);
#3512=ORIENTED_EDGE('',*,*,#2466,.F.);
#3513=ORIENTED_EDGE('',*,*,#2471,.T.);
#3514=ORIENTED_EDGE('',*,*,#2472,.T.);
#3515=ORIENTED_EDGE('',*,*,#2473,.T.);
#3516=ORIENTED_EDGE('',*,*,#2469,.F.);
#3517=ORIENTED_EDGE('',*,*,#2474,.T.);
#3518=ORIENTED_EDGE('',*,*,#2475,.T.);
#3519=ORIENTED_EDGE('',*,*,#2476,.T.);
#3520=ORIENTED_EDGE('',*,*,#2472,.F.);
#3521=ORIENTED_EDGE('',*,*,#2477,.T.);
#3522=ORIENTED_EDGE('',*,*,#2458,.F.);
#3523=ORIENTED_EDGE('',*,*,#2478,.T.);
#3524=ORIENTED_EDGE('',*,*,#2475,.F.);
#3525=ORIENTED_EDGE('',*,*,#2479,.T.);
#3526=ORIENTED_EDGE('',*,*,#2468,.F.);
#3527=ORIENTED_EDGE('',*,*,#2480,.F.);
#3528=ORIENTED_EDGE('',*,*,#2400,.T.);
#3529=ORIENTED_EDGE('',*,*,#2481,.T.);
#3530=ORIENTED_EDGE('',*,*,#2465,.F.);
#3531=ORIENTED_EDGE('',*,*,#2482,.F.);
#3532=ORIENTED_EDGE('',*,*,#2401,.T.);
#3533=ORIENTED_EDGE('',*,*,#2480,.T.);
#3534=ORIENTED_EDGE('',*,*,#2462,.F.);
#3535=ORIENTED_EDGE('',*,*,#2483,.F.);
#3536=ORIENTED_EDGE('',*,*,#2402,.T.);
#3537=ORIENTED_EDGE('',*,*,#2482,.T.);
#3538=ORIENTED_EDGE('',*,*,#2459,.F.);
#3539=ORIENTED_EDGE('',*,*,#2484,.F.);
#3540=ORIENTED_EDGE('',*,*,#2403,.F.);
#3541=ORIENTED_EDGE('',*,*,#2483,.T.);
#3542=ORIENTED_EDGE('',*,*,#2457,.F.);
#3543=ORIENTED_EDGE('',*,*,#2461,.F.);
#3544=ORIENTED_EDGE('',*,*,#2464,.F.);
#3545=ORIENTED_EDGE('',*,*,#2467,.F.);
#3546=ORIENTED_EDGE('',*,*,#2470,.F.);
#3547=ORIENTED_EDGE('',*,*,#2473,.F.);
#3548=ORIENTED_EDGE('',*,*,#2476,.F.);
#3549=ORIENTED_EDGE('',*,*,#2478,.F.);
#3550=ORIENTED_EDGE('',*,*,#2479,.F.);
#3551=ORIENTED_EDGE('',*,*,#2485,.F.);
#3552=ORIENTED_EDGE('',*,*,#2404,.T.);
#3553=ORIENTED_EDGE('',*,*,#2484,.T.);
#3554=ORIENTED_EDGE('',*,*,#2477,.F.);
#3555=ORIENTED_EDGE('',*,*,#2486,.F.);
#3556=ORIENTED_EDGE('',*,*,#2405,.F.);
#3557=ORIENTED_EDGE('',*,*,#2485,.T.);
#3558=ORIENTED_EDGE('',*,*,#2474,.F.);
#3559=ORIENTED_EDGE('',*,*,#2487,.F.);
#3560=ORIENTED_EDGE('',*,*,#2406,.T.);
#3561=ORIENTED_EDGE('',*,*,#2486,.T.);
#3562=ORIENTED_EDGE('',*,*,#2471,.F.);
#3563=ORIENTED_EDGE('',*,*,#2481,.F.);
#3564=ORIENTED_EDGE('',*,*,#2399,.T.);
#3565=ORIENTED_EDGE('',*,*,#2487,.T.);
#3566=ORIENTED_EDGE('',*,*,#2421,.F.);
#3567=ORIENTED_EDGE('',*,*,#2488,.F.);
#3568=ORIENTED_EDGE('',*,*,#2489,.T.);
#3569=ORIENTED_EDGE('',*,*,#2490,.T.);
#3570=ORIENTED_EDGE('',*,*,#2491,.F.);
#3571=ORIENTED_EDGE('',*,*,#2492,.T.);
#3572=ORIENTED_EDGE('',*,*,#2488,.T.);
#3573=ORIENTED_EDGE('',*,*,#2427,.F.);
#3574=ORIENTED_EDGE('',*,*,#2493,.F.);
#3575=ORIENTED_EDGE('',*,*,#2494,.T.);
#3576=ORIENTED_EDGE('',*,*,#2493,.T.);
#3577=ORIENTED_EDGE('',*,*,#2426,.F.);
#3578=ORIENTED_EDGE('',*,*,#2495,.F.);
#3579=ORIENTED_EDGE('',*,*,#2496,.T.);
#3580=ORIENTED_EDGE('',*,*,#2495,.T.);
#3581=ORIENTED_EDGE('',*,*,#2425,.F.);
#3582=ORIENTED_EDGE('',*,*,#2497,.T.);
#3583=ORIENTED_EDGE('',*,*,#2498,.F.);
#3584=ORIENTED_EDGE('',*,*,#2499,.F.);
#3585=ORIENTED_EDGE('',*,*,#2500,.T.);
#3586=ORIENTED_EDGE('',*,*,#2490,.F.);
#3587=ORIENTED_EDGE('',*,*,#2501,.T.);
#3588=ORIENTED_EDGE('',*,*,#2502,.F.);
#3589=ORIENTED_EDGE('',*,*,#2422,.T.);
#3590=ORIENTED_EDGE('',*,*,#2491,.T.);
#3591=ORIENTED_EDGE('',*,*,#2500,.F.);
#3592=ORIENTED_EDGE('',*,*,#2503,.F.);
#3593=ORIENTED_EDGE('',*,*,#2504,.T.);
#3594=ORIENTED_EDGE('',*,*,#2499,.T.);
#3595=ORIENTED_EDGE('',*,*,#2505,.T.);
#3596=ORIENTED_EDGE('',*,*,#2506,.F.);
#3597=ORIENTED_EDGE('',*,*,#2423,.T.);
#3598=ORIENTED_EDGE('',*,*,#2502,.T.);
#3599=ORIENTED_EDGE('',*,*,#2504,.F.);
#3600=ORIENTED_EDGE('',*,*,#2507,.T.);
#3601=ORIENTED_EDGE('',*,*,#2498,.T.);
#3602=ORIENTED_EDGE('',*,*,#2508,.T.);
#3603=ORIENTED_EDGE('',*,*,#2503,.T.);
#3604=ORIENTED_EDGE('',*,*,#2508,.F.);
#3605=ORIENTED_EDGE('',*,*,#2497,.F.);
#3606=ORIENTED_EDGE('',*,*,#2424,.T.);
#3607=ORIENTED_EDGE('',*,*,#2506,.T.);
#3608=ORIENTED_EDGE('',*,*,#2507,.F.);
#3609=ORIENTED_EDGE('',*,*,#2505,.F.);
#3610=ORIENTED_EDGE('',*,*,#2501,.F.);
#3611=ORIENTED_EDGE('',*,*,#2489,.F.);
#3612=ORIENTED_EDGE('',*,*,#2492,.F.);
#3613=ORIENTED_EDGE('',*,*,#2494,.F.);
#3614=ORIENTED_EDGE('',*,*,#2496,.F.);
#3615=ORIENTED_EDGE('',*,*,#2414,.F.);
#3616=ORIENTED_EDGE('',*,*,#2509,.F.);
#3617=ORIENTED_EDGE('',*,*,#2510,.T.);
#3618=ORIENTED_EDGE('',*,*,#2511,.T.);
#3619=ORIENTED_EDGE('',*,*,#2512,.F.);
#3620=ORIENTED_EDGE('',*,*,#2513,.T.);
#3621=ORIENTED_EDGE('',*,*,#2509,.T.);
#3622=ORIENTED_EDGE('',*,*,#2420,.F.);
#3623=ORIENTED_EDGE('',*,*,#2514,.F.);
#3624=ORIENTED_EDGE('',*,*,#2515,.T.);
#3625=ORIENTED_EDGE('',*,*,#2514,.T.);
#3626=ORIENTED_EDGE('',*,*,#2419,.F.);
#3627=ORIENTED_EDGE('',*,*,#2516,.F.);
#3628=ORIENTED_EDGE('',*,*,#2517,.T.);
#3629=ORIENTED_EDGE('',*,*,#2516,.T.);
#3630=ORIENTED_EDGE('',*,*,#2418,.F.);
#3631=ORIENTED_EDGE('',*,*,#2518,.T.);
#3632=ORIENTED_EDGE('',*,*,#2519,.F.);
#3633=ORIENTED_EDGE('',*,*,#2520,.F.);
#3634=ORIENTED_EDGE('',*,*,#2521,.T.);
#3635=ORIENTED_EDGE('',*,*,#2511,.F.);
#3636=ORIENTED_EDGE('',*,*,#2522,.T.);
#3637=ORIENTED_EDGE('',*,*,#2523,.F.);
#3638=ORIENTED_EDGE('',*,*,#2415,.T.);
#3639=ORIENTED_EDGE('',*,*,#2512,.T.);
#3640=ORIENTED_EDGE('',*,*,#2521,.F.);
#3641=ORIENTED_EDGE('',*,*,#2524,.F.);
#3642=ORIENTED_EDGE('',*,*,#2525,.T.);
#3643=ORIENTED_EDGE('',*,*,#2520,.T.);
#3644=ORIENTED_EDGE('',*,*,#2526,.T.);
#3645=ORIENTED_EDGE('',*,*,#2527,.F.);
#3646=ORIENTED_EDGE('',*,*,#2416,.T.);
#3647=ORIENTED_EDGE('',*,*,#2523,.T.);
#3648=ORIENTED_EDGE('',*,*,#2525,.F.);
#3649=ORIENTED_EDGE('',*,*,#2528,.T.);
#3650=ORIENTED_EDGE('',*,*,#2519,.T.);
#3651=ORIENTED_EDGE('',*,*,#2529,.T.);
#3652=ORIENTED_EDGE('',*,*,#2524,.T.);
#3653=ORIENTED_EDGE('',*,*,#2529,.F.);
#3654=ORIENTED_EDGE('',*,*,#2518,.F.);
#3655=ORIENTED_EDGE('',*,*,#2417,.T.);
#3656=ORIENTED_EDGE('',*,*,#2527,.T.);
#3657=ORIENTED_EDGE('',*,*,#2528,.F.);
#3658=ORIENTED_EDGE('',*,*,#2526,.F.);
#3659=ORIENTED_EDGE('',*,*,#2522,.F.);
#3660=ORIENTED_EDGE('',*,*,#2510,.F.);
#3661=ORIENTED_EDGE('',*,*,#2513,.F.);
#3662=ORIENTED_EDGE('',*,*,#2515,.F.);
#3663=ORIENTED_EDGE('',*,*,#2517,.F.);
#3664=ORIENTED_EDGE('',*,*,#2407,.T.);
#3665=ORIENTED_EDGE('',*,*,#2530,.T.);
#3666=ORIENTED_EDGE('',*,*,#2531,.F.);
#3667=ORIENTED_EDGE('',*,*,#2532,.F.);
#3668=ORIENTED_EDGE('',*,*,#2533,.T.);
#3669=ORIENTED_EDGE('',*,*,#2534,.F.);
#3670=ORIENTED_EDGE('',*,*,#2535,.T.);
#3671=ORIENTED_EDGE('',*,*,#2408,.T.);
#3672=ORIENTED_EDGE('',*,*,#2533,.F.);
#3673=ORIENTED_EDGE('',*,*,#2536,.F.);
#3674=ORIENTED_EDGE('',*,*,#2537,.T.);
#3675=ORIENTED_EDGE('',*,*,#2409,.T.);
#3676=ORIENTED_EDGE('',*,*,#2535,.F.);
#3677=ORIENTED_EDGE('',*,*,#2538,.F.);
#3678=ORIENTED_EDGE('',*,*,#2539,.T.);
#3679=ORIENTED_EDGE('',*,*,#2540,.F.);
#3680=ORIENTED_EDGE('',*,*,#2410,.T.);
#3681=ORIENTED_EDGE('',*,*,#2537,.F.);
#3682=ORIENTED_EDGE('',*,*,#2541,.T.);
#3683=ORIENTED_EDGE('',*,*,#2542,.F.);
#3684=ORIENTED_EDGE('',*,*,#2531,.T.);
#3685=ORIENTED_EDGE('',*,*,#2543,.F.);
#3686=ORIENTED_EDGE('',*,*,#2544,.T.);
#3687=ORIENTED_EDGE('',*,*,#2543,.T.);
#3688=ORIENTED_EDGE('',*,*,#2530,.F.);
#3689=ORIENTED_EDGE('',*,*,#2413,.F.);
#3690=ORIENTED_EDGE('',*,*,#2545,.T.);
#3691=ORIENTED_EDGE('',*,*,#2546,.F.);
#3692=ORIENTED_EDGE('',*,*,#2541,.F.);
#3693=ORIENTED_EDGE('',*,*,#2547,.F.);
#3694=ORIENTED_EDGE('',*,*,#2548,.T.);
#3695=ORIENTED_EDGE('',*,*,#2547,.T.);
#3696=ORIENTED_EDGE('',*,*,#2544,.F.);
#3697=ORIENTED_EDGE('',*,*,#2412,.F.);
#3698=ORIENTED_EDGE('',*,*,#2549,.F.);
#3699=ORIENTED_EDGE('',*,*,#2545,.F.);
#3700=ORIENTED_EDGE('',*,*,#2550,.F.);
#3701=ORIENTED_EDGE('',*,*,#2539,.F.);
#3702=ORIENTED_EDGE('',*,*,#2550,.T.);
#3703=ORIENTED_EDGE('',*,*,#2548,.F.);
#3704=ORIENTED_EDGE('',*,*,#2411,.F.);
#3705=ORIENTED_EDGE('',*,*,#2540,.T.);
#3706=ORIENTED_EDGE('',*,*,#2549,.T.);
#3707=ORIENTED_EDGE('',*,*,#2538,.T.);
#3708=ORIENTED_EDGE('',*,*,#2536,.T.);
#3709=ORIENTED_EDGE('',*,*,#2534,.T.);
#3710=ORIENTED_EDGE('',*,*,#2532,.T.);
#3711=ORIENTED_EDGE('',*,*,#2542,.T.);
#3712=ORIENTED_EDGE('',*,*,#2546,.T.);
#3713=PLANE('',#4097);
#3714=PLANE('',#4098);
#3715=PLANE('',#4109);
#3716=PLANE('',#4113);
#3717=PLANE('',#4114);
#3718=PLANE('',#4118);
#3719=PLANE('',#4119);
#3720=PLANE('',#4123);
#3721=PLANE('',#4127);
#3722=PLANE('',#4130);
#3723=PLANE('',#4134);
#3724=PLANE('',#4135);
#3725=PLANE('',#4136);
#3726=PLANE('',#4140);
#3727=PLANE('',#4141);
#3728=PLANE('',#4142);
#3729=PLANE('',#4143);
#3730=PLANE('',#4144);
#3731=PLANE('',#4145);
#3732=PLANE('',#4146);
#3733=PLANE('',#4147);
#3734=PLANE('',#4148);
#3735=PLANE('',#4149);
#3736=PLANE('',#4150);
#3737=PLANE('',#4151);
#3738=PLANE('',#4152);
#3739=PLANE('',#4153);
#3740=PLANE('',#4154);
#3741=PLANE('',#4155);
#3742=PLANE('',#4158);
#3743=PLANE('',#4159);
#3744=PLANE('',#4160);
#3745=PLANE('',#4161);
#3746=PLANE('',#4165);
#3747=PLANE('',#4171);
#3748=PLANE('',#4172);
#3749=PLANE('',#4180);
#3750=PLANE('',#4181);
#3751=PLANE('',#4183);
#3752=PLANE('',#4189);
#3753=PLANE('',#4190);
#3754=PLANE('',#4191);
#3755=PLANE('',#4192);
#3756=PLANE('',#4193);
#3757=PLANE('',#4194);
#3758=PLANE('',#4195);
#3759=PLANE('',#4201);
#3760=PLANE('',#4205);
#3761=PLANE('',#4206);
#3762=PLANE('',#4207);
#3763=PLANE('',#4208);
#3764=PLANE('',#4209);
#3765=PLANE('',#4212);
#3766=PLANE('',#4216);
#3767=PLANE('',#4220);
#3768=PLANE('',#4224);
#3769=PLANE('',#4228);
#3770=PLANE('',#4229);
#3771=PLANE('',#4230);
#3772=PLANE('',#4231);
#3773=PLANE('',#4234);
#3774=PLANE('',#4237);
#3775=PLANE('',#4240);
#3776=PLANE('',#4241);
#3777=PLANE('',#4244);
#3778=PLANE('',#4247);
#3779=PLANE('',#4248);
#3780=PLANE('',#4249);
#3781=PLANE('',#4250);
#3782=PLANE('',#4253);
#3783=PLANE('',#4254);
#3784=PLANE('',#4255);
#3785=PLANE('',#4256);
#3786=PLANE('',#4257);
#3787=PLANE('',#4260);
#3788=PLANE('',#4263);
#3789=PLANE('',#4264);
#3790=PLANE('',#4265);
#3791=PLANE('',#4266);
#3792=PLANE('',#4270);
#3793=PLANE('',#4274);
#3794=PLANE('',#4275);
#3795=PLANE('',#4278);
#3796=PLANE('',#4281);
#3797=PLANE('',#4282);
#3798=PLANE('',#4283);
#3799=PLANE('',#4286);
#3800=PLANE('',#4289);
#3801=PLANE('',#4292);
#3802=PLANE('',#4298);
#3803=PLANE('',#4299);
#3804=PLANE('',#4300);
#3805=PLANE('',#4301);
#3806=PLANE('',#4302);
#3807=PLANE('',#4303);
#3808=PLANE('',#4304);
#3809=PLANE('',#4305);
#3810=PLANE('',#4306);
#3811=PLANE('',#4307);
#3812=PLANE('',#4308);
#3813=PLANE('',#4309);
#3814=PLANE('',#4310);
#3815=PLANE('',#4311);
#3816=PLANE('',#4312);
#3817=PLANE('',#4313);
#3818=PLANE('',#4314);
#3819=PLANE('',#4315);
#3820=PLANE('',#4316);
#3821=PLANE('',#4317);
#3822=PLANE('',#4318);
#3823=PLANE('',#4319);
#3824=PLANE('',#4320);
#3825=PLANE('',#4321);
#3826=PLANE('',#4322);
#3827=PLANE('',#4326);
#3828=PLANE('',#4327);
#3829=PLANE('',#4328);
#3830=PLANE('',#4337);
#3831=PLANE('',#4338);
#3832=PLANE('',#4339);
#3833=PLANE('',#4340);
#3834=PLANE('',#4341);
#3835=PLANE('',#4342);
#3836=PLANE('',#4347);
#3837=PLANE('',#4348);
#3838=PLANE('',#4349);
#3839=PLANE('',#4350);
#3840=PLANE('',#4354);
#3841=PLANE('',#4358);
#3842=PLANE('',#4362);
#3843=PLANE('',#4367);
#3844=PLANE('',#4369);
#3845=PLANE('',#4370);
#3846=PLANE('',#4372);
#3847=PLANE('',#4374);
#3848=PLANE('',#4375);
#3849=PLANE('',#4376);
#3850=PLANE('',#4377);
#3851=PLANE('',#4378);
#3852=PLANE('',#4379);
#3853=PLANE('',#4380);
#3854=PLANE('',#4385);
#3855=PLANE('',#4386);
#3856=PLANE('',#4387);
#3857=PLANE('',#4388);
#3858=PLANE('',#4389);
#3859=PLANE('',#4390);
#3860=PLANE('',#4391);
#3861=PLANE('',#4392);
#3862=PLANE('',#4393);
#3863=PLANE('',#4398);
#3864=PLANE('',#4399);
#3865=PLANE('',#4400);
#3866=PLANE('',#4401);
#3867=PLANE('',#4402);
#3868=PLANE('',#4403);
#3869=PLANE('',#4404);
#3870=PLANE('',#4405);
#3871=PLANE('',#4406);
#3872=PLANE('',#4411);
#3873=PLANE('',#4412);
#3874=PLANE('',#4413);
#3875=ADVANCED_FACE('',(#184),#3713,.T.);
#3876=ADVANCED_FACE('',(#185),#3714,.T.);
#3877=ADVANCED_FACE('',(#186),#157,.T.);
#3878=ADVANCED_FACE('',(#187),#158,.T.);
#3879=ADVANCED_FACE('',(#188),#3715,.F.);
#3880=ADVANCED_FACE('',(#189),#29,.F.);
#3881=ADVANCED_FACE('',(#190),#3716,.F.);
#3882=ADVANCED_FACE('',(#191),#3717,.F.);
#3883=ADVANCED_FACE('',(#192),#30,.F.);
#3884=ADVANCED_FACE('',(#193),#3718,.F.);
#3885=ADVANCED_FACE('',(#194),#3719,.F.);
#3886=ADVANCED_FACE('',(#195),#31,.F.);
#3887=ADVANCED_FACE('',(#196),#3720,.F.);
#3888=ADVANCED_FACE('',(#197),#32,.T.);
#3889=ADVANCED_FACE('',(#198),#3721,.T.);
#3890=ADVANCED_FACE('',(#199),#3722,.T.);
#3891=ADVANCED_FACE('',(#200),#33,.T.);
#3892=ADVANCED_FACE('',(#201),#3723,.T.);
#3893=ADVANCED_FACE('',(#202),#3724,.T.);
#3894=ADVANCED_FACE('',(#203),#3725,.F.);
#3895=ADVANCED_FACE('',(#204),#34,.F.);
#3896=ADVANCED_FACE('',(#205),#3726,.F.);
#3897=ADVANCED_FACE('',(#206),#3727,.F.);
#3898=ADVANCED_FACE('',(#207),#3728,.T.);
#3899=ADVANCED_FACE('',(#208),#3729,.F.);
#3900=ADVANCED_FACE('',(#209),#3730,.T.);
#3901=ADVANCED_FACE('',(#210),#3731,.T.);
#3902=ADVANCED_FACE('',(#211),#3732,.T.);
#3903=ADVANCED_FACE('',(#212),#3733,.T.);
#3904=ADVANCED_FACE('',(#213),#3734,.T.);
#3905=ADVANCED_FACE('',(#214),#3735,.T.);
#3906=ADVANCED_FACE('',(#215),#3736,.T.);
#3907=ADVANCED_FACE('',(#216),#3737,.T.);
#3908=ADVANCED_FACE('',(#217),#3738,.T.);
#3909=ADVANCED_FACE('',(#218),#3739,.T.);
#3910=ADVANCED_FACE('',(#219),#3740,.T.);
#3911=ADVANCED_FACE('',(#220),#3741,.T.);
#3912=ADVANCED_FACE('',(#221),#35,.F.);
#3913=ADVANCED_FACE('',(#222),#3742,.F.);
#3914=ADVANCED_FACE('',(#223),#3743,.F.);
#3915=ADVANCED_FACE('',(#224),#3744,.F.);
#3916=ADVANCED_FACE('',(#225),#3745,.F.);
#3917=ADVANCED_FACE('',(#226),#159,.F.);
#3918=ADVANCED_FACE('',(#227),#3746,.T.);
#3919=ADVANCED_FACE('',(#228),#160,.F.);
#3920=ADVANCED_FACE('',(#229),#36,.F.);
#3921=ADVANCED_FACE('',(#230),#3747,.T.);
#3922=ADVANCED_FACE('',(#231),#3748,.T.);
#3923=ADVANCED_FACE('',(#232),#161,.T.);
#3924=ADVANCED_FACE('',(#233),#162,.F.);
#3925=ADVANCED_FACE('',(#234),#3749,.F.);
#3926=ADVANCED_FACE('',(#235),#3750,.T.);
#3927=ADVANCED_FACE('',(#236),#3751,.T.);
#3928=ADVANCED_FACE('',(#237),#163,.F.);
#3929=ADVANCED_FACE('',(#238),#3752,.F.);
#3930=ADVANCED_FACE('',(#239),#3753,.T.);
#3931=ADVANCED_FACE('',(#240),#3754,.T.);
#3932=ADVANCED_FACE('',(#241),#3755,.F.);
#3933=ADVANCED_FACE('',(#242),#3756,.F.);
#3934=ADVANCED_FACE('',(#243),#3757,.F.);
#3935=ADVANCED_FACE('',(#244),#3758,.F.);
#3936=ADVANCED_FACE('',(#245),#37,.F.);
#3937=ADVANCED_FACE('',(#246),#164,.F.);
#3938=ADVANCED_FACE('',(#247),#3759,.F.);
#3939=ADVANCED_FACE('',(#248),#165,.F.);
#3940=ADVANCED_FACE('',(#249),#3760,.F.);
#3941=ADVANCED_FACE('',(#250),#3761,.F.);
#3942=ADVANCED_FACE('',(#251),#3762,.F.);
#3943=ADVANCED_FACE('',(#252),#3763,.F.);
#3944=ADVANCED_FACE('',(#253),#3764,.F.);
#3945=ADVANCED_FACE('',(#254),#38,.F.);
#3946=ADVANCED_FACE('',(#255),#3765,.F.);
#3947=ADVANCED_FACE('',(#256),#39,.T.);
#3948=ADVANCED_FACE('',(#257),#3766,.F.);
#3949=ADVANCED_FACE('',(#258),#40,.T.);
#3950=ADVANCED_FACE('',(#259),#3767,.F.);
#3951=ADVANCED_FACE('',(#260),#166,.F.);
#3952=ADVANCED_FACE('',(#261),#3768,.F.);
#3953=ADVANCED_FACE('',(#262),#167,.F.);
#3954=ADVANCED_FACE('',(#263),#3769,.F.);
#3955=ADVANCED_FACE('',(#264),#3770,.F.);
#3956=ADVANCED_FACE('',(#265),#3771,.F.);
#3957=ADVANCED_FACE('',(#266),#3772,.T.);
#3958=ADVANCED_FACE('',(#267),#41,.F.);
#3959=ADVANCED_FACE('',(#268),#3773,.T.);
#3960=ADVANCED_FACE('',(#269),#42,.F.);
#3961=ADVANCED_FACE('',(#270),#3774,.T.);
#3962=ADVANCED_FACE('',(#271),#43,.F.);
#3963=ADVANCED_FACE('',(#272),#3775,.T.);
#3964=ADVANCED_FACE('',(#273),#3776,.T.);
#3965=ADVANCED_FACE('',(#274),#168,.T.);
#3966=ADVANCED_FACE('',(#275,#17),#3777,.T.);
#3967=ADVANCED_FACE('',(#276),#169,.T.);
#3968=ADVANCED_FACE('',(#277,#18),#3778,.T.);
#3969=ADVANCED_FACE('',(#278),#3779,.T.);
#3970=ADVANCED_FACE('',(#279),#3780,.T.);
#3971=ADVANCED_FACE('',(#280),#3781,.T.);
#3972=ADVANCED_FACE('',(#281),#44,.F.);
#3973=ADVANCED_FACE('',(#282),#3782,.T.);
#3974=ADVANCED_FACE('',(#283),#3783,.T.);
#3975=ADVANCED_FACE('',(#284),#3784,.F.);
#3976=ADVANCED_FACE('',(#285),#3785,.T.);
#3977=ADVANCED_FACE('',(#286,#19,#20),#3786,.T.);
#3978=ADVANCED_FACE('',(#287),#170,.F.);
#3979=ADVANCED_FACE('',(#288),#3787,.T.);
#3980=ADVANCED_FACE('',(#289),#171,.F.);
#3981=ADVANCED_FACE('',(#290),#3788,.F.);
#3982=ADVANCED_FACE('',(#291),#3789,.T.);
#3983=ADVANCED_FACE('',(#292),#3790,.T.);
#3984=ADVANCED_FACE('',(#293),#3791,.T.);
#3985=ADVANCED_FACE('',(#294),#172,.F.);
#3986=ADVANCED_FACE('',(#295),#3792,.T.);
#3987=ADVANCED_FACE('',(#296),#173,.F.);
#3988=ADVANCED_FACE('',(#297),#3793,.T.);
#3989=ADVANCED_FACE('',(#298),#3794,.T.);
#3990=ADVANCED_FACE('',(#299),#174,.F.);
#3991=ADVANCED_FACE('',(#300,#21),#3795,.T.);
#3992=ADVANCED_FACE('',(#301),#175,.F.);
#3993=ADVANCED_FACE('',(#302),#3796,.T.);
#3994=ADVANCED_FACE('',(#303),#3797,.F.);
#3995=ADVANCED_FACE('',(#304),#3798,.T.);
#3996=ADVANCED_FACE('',(#305),#176,.T.);
#3997=ADVANCED_FACE('',(#306),#3799,.T.);
#3998=ADVANCED_FACE('',(#307),#177,.T.);
#3999=ADVANCED_FACE('',(#308),#3800,.T.);
#4000=ADVANCED_FACE('',(#309),#45,.F.);
#4001=ADVANCED_FACE('',(#310),#3801,.T.);
#4002=ADVANCED_FACE('',(#311),#46,.F.);
#4003=ADVANCED_FACE('',(#312),#178,.T.);
#4004=ADVANCED_FACE('',(#313),#3802,.F.);
#4005=ADVANCED_FACE('',(#314),#3803,.T.);
#4006=ADVANCED_FACE('',(#315),#3804,.F.);
#4007=ADVANCED_FACE('',(#316),#3805,.T.);
#4008=ADVANCED_FACE('',(#317),#3806,.F.);
#4009=ADVANCED_FACE('',(#318),#3807,.T.);
#4010=ADVANCED_FACE('',(#319),#3808,.F.);
#4011=ADVANCED_FACE('',(#320),#3809,.F.);
#4012=ADVANCED_FACE('',(#321),#3810,.F.);
#4013=ADVANCED_FACE('',(#322),#3811,.F.);
#4014=ADVANCED_FACE('',(#323),#3812,.T.);
#4015=ADVANCED_FACE('',(#324),#3813,.T.);
#4016=ADVANCED_FACE('',(#325),#3814,.F.);
#4017=ADVANCED_FACE('',(#326),#3815,.T.);
#4018=ADVANCED_FACE('',(#327),#3816,.T.);
#4019=ADVANCED_FACE('',(#328),#3817,.T.);
#4020=ADVANCED_FACE('',(#329),#3818,.T.);
#4021=ADVANCED_FACE('',(#330),#3819,.T.);
#4022=ADVANCED_FACE('',(#331),#3820,.T.);
#4023=ADVANCED_FACE('',(#332),#3821,.T.);
#4024=ADVANCED_FACE('',(#333,#22,#23),#3822,.T.);
#4025=ADVANCED_FACE('',(#334),#3823,.T.);
#4026=ADVANCED_FACE('',(#335,#24),#3824,.F.);
#4027=ADVANCED_FACE('',(#336),#3825,.T.);
#4028=ADVANCED_FACE('',(#337),#3826,.F.);
#4029=ADVANCED_FACE('',(#338),#179,.T.);
#4030=ADVANCED_FACE('',(#339),#3827,.T.);
#4031=ADVANCED_FACE('',(#340),#3828,.F.);
#4032=ADVANCED_FACE('',(#341,#25,#26,#27,#28),#3829,.F.);
#4033=ADVANCED_FACE('',(#342),#3830,.T.);
#4034=ADVANCED_FACE('',(#343),#3831,.T.);
#4035=ADVANCED_FACE('',(#344),#3832,.T.);
#4036=ADVANCED_FACE('',(#345),#3833,.T.);
#4037=ADVANCED_FACE('',(#346),#3834,.T.);
#4038=ADVANCED_FACE('',(#347),#3835,.T.);
#4039=ADVANCED_FACE('',(#348),#47,.T.);
#4040=ADVANCED_FACE('',(#349),#48,.T.);
#4041=ADVANCED_FACE('',(#350),#3836,.T.);
#4042=ADVANCED_FACE('',(#351),#3837,.T.);
#4043=ADVANCED_FACE('',(#352),#3838,.F.);
#4044=ADVANCED_FACE('',(#353),#3839,.T.);
#4045=ADVANCED_FACE('',(#354),#49,.T.);
#4046=ADVANCED_FACE('',(#355),#3840,.T.);
#4047=ADVANCED_FACE('',(#356),#50,.T.);
#4048=ADVANCED_FACE('',(#357),#3841,.T.);
#4049=ADVANCED_FACE('',(#358),#51,.T.);
#4050=ADVANCED_FACE('',(#359),#3842,.T.);
#4051=ADVANCED_FACE('',(#360),#52,.T.);
#4052=ADVANCED_FACE('',(#361),#180,.T.);
#4053=ADVANCED_FACE('',(#362),#3843,.T.);
#4054=ADVANCED_FACE('',(#363),#181,.T.);
#4055=ADVANCED_FACE('',(#364),#3844,.T.);
#4056=ADVANCED_FACE('',(#365),#3845,.T.);
#4057=ADVANCED_FACE('',(#366),#182,.T.);
#4058=ADVANCED_FACE('',(#367),#3846,.T.);
#4059=ADVANCED_FACE('',(#368),#183,.T.);
#4060=ADVANCED_FACE('',(#369),#3847,.T.);
#4061=ADVANCED_FACE('',(#370),#3848,.F.);
#4062=ADVANCED_FACE('',(#371),#3849,.F.);
#4063=ADVANCED_FACE('',(#372),#3850,.F.);
#4064=ADVANCED_FACE('',(#373),#3851,.F.);
#4065=ADVANCED_FACE('',(#374),#3852,.F.);
#4066=ADVANCED_FACE('',(#375),#3853,.F.);
#4067=ADVANCED_FACE('',(#376),#53,.T.);
#4068=ADVANCED_FACE('',(#377),#54,.T.);
#4069=ADVANCED_FACE('',(#378),#3854,.F.);
#4070=ADVANCED_FACE('',(#379),#3855,.F.);
#4071=ADVANCED_FACE('',(#380),#3856,.T.);
#4072=ADVANCED_FACE('',(#381),#3857,.F.);
#4073=ADVANCED_FACE('',(#382),#3858,.F.);
#4074=ADVANCED_FACE('',(#383),#3859,.F.);
#4075=ADVANCED_FACE('',(#384),#3860,.F.);
#4076=ADVANCED_FACE('',(#385),#3861,.F.);
#4077=ADVANCED_FACE('',(#386),#3862,.F.);
#4078=ADVANCED_FACE('',(#387),#55,.T.);
#4079=ADVANCED_FACE('',(#388),#56,.T.);
#4080=ADVANCED_FACE('',(#389),#3863,.F.);
#4081=ADVANCED_FACE('',(#390),#3864,.F.);
#4082=ADVANCED_FACE('',(#391),#3865,.T.);
#4083=ADVANCED_FACE('',(#392),#3866,.T.);
#4084=ADVANCED_FACE('',(#393),#3867,.T.);
#4085=ADVANCED_FACE('',(#394),#3868,.T.);
#4086=ADVANCED_FACE('',(#395),#3869,.T.);
#4087=ADVANCED_FACE('',(#396),#3870,.T.);
#4088=ADVANCED_FACE('',(#397),#3871,.T.);
#4089=ADVANCED_FACE('',(#398),#57,.T.);
#4090=ADVANCED_FACE('',(#399),#58,.T.);
#4091=ADVANCED_FACE('',(#400),#3872,.T.);
#4092=ADVANCED_FACE('',(#401),#3873,.T.);
#4093=ADVANCED_FACE('',(#402),#3874,.F.);
#4094=CLOSED_SHELL('',(#3875,#3876,#3877,#3878,#3879,#3880,#3881,#3882,
#3883,#3884,#3885,#3886,#3887,#3888,#3889,#3890,#3891,#3892,#3893,#3894,
#3895,#3896,#3897,#3898,#3899,#3900,#3901,#3902,#3903,#3904,#3905,#3906,
#3907,#3908,#3909,#3910,#3911,#3912,#3913,#3914,#3915,#3916,#3917,#3918,
#3919,#3920,#3921,#3922,#3923,#3924,#3925,#3926,#3927,#3928,#3929,#3930,
#3931,#3932,#3933,#3934,#3935,#3936,#3937,#3938,#3939,#3940,#3941,#3942,
#3943,#3944,#3945,#3946,#3947,#3948,#3949,#3950,#3951,#3952,#3953,#3954,
#3955,#3956,#3957,#3958,#3959,#3960,#3961,#3962,#3963,#3964,#3965,#3966,
#3967,#3968,#3969,#3970,#3971,#3972,#3973,#3974,#3975,#3976,#3977,#3978,
#3979,#3980,#3981,#3982,#3983,#3984,#3985,#3986,#3987,#3988,#3989,#3990,
#3991,#3992,#3993,#3994,#3995,#3996,#3997,#3998,#3999,#4000,#4001,#4002,
#4003,#4004,#4005,#4006,#4007,#4008,#4009,#4010,#4011,#4012,#4013,#4014,
#4015,#4016,#4017,#4018,#4019,#4020,#4021,#4022,#4023,#4024,#4025,#4026,
#4027,#4028,#4029,#4030,#4031));
#4095=CLOSED_SHELL('',(#4032,#4033,#4034,#4035,#4036,#4037,#4038,#4039,
#4040,#4041,#4042,#4043,#4044,#4045,#4046,#4047,#4048,#4049,#4050,#4051,
#4052,#4053,#4054,#4055,#4056,#4057,#4058,#4059,#4060,#4061,#4062,#4063,
#4064,#4065,#4066,#4067,#4068,#4069,#4070,#4071,#4072,#4073,#4074,#4075,
#4076,#4077,#4078,#4079,#4080,#4081,#4082,#4083,#4084,#4085,#4086,#4087,
#4088,#4089,#4090,#4091,#4092,#4093));
#4096=AXIS2_PLACEMENT_3D('',#5533,#4414,#4415);
#4097=AXIS2_PLACEMENT_3D('',#5534,#4416,#4417);
#4098=AXIS2_PLACEMENT_3D('',#5543,#4422,#4423);
#4099=AXIS2_PLACEMENT_3D('',#5552,#4428,#4429);
#4100=AXIS2_PLACEMENT_3D('',#5554,#4430,#4431);
#4101=AXIS2_PLACEMENT_3D('',#5556,#4432,#4433);
#4102=AXIS2_PLACEMENT_3D('',#5558,#4434,#4435);
#4103=AXIS2_PLACEMENT_3D('',#5562,#4437,#4438);
#4104=AXIS2_PLACEMENT_3D('',#5566,#4440,#4441);
#4105=AXIS2_PLACEMENT_3D('',#5569,#4443,#4444);
#4106=AXIS2_PLACEMENT_3D('',#5570,#4445,#4446);
#4107=AXIS2_PLACEMENT_3D('',#5572,#4447,#4448);
#4108=AXIS2_PLACEMENT_3D('',#5575,#4450,#4451);
#4109=AXIS2_PLACEMENT_3D('',#5576,#4452,#4453);
#4110=AXIS2_PLACEMENT_3D('',#5585,#4458,#4459);
#4111=AXIS2_PLACEMENT_3D('',#5588,#4460,#4461);
#4112=AXIS2_PLACEMENT_3D('',#5592,#4463,#4464);
#4113=AXIS2_PLACEMENT_3D('',#5594,#4466,#4467);
#4114=AXIS2_PLACEMENT_3D('',#5603,#4472,#4473);
#4115=AXIS2_PLACEMENT_3D('',#5609,#4477,#4478);
#4116=AXIS2_PLACEMENT_3D('',#5611,#4479,#4480);
#4117=AXIS2_PLACEMENT_3D('',#5614,#4482,#4483);
#4118=AXIS2_PLACEMENT_3D('',#5615,#4484,#4485);
#4119=AXIS2_PLACEMENT_3D('',#5624,#4490,#4491);
#4120=AXIS2_PLACEMENT_3D('',#5630,#4495,#4496);
#4121=AXIS2_PLACEMENT_3D('',#5632,#4497,#4498);
#4122=AXIS2_PLACEMENT_3D('',#5635,#4500,#4501);
#4123=AXIS2_PLACEMENT_3D('',#5636,#4502,#4503);
#4124=AXIS2_PLACEMENT_3D('',#5642,#4507,#4508);
#4125=AXIS2_PLACEMENT_3D('',#5647,#4510,#4511);
#4126=AXIS2_PLACEMENT_3D('',#5650,#4513,#4514);
#4127=AXIS2_PLACEMENT_3D('',#5651,#4515,#4516);
#4128=AXIS2_PLACEMENT_3D('',#5653,#4517,#4518);
#4129=AXIS2_PLACEMENT_3D('',#5660,#4522,#4523);
#4130=AXIS2_PLACEMENT_3D('',#5661,#4524,#4525);
#4131=AXIS2_PLACEMENT_3D('',#5667,#4529,#4530);
#4132=AXIS2_PLACEMENT_3D('',#5669,#4531,#4532);
#4133=AXIS2_PLACEMENT_3D('',#5672,#4534,#4535);
#4134=AXIS2_PLACEMENT_3D('',#5673,#4536,#4537);
#4135=AXIS2_PLACEMENT_3D('',#5679,#4541,#4542);
#4136=AXIS2_PLACEMENT_3D('',#5685,#4546,#4547);
#4137=AXIS2_PLACEMENT_3D('',#5694,#4552,#4553);
#4138=AXIS2_PLACEMENT_3D('',#5696,#4554,#4555);
#4139=AXIS2_PLACEMENT_3D('',#5699,#4557,#4558);
#4140=AXIS2_PLACEMENT_3D('',#5700,#4559,#4560);
#4141=AXIS2_PLACEMENT_3D('',#5706,#4564,#4565);
#4142=AXIS2_PLACEMENT_3D('',#5712,#4569,#4570);
#4143=AXIS2_PLACEMENT_3D('',#5721,#4575,#4576);
#4144=AXIS2_PLACEMENT_3D('',#5725,#4579,#4580);
#4145=AXIS2_PLACEMENT_3D('',#5733,#4585,#4586);
#4146=AXIS2_PLACEMENT_3D('',#5737,#4589,#4590);
#4147=AXIS2_PLACEMENT_3D('',#5741,#4593,#4594);
#4148=AXIS2_PLACEMENT_3D('',#5745,#4597,#4598);
#4149=AXIS2_PLACEMENT_3D('',#5749,#4601,#4602);
#4150=AXIS2_PLACEMENT_3D('',#5753,#4605,#4606);
#4151=AXIS2_PLACEMENT_3D('',#5757,#4609,#4610);
#4152=AXIS2_PLACEMENT_3D('',#5761,#4613,#4614);
#4153=AXIS2_PLACEMENT_3D('',#5767,#4618,#4619);
#4154=AXIS2_PLACEMENT_3D('',#5771,#4622,#4623);
#4155=AXIS2_PLACEMENT_3D('',#5775,#4626,#4627);
#4156=AXIS2_PLACEMENT_3D('',#5777,#4629,#4630);
#4157=AXIS2_PLACEMENT_3D('',#5779,#4631,#4632);
#4158=AXIS2_PLACEMENT_3D('',#5781,#4634,#4635);
#4159=AXIS2_PLACEMENT_3D('',#5787,#4639,#4640);
#4160=AXIS2_PLACEMENT_3D('',#5791,#4643,#4644);
#4161=AXIS2_PLACEMENT_3D('',#5795,#4647,#4648);
#4162=AXIS2_PLACEMENT_3D('',#5799,#4651,#4652);
#4163=AXIS2_PLACEMENT_3D('',#5802,#4653,#4654);
#4164=AXIS2_PLACEMENT_3D('',#5806,#4656,#4657);
#4165=AXIS2_PLACEMENT_3D('',#5808,#4659,#4660);
#4166=AXIS2_PLACEMENT_3D('',#5814,#4664,#4665);
#4167=AXIS2_PLACEMENT_3D('',#5816,#4666,#4667);
#4168=AXIS2_PLACEMENT_3D('',#5819,#4669,#4670);
#4169=AXIS2_PLACEMENT_3D('',#5820,#4671,#4672);
#4170=AXIS2_PLACEMENT_3D('',#5822,#4673,#4674);
#4171=AXIS2_PLACEMENT_3D('',#5824,#4676,#4677);
#4172=AXIS2_PLACEMENT_3D('',#5833,#4682,#4683);
#4173=AXIS2_PLACEMENT_3D('',#5839,#4687,#4688);
#4174=AXIS2_PLACEMENT_3D('',#5841,#4689,#4690);
#4175=AXIS2_PLACEMENT_3D('',#5844,#4692,#4693);
#4176=AXIS2_PLACEMENT_3D('',#5845,#4694,#4695);
#4177=AXIS2_PLACEMENT_3D('',#5847,#4696,#4697);
#4178=AXIS2_PLACEMENT_3D('',#5849,#4698,#4699);
#4179=AXIS2_PLACEMENT_3D('',#5852,#4701,#4702);
#4180=AXIS2_PLACEMENT_3D('',#5853,#4703,#4704);
#4181=AXIS2_PLACEMENT_3D('',#5859,#4708,#4709);
#4182=AXIS2_PLACEMENT_3D('',#5863,#4711,#4712);
#4183=AXIS2_PLACEMENT_3D('',#5865,#4714,#4715);
#4184=AXIS2_PLACEMENT_3D('',#5871,#4718,#4719);
#4185=AXIS2_PLACEMENT_3D('',#5874,#4721,#4722);
#4186=AXIS2_PLACEMENT_3D('',#5875,#4723,#4724);
#4187=AXIS2_PLACEMENT_3D('',#5879,#4726,#4727);
#4188=AXIS2_PLACEMENT_3D('',#5880,#4728,#4729);
#4189=AXIS2_PLACEMENT_3D('',#5881,#4730,#4731);
#4190=AXIS2_PLACEMENT_3D('',#5885,#4734,#4735);
#4191=AXIS2_PLACEMENT_3D('',#5891,#4739,#4740);
#4192=AXIS2_PLACEMENT_3D('',#5897,#4744,#4745);
#4193=AXIS2_PLACEMENT_3D('',#5901,#4748,#4749);
#4194=AXIS2_PLACEMENT_3D('',#5905,#4752,#4753);
#4195=AXIS2_PLACEMENT_3D('',#5911,#4757,#4758);
#4196=AXIS2_PLACEMENT_3D('',#5915,#4761,#4762);
#4197=AXIS2_PLACEMENT_3D('',#5917,#4763,#4764);
#4198=AXIS2_PLACEMENT_3D('',#5919,#4766,#4767);
#4199=AXIS2_PLACEMENT_3D('',#5922,#4768,#4769);
#4200=AXIS2_PLACEMENT_3D('',#5926,#4771,#4772);
#4201=AXIS2_PLACEMENT_3D('',#5928,#4774,#4775);
#4202=AXIS2_PLACEMENT_3D('',#5934,#4779,#4780);
#4203=AXIS2_PLACEMENT_3D('',#5936,#4781,#4782);
#4204=AXIS2_PLACEMENT_3D('',#5938,#4783,#4784);
#4205=AXIS2_PLACEMENT_3D('',#5940,#4786,#4787);
#4206=AXIS2_PLACEMENT_3D('',#5943,#4790,#4791);
#4207=AXIS2_PLACEMENT_3D('',#5949,#4795,#4796);
#4208=AXIS2_PLACEMENT_3D('',#5953,#4799,#4800);
#4209=AXIS2_PLACEMENT_3D('',#5957,#4803,#4804);
#4210=AXIS2_PLACEMENT_3D('',#5961,#4807,#4808);
#4211=AXIS2_PLACEMENT_3D('',#5963,#4809,#4810);
#4212=AXIS2_PLACEMENT_3D('',#5965,#4812,#4813);
#4213=AXIS2_PLACEMENT_3D('',#5971,#4817,#4818);
#4214=AXIS2_PLACEMENT_3D('',#5973,#4819,#4820);
#4215=AXIS2_PLACEMENT_3D('',#5976,#4822,#4823);
#4216=AXIS2_PLACEMENT_3D('',#5977,#4824,#4825);
#4217=AXIS2_PLACEMENT_3D('',#5980,#4827,#4828);
#4218=AXIS2_PLACEMENT_3D('',#5981,#4829,#4830);
#4219=AXIS2_PLACEMENT_3D('',#5984,#4832,#4833);
#4220=AXIS2_PLACEMENT_3D('',#5985,#4834,#4835);
#4221=AXIS2_PLACEMENT_3D('',#5994,#4840,#4841);
#4222=AXIS2_PLACEMENT_3D('',#5996,#4842,#4843);
#4223=AXIS2_PLACEMENT_3D('',#5999,#4845,#4846);
#4224=AXIS2_PLACEMENT_3D('',#6000,#4847,#4848);
#4225=AXIS2_PLACEMENT_3D('',#6006,#4852,#4853);
#4226=AXIS2_PLACEMENT_3D('',#6007,#4854,#4855);
#4227=AXIS2_PLACEMENT_3D('',#6008,#4856,#4857);
#4228=AXIS2_PLACEMENT_3D('',#6009,#4858,#4859);
#4229=AXIS2_PLACEMENT_3D('',#6015,#4863,#4864);
#4230=AXIS2_PLACEMENT_3D('',#6021,#4868,#4869);
#4231=AXIS2_PLACEMENT_3D('',#6025,#4872,#4873);
#4232=AXIS2_PLACEMENT_3D('',#6029,#4876,#4877);
#4233=AXIS2_PLACEMENT_3D('',#6031,#4878,#4879);
#4234=AXIS2_PLACEMENT_3D('',#6033,#4881,#4882);
#4235=AXIS2_PLACEMENT_3D('',#6038,#4886,#4887);
#4236=AXIS2_PLACEMENT_3D('',#6040,#4888,#4889);
#4237=AXIS2_PLACEMENT_3D('',#6042,#4891,#4892);
#4238=AXIS2_PLACEMENT_3D('',#6047,#4896,#4897);
#4239=AXIS2_PLACEMENT_3D('',#6049,#4898,#4899);
#4240=AXIS2_PLACEMENT_3D('',#6051,#4901,#4902);
#4241=AXIS2_PLACEMENT_3D('',#6057,#4906,#4907);
#4242=AXIS2_PLACEMENT_3D('',#6062,#4911,#4912);
#4243=AXIS2_PLACEMENT_3D('',#6065,#4913,#4914);
#4244=AXIS2_PLACEMENT_3D('',#6068,#4917,#4918);
#4245=AXIS2_PLACEMENT_3D('',#6073,#4922,#4923);
#4246=AXIS2_PLACEMENT_3D('',#6075,#4924,#4925);
#4247=AXIS2_PLACEMENT_3D('',#6077,#4927,#4928);
#4248=AXIS2_PLACEMENT_3D('',#6081,#4931,#4932);
#4249=AXIS2_PLACEMENT_3D('',#6088,#4937,#4938);
#4250=AXIS2_PLACEMENT_3D('',#6094,#4942,#4943);
#4251=AXIS2_PLACEMENT_3D('',#6099,#4947,#4948);
#4252=AXIS2_PLACEMENT_3D('',#6101,#4949,#4950);
#4253=AXIS2_PLACEMENT_3D('',#6103,#4952,#4953);
#4254=AXIS2_PLACEMENT_3D('',#6109,#4957,#4958);
#4255=AXIS2_PLACEMENT_3D('',#6115,#4962,#4963);
#4256=AXIS2_PLACEMENT_3D('',#6119,#4966,#4967);
#4257=AXIS2_PLACEMENT_3D('',#6123,#4970,#4971);
#4258=AXIS2_PLACEMENT_3D('',#6132,#4977,#4978);
#4259=AXIS2_PLACEMENT_3D('',#6134,#4979,#4980);
#4260=AXIS2_PLACEMENT_3D('',#6136,#4982,#4983);
#4261=AXIS2_PLACEMENT_3D('',#6140,#4986,#4987);
#4262=AXIS2_PLACEMENT_3D('',#6142,#4988,#4989);
#4263=AXIS2_PLACEMENT_3D('',#6144,#4991,#4992);
#4264=AXIS2_PLACEMENT_3D('',#6150,#4996,#4997);
#4265=AXIS2_PLACEMENT_3D('',#6154,#5000,#5001);
#4266=AXIS2_PLACEMENT_3D('',#6158,#5004,#5005);
#4267=AXIS2_PLACEMENT_3D('',#6163,#5008,#5009);
#4268=AXIS2_PLACEMENT_3D('',#6164,#5010,#5011);
#4269=AXIS2_PLACEMENT_3D('',#6167,#5013,#5014);
#4270=AXIS2_PLACEMENT_3D('',#6168,#5015,#5016);
#4271=AXIS2_PLACEMENT_3D('',#6171,#5018,#5019);
#4272=AXIS2_PLACEMENT_3D('',#6172,#5020,#5021);
#4273=AXIS2_PLACEMENT_3D('',#6175,#5023,#5024);
#4274=AXIS2_PLACEMENT_3D('',#6176,#5025,#5026);
#4275=AXIS2_PLACEMENT_3D('',#6180,#5029,#5030);
#4276=AXIS2_PLACEMENT_3D('',#6186,#5035,#5036);
#4277=AXIS2_PLACEMENT_3D('',#6188,#5037,#5038);
#4278=AXIS2_PLACEMENT_3D('',#6190,#5040,#5041);
#4279=AXIS2_PLACEMENT_3D('',#6194,#5044,#5045);
#4280=AXIS2_PLACEMENT_3D('',#6196,#5046,#5047);
#4281=AXIS2_PLACEMENT_3D('',#6198,#5049,#5050);
#4282=AXIS2_PLACEMENT_3D('',#6210,#5057,#5058);
#4283=AXIS2_PLACEMENT_3D('',#6219,#5063,#5064);
#4284=AXIS2_PLACEMENT_3D('',#6225,#5068,#5069);
#4285=AXIS2_PLACEMENT_3D('',#6227,#5070,#5071);
#4286=AXIS2_PLACEMENT_3D('',#6229,#5073,#5074);
#4287=AXIS2_PLACEMENT_3D('',#6231,#5076,#5077);
#4288=AXIS2_PLACEMENT_3D('',#6233,#5078,#5079);
#4289=AXIS2_PLACEMENT_3D('',#6235,#5081,#5082);
#4290=AXIS2_PLACEMENT_3D('',#6241,#5086,#5087);
#4291=AXIS2_PLACEMENT_3D('',#6243,#5088,#5089);
#4292=AXIS2_PLACEMENT_3D('',#6245,#5091,#5092);
#4293=AXIS2_PLACEMENT_3D('',#6249,#5095,#5096);
#4294=AXIS2_PLACEMENT_3D('',#6250,#5097,#5098);
#4295=AXIS2_PLACEMENT_3D('',#6251,#5099,#5100);
#4296=AXIS2_PLACEMENT_3D('',#6253,#5101,#5102);
#4297=AXIS2_PLACEMENT_3D('',#6255,#5103,#5104);
#4298=AXIS2_PLACEMENT_3D('',#6257,#5106,#5107);
#4299=AXIS2_PLACEMENT_3D('',#6263,#5111,#5112);
#4300=AXIS2_PLACEMENT_3D('',#6267,#5115,#5116);
#4301=AXIS2_PLACEMENT_3D('',#6271,#5119,#5120);
#4302=AXIS2_PLACEMENT_3D('',#6275,#5123,#5124);
#4303=AXIS2_PLACEMENT_3D('',#6280,#5128,#5129);
#4304=AXIS2_PLACEMENT_3D('',#6284,#5132,#5133);
#4305=AXIS2_PLACEMENT_3D('',#6288,#5136,#5137);
#4306=AXIS2_PLACEMENT_3D('',#6290,#5139,#5140);
#4307=AXIS2_PLACEMENT_3D('',#6296,#5144,#5145);
#4308=AXIS2_PLACEMENT_3D('',#6302,#5149,#5150);
#4309=AXIS2_PLACEMENT_3D('',#6308,#5154,#5155);
#4310=AXIS2_PLACEMENT_3D('',#6314,#5159,#5160);
#4311=AXIS2_PLACEMENT_3D('',#6323,#5165,#5166);
#4312=AXIS2_PLACEMENT_3D('',#6329,#5170,#5171);
#4313=AXIS2_PLACEMENT_3D('',#6335,#5175,#5176);
#4314=AXIS2_PLACEMENT_3D('',#6341,#5180,#5181);
#4315=AXIS2_PLACEMENT_3D('',#6347,#5185,#5186);
#4316=AXIS2_PLACEMENT_3D('',#6353,#5190,#5191);
#4317=AXIS2_PLACEMENT_3D('',#6356,#5194,#5195);
#4318=AXIS2_PLACEMENT_3D('',#6362,#5199,#5200);
#4319=AXIS2_PLACEMENT_3D('',#6370,#5205,#5206);
#4320=AXIS2_PLACEMENT_3D('',#6374,#5209,#5210);
#4321=AXIS2_PLACEMENT_3D('',#6380,#5214,#5215);
#4322=AXIS2_PLACEMENT_3D('',#6386,#5219,#5220);
#4323=AXIS2_PLACEMENT_3D('',#6388,#5222,#5223);
#4324=AXIS2_PLACEMENT_3D('',#6389,#5224,#5225);
#4325=AXIS2_PLACEMENT_3D('',#6390,#5226,#5227);
#4326=AXIS2_PLACEMENT_3D('',#6391,#5228,#5229);
#4327=AXIS2_PLACEMENT_3D('',#6393,#5231,#5232);
#4328=AXIS2_PLACEMENT_3D('',#6394,#5233,#5234);
#4329=AXIS2_PLACEMENT_3D('',#6399,#5236,#5237);
#4330=AXIS2_PLACEMENT_3D('',#6403,#5239,#5240);
#4331=AXIS2_PLACEMENT_3D('',#6407,#5242,#5243);
#4332=AXIS2_PLACEMENT_3D('',#6410,#5245,#5246);
#4333=AXIS2_PLACEMENT_3D('',#6423,#5252,#5253);
#4334=AXIS2_PLACEMENT_3D('',#6431,#5257,#5258);
#4335=AXIS2_PLACEMENT_3D('',#6445,#5265,#5266);
#4336=AXIS2_PLACEMENT_3D('',#6466,#5277,#5278);
#4337=AXIS2_PLACEMENT_3D('',#6467,#5279,#5280);
#4338=AXIS2_PLACEMENT_3D('',#6475,#5285,#5286);
#4339=AXIS2_PLACEMENT_3D('',#6479,#5289,#5290);
#4340=AXIS2_PLACEMENT_3D('',#6483,#5293,#5294);
#4341=AXIS2_PLACEMENT_3D('',#6489,#5298,#5299);
#4342=AXIS2_PLACEMENT_3D('',#6495,#5303,#5304);
#4343=AXIS2_PLACEMENT_3D('',#6497,#5306,#5307);
#4344=AXIS2_PLACEMENT_3D('',#6501,#5309,#5310);
#4345=AXIS2_PLACEMENT_3D('',#6502,#5311,#5312);
#4346=AXIS2_PLACEMENT_3D('',#6503,#5313,#5314);
#4347=AXIS2_PLACEMENT_3D('',#6505,#5316,#5317);
#4348=AXIS2_PLACEMENT_3D('',#6508,#5320,#5321);
#4349=AXIS2_PLACEMENT_3D('',#6509,#5322,#5323);
#4350=AXIS2_PLACEMENT_3D('',#6510,#5324,#5325);
#4351=AXIS2_PLACEMENT_3D('',#6519,#5330,#5331);
#4352=AXIS2_PLACEMENT_3D('',#6523,#5333,#5334);
#4353=AXIS2_PLACEMENT_3D('',#6524,#5335,#5336);
#4354=AXIS2_PLACEMENT_3D('',#6525,#5337,#5338);
#4355=AXIS2_PLACEMENT_3D('',#6531,#5342,#5343);
#4356=AXIS2_PLACEMENT_3D('',#6535,#5345,#5346);
#4357=AXIS2_PLACEMENT_3D('',#6536,#5347,#5348);
#4358=AXIS2_PLACEMENT_3D('',#6537,#5349,#5350);
#4359=AXIS2_PLACEMENT_3D('',#6543,#5354,#5355);
#4360=AXIS2_PLACEMENT_3D('',#6547,#5357,#5358);
#4361=AXIS2_PLACEMENT_3D('',#6548,#5359,#5360);
#4362=AXIS2_PLACEMENT_3D('',#6549,#5361,#5362);
#4363=AXIS2_PLACEMENT_3D('',#6555,#5366,#5367);
#4364=AXIS2_PLACEMENT_3D('',#6556,#5368,#5369);
#4365=AXIS2_PLACEMENT_3D('',#6557,#5370,#5371);
#4366=AXIS2_PLACEMENT_3D('',#6558,#5372,#5373);
#4367=AXIS2_PLACEMENT_3D('',#6561,#5376,#5377);
#4368=AXIS2_PLACEMENT_3D('',#6563,#5379,#5380);
#4369=AXIS2_PLACEMENT_3D('',#6565,#5382,#5383);
#4370=AXIS2_PLACEMENT_3D('',#6567,#5385,#5386);
#4371=AXIS2_PLACEMENT_3D('',#6568,#5387,#5388);
#4372=AXIS2_PLACEMENT_3D('',#6570,#5390,#5391);
#4373=AXIS2_PLACEMENT_3D('',#6572,#5393,#5394);
#4374=AXIS2_PLACEMENT_3D('',#6574,#5396,#5397);
#4375=AXIS2_PLACEMENT_3D('',#6575,#5398,#5399);
#4376=AXIS2_PLACEMENT_3D('',#6583,#5404,#5405);
#4377=AXIS2_PLACEMENT_3D('',#6587,#5408,#5409);
#4378=AXIS2_PLACEMENT_3D('',#6591,#5412,#5413);
#4379=AXIS2_PLACEMENT_3D('',#6597,#5417,#5418);
#4380=AXIS2_PLACEMENT_3D('',#6603,#5422,#5423);
#4381=AXIS2_PLACEMENT_3D('',#6605,#5425,#5426);
#4382=AXIS2_PLACEMENT_3D('',#6609,#5428,#5429);
#4383=AXIS2_PLACEMENT_3D('',#6610,#5430,#5431);
#4384=AXIS2_PLACEMENT_3D('',#6611,#5432,#5433);
#4385=AXIS2_PLACEMENT_3D('',#6613,#5435,#5436);
#4386=AXIS2_PLACEMENT_3D('',#6616,#5439,#5440);
#4387=AXIS2_PLACEMENT_3D('',#6617,#5441,#5442);
#4388=AXIS2_PLACEMENT_3D('',#6618,#5443,#5444);
#4389=AXIS2_PLACEMENT_3D('',#6626,#5449,#5450);
#4390=AXIS2_PLACEMENT_3D('',#6630,#5453,#5454);
#4391=AXIS2_PLACEMENT_3D('',#6634,#5457,#5458);
#4392=AXIS2_PLACEMENT_3D('',#6640,#5462,#5463);
#4393=AXIS2_PLACEMENT_3D('',#6646,#5467,#5468);
#4394=AXIS2_PLACEMENT_3D('',#6648,#5470,#5471);
#4395=AXIS2_PLACEMENT_3D('',#6652,#5473,#5474);
#4396=AXIS2_PLACEMENT_3D('',#6653,#5475,#5476);
#4397=AXIS2_PLACEMENT_3D('',#6654,#5477,#5478);
#4398=AXIS2_PLACEMENT_3D('',#6656,#5480,#5481);
#4399=AXIS2_PLACEMENT_3D('',#6659,#5484,#5485);
#4400=AXIS2_PLACEMENT_3D('',#6660,#5486,#5487);
#4401=AXIS2_PLACEMENT_3D('',#6661,#5488,#5489);
#4402=AXIS2_PLACEMENT_3D('',#6669,#5494,#5495);
#4403=AXIS2_PLACEMENT_3D('',#6673,#5498,#5499);
#4404=AXIS2_PLACEMENT_3D('',#6677,#5502,#5503);
#4405=AXIS2_PLACEMENT_3D('',#6683,#5507,#5508);
#4406=AXIS2_PLACEMENT_3D('',#6689,#5512,#5513);
#4407=AXIS2_PLACEMENT_3D('',#6691,#5515,#5516);
#4408=AXIS2_PLACEMENT_3D('',#6695,#5518,#5519);
#4409=AXIS2_PLACEMENT_3D('',#6696,#5520,#5521);
#4410=AXIS2_PLACEMENT_3D('',#6697,#5522,#5523);
#4411=AXIS2_PLACEMENT_3D('',#6699,#5525,#5526);
#4412=AXIS2_PLACEMENT_3D('',#6702,#5529,#5530);
#4413=AXIS2_PLACEMENT_3D('',#6703,#5531,#5532);
#4414=DIRECTION('axis',(0.,0.,1.));
#4415=DIRECTION('refdir',(1.,0.,0.));
#4416=DIRECTION('center_axis',(0.323687691352583,-0.946163980749022,-9.05670199646459E-16));
#4417=DIRECTION('ref_axis',(-0.946163980749022,-0.323687691352583,-3.53836825630169E-16));
#4418=DIRECTION('',(-3.1262384896209E-15,-1.12300533351946E-16,-1.));
#4419=DIRECTION('',(-0.946163980749022,-0.323687691352583,1.91293027408632E-15));
#4420=DIRECTION('',(1.48029736616687E-16,-9.06560399044613E-16,1.));
#4421=DIRECTION('',(0.946163980749022,0.323687691352583,3.53836825630169E-16));
#4422=DIRECTION('center_axis',(1.,0.,0.));
#4423=DIRECTION('ref_axis',(0.,0.,-1.));
#4424=DIRECTION('',(0.,0.707106781186548,-0.707106781186547));
#4425=DIRECTION('',(0.,-1.,0.));
#4426=DIRECTION('',(0.,0.707106781186548,0.707106781186548));
#4427=DIRECTION('',(0.,-1.,5.55101360924172E-17));
#4428=DIRECTION('center_axis',(0.,-1.,5.55101360924172E-17));
#4429=DIRECTION('ref_axis',(0.923879532511287,0.,-0.38268343236509));
#4430=DIRECTION('center_axis',(0.,0.707106781186547,0.707106781186548));
#4431=DIRECTION('ref_axis',(0.,0.707106781186548,-0.707106781186547));
#4432=DIRECTION('center_axis',(0.,-0.707106781186548,0.707106781186548));
#4433=DIRECTION('ref_axis',(0.,-0.707106781186548,-0.707106781186548));
#4434=DIRECTION('center_axis',(0.,1.,0.));
#4435=DIRECTION('ref_axis',(0.923879532511287,0.,-0.38268343236509));
#4436=DIRECTION('',(-3.92140156871055E-10,-1.,3.92140212381191E-10));
#4437=DIRECTION('center_axis',(0.,1.,0.));
#4438=DIRECTION('ref_axis',(0.923879532511287,0.,-0.38268343236509));
#4439=DIRECTION('',(0.,1.,-5.55101360924172E-17));
#4440=DIRECTION('center_axis',(0.,-1.,7.44876032406659E-9));
#4441=DIRECTION('ref_axis',(0.923879532511287,-2.8505171676787E-9,-0.38268343236509));
#4442=DIRECTION('',(0.,1.,-5.55101360924172E-17));
#4443=DIRECTION('center_axis',(0.,-1.,0.));
#4444=DIRECTION('ref_axis',(0.923879532511287,0.,-0.38268343236509));
#4445=DIRECTION('center_axis',(0.,1.,-7.44876089145084E-9));
#4446=DIRECTION('ref_axis',(0.707106781186548,-5.2670698441196E-9,-0.707106781186547));
#4447=DIRECTION('center_axis',(0.,1.,0.));
#4448=DIRECTION('ref_axis',(0.707106781186548,0.,-0.707106781186547));
#4449=DIRECTION('',(0.,1.,-7.44876089145084E-9));
#4450=DIRECTION('center_axis',(0.,-1.,7.44876032406659E-9));
#4451=DIRECTION('ref_axis',(0.707106781186548,-5.2670698441196E-9,-0.707106781186547));
#4452=DIRECTION('center_axis',(0.,0.,1.));
#4453=DIRECTION('ref_axis',(0.,-1.,0.));
#4454=DIRECTION('',(1.,0.,0.));
#4455=DIRECTION('',(0.,-1.,0.));
#4456=DIRECTION('',(-1.,0.,0.));
#4457=DIRECTION('',(0.,1.,0.));
#4458=DIRECTION('center_axis',(-1.23259516440779E-32,-3.08148791102015E-33,
-1.));
#4459=DIRECTION('ref_axis',(-1.,4.93432455388932E-15,1.23259516440779E-32));
#4460=DIRECTION('center_axis',(1.23259516440779E-32,3.08148791102015E-33,
1.));
#4461=DIRECTION('ref_axis',(-1.,4.93432455388932E-15,1.23259516440779E-32));
#4462=DIRECTION('',(-2.07776693129276E-14,-0.422885458678096,-0.906183143100012));
#4463=DIRECTION('center_axis',(-1.23259516440779E-32,-3.08148791102015E-33,
-1.));
#4464=DIRECTION('ref_axis',(-1.,4.93432455388932E-15,1.23259516440779E-32));
#4465=DIRECTION('',(-0.422885458678096,0.,-0.906183143100012));
#4466=DIRECTION('center_axis',(0.,-0.906183139995266,0.422885465331123));
#4467=DIRECTION('ref_axis',(0.,-0.422885465331123,-0.906183139995266));
#4468=DIRECTION('',(1.,-1.5687574819736E-32,-3.36162317565772E-32));
#4469=DIRECTION('',(0.,-0.422885465331123,-0.906183139995266));
#4470=DIRECTION('',(1.,0.,0.));
#4471=DIRECTION('',(0.671492221553768,-0.313363036725091,-0.671492221553768));
#4472=DIRECTION('center_axis',(-1.16308787201355E-77,-0.906183143100011,
0.422885458678096));
#4473=DIRECTION('ref_axis',(-2.07776693129276E-14,-0.422885458678096,-0.906183143100012));
#4474=DIRECTION('',(1.,-1.56875746148138E-32,-3.36162319614994E-32));
#4475=DIRECTION('',(0.671492222817052,0.313363031311016,0.671492222817052));
#4476=DIRECTION('',(-1.,1.28350199501028E-77,0.));
#4477=DIRECTION('center_axis',(-5.47382212626881E-47,-5.47382212626886E-47,
-1.));
#4478=DIRECTION('ref_axis',(4.93432455388959E-15,-1.,5.47382212626884E-47));
#4479=DIRECTION('center_axis',(5.47382212626881E-47,5.47382212626886E-47,
1.));
#4480=DIRECTION('ref_axis',(4.93432455388959E-15,-1.,5.47382212626884E-47));
#4481=DIRECTION('',(0.422885465331123,-2.58942665761849E-17,-0.906183139995266));
#4482=DIRECTION('center_axis',(5.47382212626881E-47,5.47382212626886E-47,
1.));
#4483=DIRECTION('ref_axis',(4.93432455388959E-15,-1.,5.47382212626884E-47));
#4484=DIRECTION('center_axis',(0.906183139995266,-8.65146122583123E-109,
0.422885465331123));
#4485=DIRECTION('ref_axis',(-0.422885465331123,2.03989332713953E-15,0.906183139995266));
#4486=DIRECTION('',(7.06505561125096E-17,1.,-1.51394048812521E-16));
#4487=DIRECTION('',(-0.422885465331123,2.03989332713953E-15,0.906183139995266));
#4488=DIRECTION('',(9.54714432876827E-109,1.,0.));
#4489=DIRECTION('',(0.313363036725091,0.671492221553768,-0.671492221553768));
#4490=DIRECTION('center_axis',(0.906183139995266,-1.00606536781044E-15,
0.422885465331123));
#4491=DIRECTION('ref_axis',(0.422885465331123,-2.58942665761849E-17,-0.906183139995266));
#4492=DIRECTION('',(8.27620786075444E-16,1.,6.05576181150422E-16));
#4493=DIRECTION('',(0.31336303672509,-0.671492221553768,-0.671492221553768));
#4494=DIRECTION('',(1.11022300394564E-15,1.,-2.57318914322092E-31));
#4495=DIRECTION('center_axis',(3.08148791101955E-33,-3.08148791101955E-33,
-1.));
#4496=DIRECTION('ref_axis',(9.4955677457596E-66,1.,-3.08148791101955E-33));
#4497=DIRECTION('center_axis',(-3.08148791101955E-33,3.08148791101955E-33,
1.));
#4498=DIRECTION('ref_axis',(9.4955677457596E-66,1.,-3.08148791101955E-33));
#4499=DIRECTION('',(0.,-0.422885465331123,0.906183139995266));
#4500=DIRECTION('center_axis',(-3.08148791101955E-33,3.08148791101955E-33,
1.));
#4501=DIRECTION('ref_axis',(9.4955677457596E-66,1.,-3.08148791101955E-33));
#4502=DIRECTION('center_axis',(-1.14978899361906E-15,0.906183139995266,
0.422885465331123));
#4503=DIRECTION('ref_axis',(0.,-0.422885465331123,0.906183139995266));
#4504=DIRECTION('',(-1.,-8.6510883562455E-16,-8.6510883562455E-16));
#4505=DIRECTION('',(-0.671492221553768,-0.313363036725092,0.671492221553768));
#4506=DIRECTION('',(-1.,-1.26882629224934E-15,0.));
#4507=DIRECTION('center_axis',(0.,0.,1.));
#4508=DIRECTION('ref_axis',(0.707106781186547,0.707106781186547,-6.28036983473511E-17));
#4509=DIRECTION('',(0.,-0.707106781186546,-0.707106781186549));
#4510=DIRECTION('center_axis',(-4.93038065763132E-32,-2.22044604925031E-16,
-1.));
#4511=DIRECTION('ref_axis',(0.707106781186548,0.707106781186548,0.));
#4512=DIRECTION('',(-0.707106781186539,0.,-0.707106781186556));
#4513=DIRECTION('center_axis',(4.93038065763132E-32,2.22044604925031E-16,
1.));
#4514=DIRECTION('ref_axis',(0.707106781186548,0.707106781186548,-1.57009245868378E-16));
#4515=DIRECTION('center_axis',(0.707106781186547,0.,-0.707106781186548));
#4516=DIRECTION('ref_axis',(-0.707106781186548,0.,-0.707106781186547));
#4517=DIRECTION('center_axis',(0.707106781186547,0.,-0.707106781186548));
#4518=DIRECTION('ref_axis',(0.707106781186548,-4.90653893338679E-17,0.707106781186547));
#4519=DIRECTION('',(0.577350269189626,0.577350269189626,0.577350269189626));
#4520=DIRECTION('',(0.,-1.,0.));
#4521=DIRECTION('',(0.577350269189624,-0.57735026918963,0.577350269189623));
#4522=DIRECTION('center_axis',(0.707106781186547,0.,-0.707106781186548));
#4523=DIRECTION('ref_axis',(0.707106781186548,-4.9065389333868E-17,0.707106781186547));
#4524=DIRECTION('center_axis',(0.707106781186546,-1.57009245868378E-16,
-0.707106781186549));
#4525=DIRECTION('ref_axis',(-0.707106781186549,0.,-0.707106781186546));
#4526=DIRECTION('',(-0.707106781186549,0.,-0.707106781186546));
#4527=DIRECTION('',(0.,1.,-2.22044604925031E-16));
#4528=DIRECTION('',(0.,-1.,2.22044604925031E-16));
#4529=DIRECTION('center_axis',(0.,0.,1.));
#4530=DIRECTION('ref_axis',(0.707106781186547,-0.707106781186547,6.2803698347351E-17));
#4531=DIRECTION('center_axis',(-4.93038065763132E-32,-2.22044604925031E-16,
-1.));
#4532=DIRECTION('ref_axis',(0.707106781186548,-0.707106781186548,0.));
#4533=DIRECTION('',(0.,0.707106781186549,-0.707106781186546));
#4534=DIRECTION('center_axis',(4.93038065763132E-32,2.22044604925031E-16,
1.));
#4535=DIRECTION('ref_axis',(0.707106781186548,-0.707106781186548,1.57009245868377E-16));
#4536=DIRECTION('center_axis',(-3.48630559684211E-32,-0.707106781186544,
-0.707106781186551));
#4537=DIRECTION('ref_axis',(-1.,0.,4.93038065763132E-32));
#4538=DIRECTION('',(-2.94392336003209E-16,0.707106781186551,-0.707106781186544));
#4539=DIRECTION('',(1.,0.,-4.93038065763132E-32));
#4540=DIRECTION('',(-1.,0.,4.93038065763132E-32));
#4541=DIRECTION('center_axis',(-3.48630559684209E-32,0.707106781186549,
-0.707106781186546));
#4542=DIRECTION('ref_axis',(-1.,0.,4.93038065763132E-32));
#4543=DIRECTION('',(-1.,0.,4.93038065763132E-32));
#4544=DIRECTION('',(-9.81307786677351E-17,-0.707106781186539,-0.707106781186556));
#4545=DIRECTION('',(1.,0.,-4.93038065763132E-32));
#4546=DIRECTION('center_axis',(0.,0.906183139995266,0.422885465331123));
#4547=DIRECTION('ref_axis',(0.,0.422885465331123,-0.906183139995266));
#4548=DIRECTION('',(-1.,-1.5687574819736E-32,3.36162317565772E-32));
#4549=DIRECTION('',(0.,0.422885465331123,-0.906183139995266));
#4550=DIRECTION('',(1.,0.,0.));
#4551=DIRECTION('',(-0.671492221553768,0.313363036725091,-0.671492221553768));
#4552=DIRECTION('center_axis',(-1.17687175714773E-46,-9.57918872097056E-47,
-1.));
#4553=DIRECTION('ref_axis',(-7.00057296083083E-14,1.,-9.57918872096974E-47));
#4554=DIRECTION('center_axis',(1.17687175714773E-46,9.57918872097056E-47,
1.));
#4555=DIRECTION('ref_axis',(-7.00057296083083E-14,1.,-9.57918872096974E-47));
#4556=DIRECTION('',(-0.422885465331123,2.96042166311421E-14,-0.906183139995266));
#4557=DIRECTION('center_axis',(-1.17687175714773E-46,-9.57918872097056E-47,
-1.));
#4558=DIRECTION('ref_axis',(-7.00057296083082E-14,1.,-9.57918872096974E-47));
#4559=DIRECTION('center_axis',(-0.906183139995266,2.13268943634942E-14,
0.422885465331123));
#4560=DIRECTION('ref_axis',(-0.422885465331123,2.96042166311421E-14,-0.906183139995266));
#4561=DIRECTION('',(-1.59758456729191E-14,-1.,1.61978902778441E-14));
#4562=DIRECTION('',(-0.313363036725076,0.671492221553771,-0.671492221553772));
#4563=DIRECTION('',(2.3534861135913E-14,1.,0.));
#4564=DIRECTION('center_axis',(-0.906183139995266,2.13268943634942E-14,
-0.422885465331123));
#4565=DIRECTION('ref_axis',(0.422885465331123,-2.96042166311422E-14,-0.906183139995266));
#4566=DIRECTION('',(0.,-1.,-5.04318452912422E-14));
#4567=DIRECTION('',(0.422885465331123,-2.96042166311422E-14,-0.906183139995266));
#4568=DIRECTION('',(-0.313363036725106,-0.671492221553764,0.671492221553765));
#4569=DIRECTION('center_axis',(0.,0.,1.));
#4570=DIRECTION('ref_axis',(1.,0.,0.));
#4571=DIRECTION('',(0.,1.,0.));
#4572=DIRECTION('',(-1.,0.,0.));
#4573=DIRECTION('',(0.,-1.,0.));
#4574=DIRECTION('',(1.,0.,0.));
#4575=DIRECTION('center_axis',(-3.87057674449365E-48,-0.707106781186548,
-0.707106781186547));
#4576=DIRECTION('ref_axis',(-1.,0.,5.47382212626882E-48));
#4577=DIRECTION('',(0.577350269189626,0.577350269189626,-0.577350269189626));
#4578=DIRECTION('',(0.,-0.707106781186547,0.707106781186548));
#4579=DIRECTION('center_axis',(0.,-1.,7.44876032406659E-9));
#4580=DIRECTION('ref_axis',(0.,-7.44876032406659E-9,-1.));
#4581=DIRECTION('',(1.,0.,0.));
#4582=DIRECTION('',(0.,7.44876032406659E-9,1.));
#4583=DIRECTION('',(1.,0.,0.));
#4584=DIRECTION('',(0.707106781186547,5.26706893658079E-9,0.707106781186548));
#4585=DIRECTION('center_axis',(0.,-1.,-7.45057989369508E-9));
#4586=DIRECTION('ref_axis',(0.,7.45057989369508E-9,-1.));
#4587=DIRECTION('',(0.707106781186547,-5.26835556660394E-9,0.707106781186548));
#4588=DIRECTION('',(0.,-7.45057989369508E-9,1.));
#4589=DIRECTION('center_axis',(0.707106781186548,-3.92515936555363E-17,
-0.707106781186547));
#4590=DIRECTION('ref_axis',(-0.707106781186547,0.,-0.707106781186548));
#4591=DIRECTION('',(0.,-1.,5.55101360924172E-17));
#4592=DIRECTION('',(0.707106781186547,0.,0.707106781186548));
#4593=DIRECTION('center_axis',(0.,1.,0.));
#4594=DIRECTION('ref_axis',(0.,0.,1.));
#4595=DIRECTION('',(-1.,0.,0.));
#4596=DIRECTION('',(0.,0.,-1.));
#4597=DIRECTION('center_axis',(0.,0.707106781186547,0.707106781186548));
#4598=DIRECTION('ref_axis',(1.,0.,0.));
#4599=DIRECTION('',(0.,0.707106781186548,-0.707106781186547));
#4600=DIRECTION('',(1.,0.,0.));
#4601=DIRECTION('center_axis',(0.,0.,1.));
#4602=DIRECTION('ref_axis',(0.,-1.,0.));
#4603=DIRECTION('',(0.,1.,0.));
#4604=DIRECTION('',(-1.,0.,0.));
#4605=DIRECTION('center_axis',(0.,-0.707106781186548,0.707106781186548));
#4606=DIRECTION('ref_axis',(1.,0.,0.));
#4607=DIRECTION('',(0.,0.707106781186548,0.707106781186548));
#4608=DIRECTION('',(1.,0.,0.));
#4609=DIRECTION('center_axis',(0.,-1.,0.));
#4610=DIRECTION('ref_axis',(0.,0.,-1.));
#4611=DIRECTION('',(0.,0.,1.));
#4612=DIRECTION('',(-0.707106781186548,0.,-0.707106781186548));
#4613=DIRECTION('center_axis',(0.707106781186548,-5.54569967449752E-10,
-0.707106781186548));
#4614=DIRECTION('ref_axis',(-0.707106781186548,0.,-0.707106781186548));
#4615=DIRECTION('',(0.,-1.,7.84280369252245E-10));
#4616=DIRECTION('',(-0.707106781186547,-7.02348425862536E-9,-0.707106781186547));
#4617=DIRECTION('',(-0.707106781186548,0.,-0.707106781186548));
#4618=DIRECTION('center_axis',(0.,1.,-9.93270669366193E-9));
#4619=DIRECTION('ref_axis',(0.,9.93270669366193E-9,1.));
#4620=DIRECTION('',(0.,-9.93270669366193E-9,-1.));
#4621=DIRECTION('',(1.,0.,0.));
#4622=DIRECTION('center_axis',(0.,1.,0.));
#4623=DIRECTION('ref_axis',(0.,0.,1.));
#4624=DIRECTION('',(0.,0.,-1.));
#4625=DIRECTION('',(-1.,0.,0.));
#4626=DIRECTION('center_axis',(0.,-7.44876089145084E-9,-1.));
#4627=DIRECTION('ref_axis',(0.,1.,-7.44876089145084E-9));
#4628=DIRECTION('',(0.,-1.,7.44876089145084E-9));
#4629=DIRECTION('center_axis',(1.17687175714773E-46,9.57918872097056E-47,
1.));
#4630=DIRECTION('ref_axis',(-7.00057296083083E-14,1.,-9.57918872096974E-47));
#4631=DIRECTION('center_axis',(0.,0.,1.));
#4632=DIRECTION('ref_axis',(-0.707106781186549,0.707106781186546,0.));
#4633=DIRECTION('',(0.,-0.422885465331123,-0.906183139995266));
#4634=DIRECTION('center_axis',(-0.707106781186548,-3.4231605441541E-64,
-0.707106781186547));
#4635=DIRECTION('ref_axis',(-0.707106781186547,0.,0.707106781186548));
#4636=DIRECTION('',(0.577350269189626,-0.577350269189626,-0.577350269189626));
#4637=DIRECTION('',(-0.707106781186547,0.,0.707106781186548));
#4638=DIRECTION('',(-0.671492221553768,0.31336303672509,0.671492221553768));
#4639=DIRECTION('center_axis',(-1.14978899361906E-15,0.906183139995266,
-0.422885465331123));
#4640=DIRECTION('ref_axis',(0.,0.422885465331123,0.906183139995266));
#4641=DIRECTION('',(-1.,0.,2.71891348339145E-15));
#4642=DIRECTION('',(0.,0.422885465331123,0.906183139995266));
#4643=DIRECTION('center_axis',(0.,0.906183139995266,-0.422885465331123));
#4644=DIRECTION('ref_axis',(0.,-0.422885465331123,-0.906183139995266));
#4645=DIRECTION('',(-1.,0.,0.));
#4646=DIRECTION('',(-0.671492221553768,-0.313363036725091,-0.671492221553768));
#4647=DIRECTION('center_axis',(0.707106781186548,-3.42316054415411E-64,
-0.707106781186548));
#4648=DIRECTION('ref_axis',(-0.707106781186548,0.,-0.707106781186548));
#4649=DIRECTION('',(0.577350269189626,0.577350269189626,0.577350269189626));
#4650=DIRECTION('',(-0.707106781186548,0.,-0.707106781186548));
#4651=DIRECTION('center_axis',(0.,1.,0.));
#4652=DIRECTION('ref_axis',(-0.707106781186544,0.,-0.707106781186551));
#4653=DIRECTION('center_axis',(0.,-1.,0.));
#4654=DIRECTION('ref_axis',(-0.707106781186544,0.,-0.707106781186551));
#4655=DIRECTION('',(0.,1.,0.));
#4656=DIRECTION('center_axis',(0.,1.,0.));
#4657=DIRECTION('ref_axis',(-0.707106781186544,0.,-0.707106781186551));
#4658=DIRECTION('',(0.,-1.,0.));
#4659=DIRECTION('center_axis',(0.,0.,1.));
#4660=DIRECTION('ref_axis',(0.,-1.,0.));
#4661=DIRECTION('',(-1.,0.,0.));
#4662=DIRECTION('',(0.,-1.,0.));
#4663=DIRECTION('',(1.,0.,0.));
#4664=DIRECTION('center_axis',(0.,1.,0.));
#4665=DIRECTION('ref_axis',(0.707106781186544,0.,-0.707106781186551));
#4666=DIRECTION('center_axis',(0.,-1.,0.));
#4667=DIRECTION('ref_axis',(0.707106781186544,0.,-0.707106781186551));
#4668=DIRECTION('',(0.,1.,0.));
#4669=DIRECTION('center_axis',(0.,1.,0.));
#4670=DIRECTION('ref_axis',(0.707106781186544,0.,-0.707106781186551));
#4671=DIRECTION('center_axis',(-3.08148791101955E-33,3.08148791101955E-33,
1.));
#4672=DIRECTION('ref_axis',(9.4955677457596E-66,1.,-3.08148791101955E-33));
#4673=DIRECTION('center_axis',(0.,0.,1.));
#4674=DIRECTION('ref_axis',(0.707106781186551,0.707106781186544,0.));
#4675=DIRECTION('',(0.422885465331123,-2.03989332713954E-15,0.906183139995266));
#4676=DIRECTION('center_axis',(-0.894426501275173,0.,-0.447214974946784));
#4677=DIRECTION('ref_axis',(-0.447214974946784,0.,0.894426501275173));
#4678=DIRECTION('',(-0.447214974946784,0.,0.894426501275173));
#4679=DIRECTION('',(0.,1.,0.));
#4680=DIRECTION('',(-0.447214974946784,0.,0.894426501275173));
#4681=DIRECTION('',(0.,1.,0.));
#4682=DIRECTION('center_axis',(-0.868243142124459,0.,0.496138938356834));
#4683=DIRECTION('ref_axis',(0.496138938356834,0.,0.868243142124459));
#4684=DIRECTION('',(0.496138938356834,0.,0.868243142124459));
#4685=DIRECTION('',(0.,1.,0.));
#4686=DIRECTION('',(0.496138938356834,0.,0.868243142124459));
#4687=DIRECTION('center_axis',(0.,1.,0.));
#4688=DIRECTION('ref_axis',(-0.158764460274186,0.,0.987316487330099));
#4689=DIRECTION('center_axis',(0.,-1.,0.));
#4690=DIRECTION('ref_axis',(-0.158764460274186,0.,0.987316487330099));
#4691=DIRECTION('',(0.,1.,0.));
#4692=DIRECTION('center_axis',(0.,1.,0.));
#4693=DIRECTION('ref_axis',(-0.158764460274186,0.,0.987316487330099));
#4694=DIRECTION('center_axis',(1.,0.,0.));
#4695=DIRECTION('ref_axis',(0.,0.707106781186548,0.707106781186547));
#4696=DIRECTION('center_axis',(-0.707106781186547,0.,-0.707106781186548));
#4697=DIRECTION('ref_axis',(-0.707106781186548,-4.90653893338679E-17,0.707106781186547));
#4698=DIRECTION('center_axis',(-0.707106781186548,-0.707106781186548,0.));
#4699=DIRECTION('ref_axis',(-0.707106781186548,0.707106781186548,0.));
#4700=DIRECTION('',(1.,0.,0.));
#4701=DIRECTION('center_axis',(0.707106781186548,-0.707106781186548,0.));
#4702=DIRECTION('ref_axis',(0.707106781186548,0.707106781186548,0.));
#4703=DIRECTION('center_axis',(0.,1.,0.));
#4704=DIRECTION('ref_axis',(0.,0.,1.));
#4705=DIRECTION('',(-1.,0.,0.));
#4706=DIRECTION('',(0.,0.,-1.));
#4707=DIRECTION('',(0.,0.,1.));
#4708=DIRECTION('center_axis',(0.707106781186548,-0.707106781186548,0.));
#4709=DIRECTION('ref_axis',(0.,0.,-1.));
#4710=DIRECTION('',(0.,0.,1.));
#4711=DIRECTION('center_axis',(0.707106781186548,-0.707106781186548,0.));
#4712=DIRECTION('ref_axis',(0.707106781186547,0.707106781186547,-9.81307786677359E-17));
#4713=DIRECTION('',(-0.577350269189626,-0.577350269189626,0.577350269189626));
#4714=DIRECTION('center_axis',(0.707106781186551,0.707106781186544,0.));
#4715=DIRECTION('ref_axis',(0.,0.,-1.));
#4716=DIRECTION('',(0.,0.,-1.));
#4717=DIRECTION('',(-0.577350269189624,0.577350269189631,0.577350269189623));
#4718=DIRECTION('center_axis',(0.707106781186551,0.707106781186544,0.));
#4719=DIRECTION('ref_axis',(0.707106781186544,-0.707106781186551,9.81307786677365E-17));
#4720=DIRECTION('',(0.,0.,1.));
#4721=DIRECTION('center_axis',(0.707106781186551,0.707106781186544,0.));
#4722=DIRECTION('ref_axis',(0.707106781186544,-0.707106781186551,-4.90653893338682E-17));
#4723=DIRECTION('center_axis',(1.,0.,0.));
#4724=DIRECTION('ref_axis',(0.,-0.707106781186549,0.707106781186546));
#4725=DIRECTION('',(-1.,0.,0.));
#4726=DIRECTION('center_axis',(-0.707106781186544,0.707106781186551,0.));
#4727=DIRECTION('ref_axis',(-0.707106781186551,-0.707106781186543,-4.90653893338677E-17));
#4728=DIRECTION('center_axis',(-0.707106781186547,0.,-0.707106781186548));
#4729=DIRECTION('ref_axis',(-0.707106781186548,-4.9065389333868E-17,0.707106781186547));
#4730=DIRECTION('center_axis',(0.,-1.,0.));
#4731=DIRECTION('ref_axis',(0.,0.,-1.));
#4732=DIRECTION('',(1.,0.,0.));
#4733=DIRECTION('',(0.,0.,-1.));
#4734=DIRECTION('center_axis',(-0.707106781186547,0.,-0.707106781186548));
#4735=DIRECTION('ref_axis',(-0.707106781186548,0.,0.707106781186547));
#4736=DIRECTION('',(0.,1.,0.));
#4737=DIRECTION('',(0.577350269189626,-0.577350269189626,-0.577350269189626));
#4738=DIRECTION('',(0.577350269189628,0.577350269189622,-0.577350269189628));
#4739=DIRECTION('center_axis',(0.,0.,1.));
#4740=DIRECTION('ref_axis',(1.,0.,0.));
#4741=DIRECTION('',(0.,-1.,0.));
#4742=DIRECTION('',(1.,0.,0.));
#4743=DIRECTION('',(1.,0.,0.));
#4744=DIRECTION('center_axis',(0.906183139995266,-8.65146122583123E-109,
-0.422885465331123));
#4745=DIRECTION('ref_axis',(0.422885465331123,-2.03989332713954E-15,0.906183139995266));
#4746=DIRECTION('',(0.,1.,-2.04581664187892E-108));
#4747=DIRECTION('',(-0.313363036725091,0.671492221553768,-0.671492221553768));
#4748=DIRECTION('center_axis',(-3.87057674449365E-48,-0.707106781186548,
-0.707106781186547));
#4749=DIRECTION('ref_axis',(-1.,0.,5.47382212626882E-48));
#4750=DIRECTION('',(0.577350269189622,-0.577350269189628,0.577350269189628));
#4751=DIRECTION('',(0.,0.707106781186547,-0.707106781186548));
#4752=DIRECTION('center_axis',(-3.87057674449365E-48,0.707106781186548,
-0.707106781186547));
#4753=DIRECTION('ref_axis',(-1.,0.,5.47382212626882E-48));
#4754=DIRECTION('',(-0.577350269189622,-0.577350269189628,-0.577350269189628));
#4755=DIRECTION('',(0.,0.707106781186547,0.707106781186548));
#4756=DIRECTION('',(-0.313363036725092,-0.671492221553768,-0.671492221553768));
#4757=DIRECTION('center_axis',(0.906183139995266,-1.00606536781044E-15,
-0.422885465331123));
#4758=DIRECTION('ref_axis',(-0.422885465331123,2.58942665761849E-17,-0.906183139995266));
#4759=DIRECTION('',(0.,1.,-2.37904929416923E-15));
#4760=DIRECTION('',(-0.422885465331123,2.58942665761849E-17,-0.906183139995266));
#4761=DIRECTION('center_axis',(5.47382212626881E-47,5.47382212626886E-47,
1.));
#4762=DIRECTION('ref_axis',(4.93432455388959E-15,-1.,5.47382212626884E-47));
#4763=DIRECTION('center_axis',(0.,0.,1.));
#4764=DIRECTION('ref_axis',(0.707106781186548,-0.707106781186548,0.));
#4765=DIRECTION('',(0.,0.422885465331123,-0.906183139995266));
#4766=DIRECTION('center_axis',(0.,-1.,0.));
#4767=DIRECTION('ref_axis',(-1.,0.,0.));
#4768=DIRECTION('center_axis',(0.,1.,0.));
#4769=DIRECTION('ref_axis',(-1.,0.,0.));
#4770=DIRECTION('',(0.,-1.,0.));
#4771=DIRECTION('center_axis',(0.,-1.,0.));
#4772=DIRECTION('ref_axis',(-1.,0.,0.));
#4773=DIRECTION('',(0.,-1.,0.));
#4774=DIRECTION('center_axis',(-1.58603286868792E-16,0.,1.));
#4775=DIRECTION('ref_axis',(-1.,0.,-1.58603286868792E-16));
#4776=DIRECTION('',(1.,0.,1.58603286868792E-16));
#4777=DIRECTION('',(-1.,0.,-1.58603286868792E-16));
#4778=DIRECTION('',(0.,-1.,0.));
#4779=DIRECTION('center_axis',(0.,-1.,0.));
#4780=DIRECTION('ref_axis',(1.,0.,-1.89882151931499E-15));
#4781=DIRECTION('center_axis',(0.,1.,0.));
#4782=DIRECTION('ref_axis',(-1.,0.,0.));
#4783=DIRECTION('center_axis',(0.,-1.,0.));
#4784=DIRECTION('ref_axis',(-1.,0.,0.));
#4785=DIRECTION('',(0.,-1.,0.));
#4786=DIRECTION('center_axis',(1.18952465151594E-16,0.,-1.));
#4787=DIRECTION('ref_axis',(1.,0.,1.18952465151594E-16));
#4788=DIRECTION('',(-1.,0.,-1.18952465151594E-16));
#4789=DIRECTION('',(1.,0.,1.18952465151594E-16));
#4790=DIRECTION('center_axis',(-1.16308787201355E-77,-0.906183143100011,
-0.422885458678097));
#4791=DIRECTION('ref_axis',(2.07776693129276E-14,0.422885458678097,-0.906183143100011));
#4792=DIRECTION('',(1.,0.,-2.75036147057234E-77));
#4793=DIRECTION('',(2.07776693129276E-14,0.422885458678097,-0.906183143100011));
#4794=DIRECTION('',(0.671492222817052,-0.313363031311016,0.671492222817052));
#4795=DIRECTION('center_axis',(0.,-0.906183139995266,-0.422885465331123));
#4796=DIRECTION('ref_axis',(0.,0.422885465331123,-0.906183139995266));
#4797=DIRECTION('',(1.,0.,0.));
#4798=DIRECTION('',(0.671492221553768,0.313363036725091,-0.671492221553768));
#4799=DIRECTION('center_axis',(-0.707106781186548,-3.4231605441541E-64,
-0.707106781186547));
#4800=DIRECTION('ref_axis',(-0.707106781186547,0.,0.707106781186548));
#4801=DIRECTION('',(-0.577350269189626,-0.577350269189626,0.577350269189626));
#4802=DIRECTION('',(0.707106781186547,0.,-0.707106781186548));
#4803=DIRECTION('center_axis',(0.707106781186548,-3.42316054415411E-64,
-0.707106781186548));
#4804=DIRECTION('ref_axis',(-0.707106781186548,0.,-0.707106781186548));
#4805=DIRECTION('',(-0.577350269189626,0.577350269189626,-0.577350269189626));
#4806=DIRECTION('',(0.707106781186548,0.,0.707106781186548));
#4807=DIRECTION('center_axis',(1.23259516440779E-32,3.08148791102015E-33,
1.));
#4808=DIRECTION('ref_axis',(-1.,4.93432455388932E-15,1.23259516440779E-32));
#4809=DIRECTION('center_axis',(0.,0.,1.));
#4810=DIRECTION('ref_axis',(-0.707106781186549,-0.707106781186546,0.));
#4811=DIRECTION('',(0.422885458678097,0.,-0.906183143100011));
#4812=DIRECTION('center_axis',(-0.906183143100011,4.19193779240579E-17,
-0.422885458678097));
#4813=DIRECTION('ref_axis',(0.422885458678097,0.,-0.906183143100011));
#4814=DIRECTION('',(0.,-1.,-9.9127026157613E-17));
#4815=DIRECTION('',(0.313363031311016,-0.671492222817052,-0.671492222817052));
#4816=DIRECTION('',(4.62592779872881E-17,1.,0.));
#4817=DIRECTION('center_axis',(0.,0.,1.));
#4818=DIRECTION('ref_axis',(-0.707106781186548,-0.707106781186547,6.2803698347351E-17));
#4819=DIRECTION('center_axis',(-4.93038065763132E-32,-2.22044604925031E-16,
-1.));
#4820=DIRECTION('ref_axis',(-0.707106781186548,-0.707106781186547,0.));
#4821=DIRECTION('',(-0.70710678118653,0.,0.707106781186565));
#4822=DIRECTION('center_axis',(4.93038065763132E-32,2.22044604925031E-16,
1.));
#4823=DIRECTION('ref_axis',(-0.707106781186548,-0.707106781186547,1.57009245868377E-16));
#4824=DIRECTION('center_axis',(4.93038065763132E-32,2.22044604925031E-16,
1.));
#4825=DIRECTION('ref_axis',(-1.,2.22044604925031E-16,-1.09476442525376E-47));
#4826=DIRECTION('',(-2.22044604925031E-16,-1.,2.22044604925031E-16));
#4827=DIRECTION('center_axis',(4.93038065763132E-32,2.22044604925031E-16,
1.));
#4828=DIRECTION('ref_axis',(-0.707106781186548,0.707106781186547,-1.57009245868377E-16));
#4829=DIRECTION('center_axis',(0.,0.,1.));
#4830=DIRECTION('ref_axis',(-0.707106781186548,0.707106781186547,9.42055475210265E-17));
#4831=DIRECTION('',(0.70710678118653,0.,-0.707106781186565));
#4832=DIRECTION('center_axis',(-4.93038065763132E-32,-2.22044604925031E-16,
-1.));
#4833=DIRECTION('ref_axis',(-0.707106781186548,0.707106781186547,2.61682076447296E-16));
#4834=DIRECTION('center_axis',(0.,0.,1.));
#4835=DIRECTION('ref_axis',(0.,1.,0.));
#4836=DIRECTION('',(-2.22044604925031E-16,-1.,0.));
#4837=DIRECTION('',(-1.,0.,0.));
#4838=DIRECTION('',(0.,1.,0.));
#4839=DIRECTION('',(-1.,0.,0.));
#4840=DIRECTION('center_axis',(-1.,0.,0.));
#4841=DIRECTION('ref_axis',(0.,0.99999999254942,-0.000122070306893197));
#4842=DIRECTION('center_axis',(1.,-2.22044604925031E-16,-1.48029736616688E-16));
#4843=DIRECTION('ref_axis',(0.,0.000211431979670375,-0.999999977648259));
#4844=DIRECTION('',(-1.,0.,0.));
#4845=DIRECTION('center_axis',(-1.,0.,0.));
#4846=DIRECTION('ref_axis',(0.,-0.000211431979670375,0.999999977648259));
#4847=DIRECTION('center_axis',(0.,0.,-1.));
#4848=DIRECTION('ref_axis',(0.,-1.,0.));
#4849=DIRECTION('',(2.22044604925031E-16,1.,0.));
#4850=DIRECTION('',(-1.,0.,0.));
#4851=DIRECTION('',(0.,-1.,0.));
#4852=DIRECTION('center_axis',(-1.,0.,0.));
#4853=DIRECTION('ref_axis',(0.,-0.999999994412065,0.000105715990314817));
#4854=DIRECTION('center_axis',(1.,-2.22044604925031E-16,-1.48029736616688E-16));
#4855=DIRECTION('ref_axis',(0.,-0.000122070310680715,0.99999999254942));
#4856=DIRECTION('center_axis',(-1.,0.,0.));
#4857=DIRECTION('ref_axis',(0.,0.000122070310680715,-0.99999999254942));
#4858=DIRECTION('center_axis',(-3.87057674449365E-48,0.707106781186547,
-0.707106781186548));
#4859=DIRECTION('ref_axis',(-1.,0.,5.47382212626882E-48));
#4860=DIRECTION('',(0.,-0.707106781186548,-0.707106781186547));
#4861=DIRECTION('',(-1.,4.93038065763132E-32,4.93038065763132E-32));
#4862=DIRECTION('',(-0.313363031311016,-0.671492222817053,-0.671492222817052));
#4863=DIRECTION('center_axis',(-0.906183143100011,4.19193779240579E-17,
0.422885458678096));
#4864=DIRECTION('ref_axis',(-0.422885458678096,0.,-0.906183143100012));
#4865=DIRECTION('',(-0.422885458678096,-1.07313643398647E-16,-0.906183143100012));
#4866=DIRECTION('',(3.91101381878398E-17,-1.,1.82934466737192E-16));
#4867=DIRECTION('',(5.73615356591596E-17,-1.,2.22044604925031E-16));
#4868=DIRECTION('center_axis',(2.22044604925031E-16,1.,-2.22044604925031E-16));
#4869=DIRECTION('ref_axis',(-1.,2.22044604925031E-16,-1.09476442525376E-47));
#4870=DIRECTION('',(-1.,2.22044604925031E-16,-1.09476442525376E-47));
#4871=DIRECTION('',(0.707106781186551,-3.14018491736755E-16,-0.707106781186544));
#4872=DIRECTION('center_axis',(0.707106781186544,1.57009245868378E-16,0.707106781186551));
#4873=DIRECTION('ref_axis',(0.707106781186551,0.,-0.707106781186544));
#4874=DIRECTION('',(0.,-1.,2.22044604925031E-16));
#4875=DIRECTION('',(0.707106781186551,0.,-0.707106781186544));
#4876=DIRECTION('center_axis',(0.,0.,1.));
#4877=DIRECTION('ref_axis',(-0.707106781186549,-0.707106781186546,8.56414068372967E-17));
#4878=DIRECTION('center_axis',(4.93038065763132E-32,2.22044604925031E-16,
1.));
#4879=DIRECTION('ref_axis',(-0.707106781186549,-0.707106781186546,1.57009245868377E-16));
#4880=DIRECTION('',(0.,0.707106781186544,-0.707106781186551));
#4881=DIRECTION('center_axis',(3.4863055968421E-32,0.707106781186548,0.707106781186548));
#4882=DIRECTION('ref_axis',(1.,0.,-4.93038065763132E-32));
#4883=DIRECTION('',(1.,0.,-4.93038065763132E-32));
#4884=DIRECTION('',(0.,0.707106781186551,-0.707106781186544));
#4885=DIRECTION('',(-1.,0.,4.93038065763132E-32));
#4886=DIRECTION('center_axis',(0.,0.,1.));
#4887=DIRECTION('ref_axis',(0.707106781186547,-0.707106781186547,8.56414068372968E-17));
#4888=DIRECTION('center_axis',(4.93038065763132E-32,2.22044604925031E-16,
1.));
#4889=DIRECTION('ref_axis',(0.707106781186547,-0.707106781186547,1.57009245868377E-16));
#4890=DIRECTION('',(-0.707106781186544,0.,-0.707106781186551));
#4891=DIRECTION('center_axis',(-0.707106781186551,1.57009245868377E-16,
0.707106781186544));
#4892=DIRECTION('ref_axis',(0.707106781186544,0.,0.707106781186551));
#4893=DIRECTION('',(0.,1.,-2.22044604925031E-16));
#4894=DIRECTION('',(-0.707106781186544,0.,-0.707106781186551));
#4895=DIRECTION('',(0.,-1.,2.22044604925031E-16));
#4896=DIRECTION('center_axis',(0.,0.,1.));
#4897=DIRECTION('ref_axis',(0.707106781186551,0.707106781186544,-8.56414068372965E-17));
#4898=DIRECTION('center_axis',(4.93038065763132E-32,2.22044604925031E-16,
1.));
#4899=DIRECTION('ref_axis',(0.707106781186551,0.707106781186544,-1.57009245868377E-16));
#4900=DIRECTION('',(0.,-0.707106781186599,-0.707106781186497));
#4901=DIRECTION('center_axis',(3.4863055968421E-32,-0.707106781186548,0.707106781186548));
#4902=DIRECTION('ref_axis',(1.,0.,-4.93038065763132E-32));
#4903=DIRECTION('',(0.,-0.707106781186548,-0.707106781186548));
#4904=DIRECTION('',(1.,0.,-4.93038065763132E-32));
#4905=DIRECTION('',(-1.,0.,4.93038065763132E-32));
#4906=DIRECTION('center_axis',(-1.,0.,0.));
#4907=DIRECTION('ref_axis',(0.,1.,0.));
#4908=DIRECTION('',(0.,0.,-1.));
#4909=DIRECTION('',(0.,-1.,2.22044604925031E-16));
#4910=DIRECTION('',(0.,0.,1.));
#4911=DIRECTION('center_axis',(0.,0.,-1.));
#4912=DIRECTION('ref_axis',(0.707106781186547,0.707106781186547,0.));
#4913=DIRECTION('center_axis',(-4.93038065763132E-32,-2.22044604925031E-16,
-1.));
#4914=DIRECTION('ref_axis',(0.707106781186547,0.707106781186547,0.));
#4915=DIRECTION('',(0.,0.,-1.));
#4916=DIRECTION('',(0.,0.,1.));
#4917=DIRECTION('center_axis',(1.,0.,0.));
#4918=DIRECTION('ref_axis',(0.,-1.,0.));
#4919=DIRECTION('',(0.,-1.,2.22044604925031E-16));
#4920=DIRECTION('',(0.,0.,1.));
#4921=DIRECTION('',(0.,1.,0.));
#4922=DIRECTION('center_axis',(0.,0.,-1.));
#4923=DIRECTION('ref_axis',(0.707106781186547,-0.707106781186547,0.));
#4924=DIRECTION('center_axis',(-4.93038065763132E-32,-2.22044604925031E-16,
-1.));
#4925=DIRECTION('ref_axis',(0.707106781186547,-0.707106781186547,0.));
#4926=DIRECTION('',(0.,0.,-1.));
#4927=DIRECTION('center_axis',(0.,-1.,0.));
#4928=DIRECTION('ref_axis',(-1.,0.,0.));
#4929=DIRECTION('',(-1.,0.,4.93038065763132E-32));
#4930=DIRECTION('',(1.48029736616688E-16,0.,1.));
#4931=DIRECTION('center_axis',(0.,1.,0.));
#4932=DIRECTION('ref_axis',(1.,0.,0.));
#4933=DIRECTION('',(1.,0.,-4.93038065763132E-32));
#4934=DIRECTION('',(-1.48029736616688E-16,0.,-1.));
#4935=DIRECTION('',(1.,0.,-4.93038065763132E-32));
#4936=DIRECTION('',(0.,0.,-1.));
#4937=DIRECTION('center_axis',(1.,0.,0.));
#4938=DIRECTION('ref_axis',(0.,-1.,0.));
#4939=DIRECTION('',(0.,1.,-2.22044604925031E-16));
#4940=DIRECTION('',(0.,0.707106781186548,0.707106781186548));
#4941=DIRECTION('',(0.,0.,1.));
#4942=DIRECTION('center_axis',(3.4863055968421E-32,-0.707106781186548,0.707106781186548));
#4943=DIRECTION('ref_axis',(1.,0.,-4.93038065763132E-32));
#4944=DIRECTION('',(-1.,0.,4.93038065763132E-32));
#4945=DIRECTION('',(0.,-0.707106781186548,-0.707106781186548));
#4946=DIRECTION('',(1.,0.,-4.93038065763132E-32));
#4947=DIRECTION('center_axis',(0.,0.,1.));
#4948=DIRECTION('ref_axis',(-0.707106781186549,0.707106781186546,-8.56414068372967E-17));
#4949=DIRECTION('center_axis',(4.93038065763132E-32,2.22044604925031E-16,
1.));
#4950=DIRECTION('ref_axis',(-0.707106781186549,0.707106781186546,-1.57009245868377E-16));
#4951=DIRECTION('',(0.707106781186591,0.,-0.707106781186504));
#4952=DIRECTION('center_axis',(0.707106781186548,1.57009245868378E-16,0.707106781186548));
#4953=DIRECTION('ref_axis',(0.707106781186548,0.,-0.707106781186548));
#4954=DIRECTION('',(0.,-1.,2.22044604925031E-16));
#4955=DIRECTION('',(0.577350269189626,0.577350269189625,-0.577350269189626));
#4956=DIRECTION('',(0.,1.,-2.22044604925031E-16));
#4957=DIRECTION('center_axis',(0.,-1.,0.));
#4958=DIRECTION('ref_axis',(1.,0.,0.));
#4959=DIRECTION('',(0.,0.,1.));
#4960=DIRECTION('',(0.,0.,1.));
#4961=DIRECTION('',(1.,0.,0.));
#4962=DIRECTION('center_axis',(-1.,0.,0.));
#4963=DIRECTION('ref_axis',(0.,0.,1.));
#4964=DIRECTION('',(0.,-1.,0.));
#4965=DIRECTION('',(0.,0.,-1.));
#4966=DIRECTION('center_axis',(0.,1.,0.));
#4967=DIRECTION('ref_axis',(-1.,0.,0.));
#4968=DIRECTION('',(-1.,0.,0.));
#4969=DIRECTION('',(0.,0.,1.));
#4970=DIRECTION('center_axis',(1.,0.,0.));
#4971=DIRECTION('ref_axis',(0.,1.,0.));
#4972=DIRECTION('',(0.,0.707106781186547,-0.707106781186548));
#4973=DIRECTION('',(0.,2.22044604925031E-16,1.));
#4974=DIRECTION('',(0.,-1.,0.));
#4975=DIRECTION('',(0.,-1.,0.));
#4976=DIRECTION('',(0.,0.,-1.));
#4977=DIRECTION('center_axis',(0.,0.,1.));
#4978=DIRECTION('ref_axis',(-0.707106781186549,0.707106781186546,0.));
#4979=DIRECTION('center_axis',(0.,0.,1.));
#4980=DIRECTION('ref_axis',(-0.707106781186549,0.707106781186546,0.));
#4981=DIRECTION('',(0.,0.,1.));
#4982=DIRECTION('center_axis',(0.,-1.,0.));
#4983=DIRECTION('ref_axis',(1.,0.,0.));
#4984=DIRECTION('',(-1.,0.,0.));
#4985=DIRECTION('',(0.,0.,-1.));
#4986=DIRECTION('center_axis',(0.,0.,1.));
#4987=DIRECTION('ref_axis',(0.707106781186551,0.707106781186544,0.));
#4988=DIRECTION('center_axis',(0.,0.,1.));
#4989=DIRECTION('ref_axis',(0.707106781186551,0.707106781186544,0.));
#4990=DIRECTION('',(0.,0.,1.));
#4991=DIRECTION('center_axis',(0.,-1.,0.));
#4992=DIRECTION('ref_axis',(1.,0.,0.));
#4993=DIRECTION('',(0.,0.,1.));
#4994=DIRECTION('',(1.,0.,0.));
#4995=DIRECTION('',(0.,0.,1.));
#4996=DIRECTION('center_axis',(-1.,0.,0.));
#4997=DIRECTION('ref_axis',(0.,0.,1.));
#4998=DIRECTION('',(0.,0.,1.));
#4999=DIRECTION('',(0.,1.,0.));
#5000=DIRECTION('center_axis',(0.,-1.,0.));
#5001=DIRECTION('ref_axis',(1.,0.,0.));
#5002=DIRECTION('',(0.,0.,-1.));
#5003=DIRECTION('',(-1.,0.,0.));
#5004=DIRECTION('center_axis',(-0.707106781186548,-0.707106781186548,0.));
#5005=DIRECTION('ref_axis',(0.,0.,1.));
#5006=DIRECTION('',(0.,0.,-1.));
#5007=DIRECTION('',(0.707106781186548,-0.707106781186548,0.));
#5008=DIRECTION('center_axis',(-0.707106781186548,-0.707106781186548,0.));
#5009=DIRECTION('ref_axis',(-0.707106781186547,0.707106781186547,-9.81307786677359E-17));
#5010=DIRECTION('center_axis',(1.,0.,0.));
#5011=DIRECTION('ref_axis',(0.,0.707106781186548,-0.707106781186547));
#5012=DIRECTION('',(1.,0.,0.));
#5013=DIRECTION('center_axis',(0.707106781186547,0.,0.707106781186548));
#5014=DIRECTION('ref_axis',(0.707106781186548,4.90653893338679E-17,-0.707106781186547));
#5015=DIRECTION('center_axis',(0.707106781186547,0.,0.707106781186548));
#5016=DIRECTION('ref_axis',(0.707106781186548,0.,-0.707106781186547));
#5017=DIRECTION('',(0.,-1.,0.));
#5018=DIRECTION('center_axis',(0.707106781186547,0.,0.707106781186548));
#5019=DIRECTION('ref_axis',(0.707106781186548,0.,-0.707106781186547));
#5020=DIRECTION('center_axis',(1.,0.,0.));
#5021=DIRECTION('ref_axis',(0.,-0.707106781186549,-0.707106781186546));
#5022=DIRECTION('',(-1.,0.,0.));
#5023=DIRECTION('center_axis',(-0.707106781186544,0.707106781186551,0.));
#5024=DIRECTION('ref_axis',(-0.707106781186551,-0.707106781186543,9.81307786677354E-17));
#5025=DIRECTION('center_axis',(-0.707106781186544,0.707106781186551,0.));
#5026=DIRECTION('ref_axis',(0.,0.,1.));
#5027=DIRECTION('',(-0.707106781186551,-0.707106781186544,0.));
#5028=DIRECTION('',(0.,0.,1.));
#5029=DIRECTION('center_axis',(-1.,0.,0.));
#5030=DIRECTION('ref_axis',(0.,-1.,0.));
#5031=DIRECTION('',(0.,1.,0.));
#5032=DIRECTION('',(0.,0.,-1.));
#5033=DIRECTION('',(0.,1.,0.));
#5034=DIRECTION('',(0.,1.,0.));
#5035=DIRECTION('center_axis',(0.,0.,1.));
#5036=DIRECTION('ref_axis',(0.707106781186548,-0.707106781186548,0.));
#5037=DIRECTION('center_axis',(0.,0.,1.));
#5038=DIRECTION('ref_axis',(0.707106781186548,-0.707106781186548,0.));
#5039=DIRECTION('',(0.,0.,1.));
#5040=DIRECTION('center_axis',(0.,1.,0.));
#5041=DIRECTION('ref_axis',(-1.,0.,0.));
#5042=DIRECTION('',(1.,0.,0.));
#5043=DIRECTION('',(0.,0.,-1.));
#5044=DIRECTION('center_axis',(0.,0.,1.));
#5045=DIRECTION('ref_axis',(-0.707106781186549,-0.707106781186546,0.));
#5046=DIRECTION('center_axis',(0.,0.,1.));
#5047=DIRECTION('ref_axis',(-0.707106781186549,-0.707106781186546,0.));
#5048=DIRECTION('',(0.,0.,1.));
#5049=DIRECTION('center_axis',(1.,0.,0.));
#5050=DIRECTION('ref_axis',(0.,1.,0.));
#5051=DIRECTION('',(0.,0.707106781186547,0.707106781186548));
#5052=DIRECTION('',(0.,-2.22044604925031E-16,-1.));
#5053=DIRECTION('',(0.,0.707106781186548,0.707106781186547));
#5054=DIRECTION('',(0.,-1.,2.22044604925031E-16));
#5055=DIRECTION('',(0.,-1.,0.));
#5056=DIRECTION('',(0.,-1.09146925509393E-15,1.));
#5057=DIRECTION('center_axis',(-0.323687691352583,-0.946163980749022,-9.32622614226014E-16));
#5058=DIRECTION('ref_axis',(-0.946163980749022,0.323687691352583,2.75052847892778E-16));
#5059=DIRECTION('',(-1.33600386241282E-15,-5.28634167586379E-16,1.));
#5060=DIRECTION('',(-0.946163980749022,0.323687691352583,2.75052847892778E-16));
#5061=DIRECTION('',(-1.48029736616687E-16,1.03632989404941E-15,-1.));
#5062=DIRECTION('',(0.946163980749022,-0.323687691352583,-1.55356474635892E-15));
#5063=DIRECTION('center_axis',(-0.323687691352585,0.946163980749021,6.77266025009323E-17));
#5064=DIRECTION('ref_axis',(0.946163980749021,0.323687691352585,-1.91293027408632E-15));
#5065=DIRECTION('',(0.946163980749021,0.323687691352585,-1.91293027408632E-15));
#5066=DIRECTION('',(-9.60932877411427E-15,-3.21582189318955E-15,-1.));
#5067=DIRECTION('',(-0.946163980749021,-0.323687691352585,-3.53836825630171E-16));
#5068=DIRECTION('center_axis',(-1.48029736616688E-16,0.,-1.));
#5069=DIRECTION('ref_axis',(-0.707106781186548,-0.707106781186547,0.));
#5070=DIRECTION('center_axis',(-4.93038065763132E-32,-2.22044604925031E-16,
-1.));
#5071=DIRECTION('ref_axis',(-0.707106781186548,-0.707106781186547,0.));
#5072=DIRECTION('',(-1.48029736616688E-16,0.,-1.));
#5073=DIRECTION('center_axis',(-0.707106781186565,7.75702995297388E-30,
-0.70710678118653));
#5074=DIRECTION('ref_axis',(-0.70710678118653,0.,0.707106781186565));
#5075=DIRECTION('',(2.22044604925031E-16,1.,-2.22044604925031E-16));
#5076=DIRECTION('center_axis',(1.48029736616688E-16,0.,1.));
#5077=DIRECTION('ref_axis',(-0.707106781186548,0.707106781186547,2.61682076447296E-16));
#5078=DIRECTION('center_axis',(-4.93038065763132E-32,-2.22044604925031E-16,
-1.));
#5079=DIRECTION('ref_axis',(-0.707106781186548,0.707106781186547,2.61682076447296E-16));
#5080=DIRECTION('',(1.48029736616688E-16,0.,1.));
#5081=DIRECTION('center_axis',(-0.707106781186547,1.57009245868377E-16,
-0.707106781186548));
#5082=DIRECTION('ref_axis',(-0.707106781186548,0.,0.707106781186547));
#5083=DIRECTION('',(0.707106781186541,-0.000149504986427709,-0.707106765381486));
#5084=DIRECTION('',(2.22044604925031E-16,1.,0.));
#5085=DIRECTION('',(-0.70710678118654,8.63167392650972E-5,0.7071067759182));
#5086=DIRECTION('center_axis',(-1.,0.,0.));
#5087=DIRECTION('ref_axis',(-9.51317907605694E-17,0.000211431979670375,
-0.999999977648259));
#5088=DIRECTION('center_axis',(-1.,2.22044604925031E-16,1.48029736616688E-16));
#5089=DIRECTION('ref_axis',(-1.47982785977571E-16,0.000211431979670375,
-0.999999977648259));
#5090=DIRECTION('',(-0.707106781186548,1.30841038223648E-15,-0.707106781186547));
#5091=DIRECTION('center_axis',(-0.707106781186547,1.57009245868377E-16,
0.707106781186548));
#5092=DIRECTION('ref_axis',(0.707106781186548,0.,0.707106781186547));
#5093=DIRECTION('',(-2.22044604925031E-16,-1.,0.));
#5094=DIRECTION('',(-0.707106777893819,0.,-0.707106784479276));
#5095=DIRECTION('center_axis',(-1.,0.,0.));
#5096=DIRECTION('ref_axis',(9.51445479277329E-17,-0.000122070310680715,
0.99999999254942));
#5097=DIRECTION('center_axis',(-1.,2.22044604925031E-16,1.48029736616688E-16));
#5098=DIRECTION('ref_axis',(1.48002630459872E-16,-0.000122070310680715,
0.99999999254942));
#5099=DIRECTION('center_axis',(-1.48029736616687E-16,1.03632989404941E-15,
-1.));
#5100=DIRECTION('ref_axis',(-0.581511955443486,0.813537857555685,9.37553908620459E-16));
#5101=DIRECTION('center_axis',(1.83186799063151E-15,5.5511151231258E-16,
1.));
#5102=DIRECTION('ref_axis',(-0.581511955443486,0.813537857555685,9.37553908620459E-16));
#5103=DIRECTION('center_axis',(4.16333634234435E-17,9.71445146547011E-16,
-1.));
#5104=DIRECTION('ref_axis',(-0.581511955443486,0.813537857555685,9.37553908620459E-16));
#5105=DIRECTION('',(1.48029736616687E-16,-1.03632989404941E-15,1.));
#5106=DIRECTION('center_axis',(2.22044604925032E-16,1.,1.09146925509393E-15));
#5107=DIRECTION('ref_axis',(-1.,2.22044604925032E-16,-4.16333634234433E-17));
#5108=DIRECTION('',(-1.,2.22044604925032E-16,0.));
#5109=DIRECTION('',(-4.16333634234435E-17,-1.09146925509393E-15,1.));
#5110=DIRECTION('',(1.,-2.22044604925032E-16,4.16333634234433E-17));
#5111=DIRECTION('center_axis',(-1.86448479468699E-16,-0.707106781186548,
0.707106781186547));
#5112=DIRECTION('ref_axis',(1.,0.,2.63677968348475E-16));
#5113=DIRECTION('',(1.27570012268057E-16,0.707106781186547,0.707106781186548));
#5114=DIRECTION('',(1.,-2.22044604925031E-16,4.16333634234436E-17));
#5115=DIRECTION('center_axis',(2.22044604925031E-16,1.,-2.22044604925031E-16));
#5116=DIRECTION('ref_axis',(-1.,2.22044604925031E-16,-1.09476442525376E-47));
#5117=DIRECTION('',(-4.93038065763132E-32,-2.22044604925031E-16,-1.));
#5118=DIRECTION('',(1.,-2.22044604925031E-16,1.09476442525376E-47));
#5119=DIRECTION('center_axis',(-1.57009245868377E-16,-0.707106781186547,
0.707106781186548));
#5120=DIRECTION('ref_axis',(1.,0.,2.22044604925031E-16));
#5121=DIRECTION('',(1.57009245868378E-16,0.707106781186548,0.707106781186547));
#5122=DIRECTION('',(-1.,2.22044604925031E-16,-1.09476442525376E-47));
#5123=DIRECTION('center_axis',(-4.93038065763132E-32,-2.22044604925031E-16,
-1.));
#5124=DIRECTION('ref_axis',(1.,-2.22044604925031E-16,1.09476442525376E-47));
#5125=DIRECTION('',(1.,-2.22044604925031E-16,1.09476442525376E-47));
#5126=DIRECTION('',(2.22044604925031E-16,1.,-2.22044604925031E-16));
#5127=DIRECTION('',(-2.22044604925031E-16,-1.,2.22044604925031E-16));
#5128=DIRECTION('center_axis',(1.57009245868378E-16,0.707106781186548,0.707106781186547));
#5129=DIRECTION('ref_axis',(1.,0.,-2.22044604925032E-16));
#5130=DIRECTION('',(1.57009245868377E-16,0.707106781186547,-0.707106781186548));
#5131=DIRECTION('',(-1.,2.22044604925031E-16,-1.09476442525376E-47));
#5132=DIRECTION('center_axis',(-2.22044604925031E-16,-1.,2.22044604925031E-16));
#5133=DIRECTION('ref_axis',(1.,-2.22044604925031E-16,1.09476442525376E-47));
#5134=DIRECTION('',(4.93038065763132E-32,2.22044604925031E-16,1.));
#5135=DIRECTION('',(-1.,2.22044604925031E-16,0.));
#5136=DIRECTION('center_axis',(0.,0.,-1.));
#5137=DIRECTION('ref_axis',(1.,0.,0.));
#5138=DIRECTION('',(2.22044604925031E-16,1.,0.));
#5139=DIRECTION('center_axis',(0.398022217401594,-0.9173757760344,-8.7460924156073E-16));
#5140=DIRECTION('ref_axis',(-0.9173757760344,-0.398022217401594,-4.24850190392162E-16));
#5141=DIRECTION('',(-0.9173757760344,-0.398022217401594,1.90145803453397E-15));
#5142=DIRECTION('',(-4.16333634234435E-17,-9.71445146547011E-16,1.));
#5143=DIRECTION('',(0.9173757760344,0.398022217401594,4.24850190392162E-16));
#5144=DIRECTION('center_axis',(4.16333634234435E-17,9.71445146547011E-16,
-1.));
#5145=DIRECTION('ref_axis',(-1.,2.22044604925032E-16,-4.16333634234433E-17));
#5146=DIRECTION('',(-2.22044604925032E-16,-1.,-9.71445146547011E-16));
#5147=DIRECTION('',(-1.,2.22044604925032E-16,-4.16333634234433E-17));
#5148=DIRECTION('',(2.22044604925032E-16,1.,9.71445146547011E-16));
#5149=DIRECTION('center_axis',(2.22044604925032E-16,1.,9.71445146547011E-16));
#5150=DIRECTION('ref_axis',(-1.,2.22044604925032E-16,-4.16333634234433E-17));
#5151=DIRECTION('',(-4.16333634234435E-17,-9.71445146547011E-16,1.));
#5152=DIRECTION('',(1.,-2.22044604925032E-16,4.16333634234433E-17));
#5153=DIRECTION('',(4.16333634234435E-17,9.71445146547011E-16,-1.));
#5154=DIRECTION('center_axis',(0.,0.,1.));
#5155=DIRECTION('ref_axis',(1.,0.,0.));
#5156=DIRECTION('',(-2.22044604925032E-16,-1.,-9.71445146547011E-16));
#5157=DIRECTION('',(-1.,2.22044604925032E-16,0.));
#5158=DIRECTION('',(2.48557390090125E-17,-1.,0.));
#5159=DIRECTION('center_axis',(-4.16333634234435E-17,-9.71445146547011E-16,
1.));
#5160=DIRECTION('ref_axis',(1.,-2.22044604925032E-16,4.16333634234433E-17));
#5161=DIRECTION('',(-1.,-1.67921232474555E-15,-4.16333634234451E-17));
#5162=DIRECTION('',(2.22044604925032E-16,1.,9.71445146547011E-16));
#5163=DIRECTION('',(-1.,2.22044604925032E-16,-4.16333634234433E-17));
#5164=DIRECTION('',(-2.22044604925032E-16,-1.,-9.71445146547011E-16));
#5165=DIRECTION('center_axis',(-2.22044604925032E-16,-1.,-9.71445146547011E-16));
#5166=DIRECTION('ref_axis',(1.,-2.22044604925032E-16,4.16333634234433E-17));
#5167=DIRECTION('',(1.,-2.2204460492503E-16,-1.83186799063151E-15));
#5168=DIRECTION('',(-4.16333634234435E-17,-9.71445146547011E-16,1.));
#5169=DIRECTION('',(4.16333634234435E-17,9.71445146547011E-16,-1.));
#5170=DIRECTION('center_axis',(-1.83186799063151E-15,-5.5511151231258E-16,
-1.));
#5171=DIRECTION('ref_axis',(1.,1.67921232474555E-15,-1.83186799063151E-15));
#5172=DIRECTION('',(-1.,2.2204460492503E-16,1.83186799063151E-15));
#5173=DIRECTION('',(2.96059473233375E-15,-1.,5.55111512312574E-16));
#5174=DIRECTION('',(-2.22044604925031E-16,-1.,5.5511151231258E-16));
#5175=DIRECTION('center_axis',(2.22044604925032E-16,1.,9.71445146547011E-16));
#5176=DIRECTION('ref_axis',(-1.,2.22044604925032E-16,-4.16333634234433E-17));
#5177=DIRECTION('',(-4.16333634234435E-17,-9.71445146547011E-16,1.));
#5178=DIRECTION('',(1.,-2.22044604925032E-16,4.16333634234433E-17));
#5179=DIRECTION('',(4.16333634234435E-17,9.71445146547011E-16,-1.));
#5180=DIRECTION('center_axis',(4.16333634234435E-17,9.71445146547011E-16,
-1.));
#5181=DIRECTION('ref_axis',(1.,-2.22044604925032E-16,4.16333634234433E-17));
#5182=DIRECTION('',(1.,1.67921232474555E-15,4.16333634234451E-17));
#5183=DIRECTION('',(-2.22044604925032E-16,-1.,-9.71445146547011E-16));
#5184=DIRECTION('',(2.22044604925032E-16,1.,9.71445146547011E-16));
#5185=DIRECTION('center_axis',(-1.67921232474555E-15,1.,-5.55111512312577E-16));
#5186=DIRECTION('ref_axis',(-1.,-1.67921232474555E-15,1.83186799063151E-15));
#5187=DIRECTION('',(-1.23259516440783E-31,-5.55111512312577E-16,-1.));
#5188=DIRECTION('',(1.,1.67921232474555E-15,-1.83186799063151E-15));
#5189=DIRECTION('',(-1.48029736616687E-15,-5.55111512312579E-16,-1.));
#5190=DIRECTION('center_axis',(-1.83186799063151E-15,-5.5511151231258E-16,
-1.));
#5191=DIRECTION('ref_axis',(-1.,-1.67921232474555E-15,1.83186799063151E-15));
#5192=DIRECTION('',(2.96059473233375E-15,-1.,5.55111512312574E-16));
#5193=DIRECTION('',(-2.22044604925031E-16,-1.,5.5511151231258E-16));
#5194=DIRECTION('center_axis',(-2.22044604925032E-16,-1.,-9.71445146547011E-16));
#5195=DIRECTION('ref_axis',(1.,-2.22044604925032E-16,4.16333634234433E-17));
#5196=DIRECTION('',(4.16333634234435E-17,9.71445146547011E-16,-1.));
#5197=DIRECTION('',(1.,-2.22044604925032E-16,4.16333634234433E-17));
#5198=DIRECTION('',(-4.16333634234435E-17,-9.71445146547011E-16,1.));
#5199=DIRECTION('center_axis',(-1.,2.22044604925031E-16,1.48029736616688E-16));
#5200=DIRECTION('ref_axis',(1.48029736616688E-16,2.22044604925031E-16,1.));
#5201=DIRECTION('',(2.96059473233375E-15,-1.,5.55111512312574E-16));
#5202=DIRECTION('',(1.48029736616687E-15,5.55111512312579E-16,1.));
#5203=DIRECTION('',(2.22044604925032E-16,1.,9.71445146547011E-16));
#5204=DIRECTION('',(-1.48029736616687E-16,9.06560399044613E-16,-1.));
#5205=DIRECTION('center_axis',(1.67921232474555E-15,-1.,5.55111512312577E-16));
#5206=DIRECTION('ref_axis',(1.,1.67921232474555E-15,-1.83186799063151E-15));
#5207=DIRECTION('',(1.,1.67921232474555E-15,-1.83186799063151E-15));
#5208=DIRECTION('',(1.23259516440783E-31,5.55111512312577E-16,1.));
#5209=DIRECTION('center_axis',(-1.,2.22044604925031E-16,-1.09476442525376E-47));
#5210=DIRECTION('ref_axis',(-2.22044604925031E-16,-1.,2.22044604925031E-16));
#5211=DIRECTION('',(-2.22044604925031E-16,-1.,5.5511151231258E-16));
#5212=DIRECTION('',(4.16333634234435E-17,9.71445146547011E-16,-1.));
#5213=DIRECTION('',(-2.22044604925032E-16,-1.,-9.71445146547011E-16));
#5214=DIRECTION('center_axis',(-0.398022217401595,-0.9173757760344,-9.07751248816101E-16));
#5215=DIRECTION('ref_axis',(-0.9173757760344,0.398022217401595,3.48463312233155E-16));
#5216=DIRECTION('',(-2.36616180078291E-14,9.27656761851365E-15,1.));
#5217=DIRECTION('',(0.9173757760344,-0.398022217401595,-3.48463312233155E-16));
#5218=DIRECTION('',(0.9173757760344,-0.398022217401595,-1.45956460446235E-15));
#5219=DIRECTION('center_axis',(4.16333634234435E-17,9.71445146547011E-16,
-1.));
#5220=DIRECTION('ref_axis',(-1.,2.22044604925032E-16,-4.16333634234433E-17));
#5221=DIRECTION('',(0.946163980749022,-0.323687691352581,-2.75052847892776E-16));
#5222=DIRECTION('center_axis',(4.16333634234435E-17,9.71445146547011E-16,
-1.));
#5223=DIRECTION('ref_axis',(-0.581511955443487,-0.813537857555684,-6.81857388087606E-16));
#5224=DIRECTION('center_axis',(1.48029736616687E-16,-9.06560399044613E-16,
1.));
#5225=DIRECTION('ref_axis',(-0.581511955443487,-0.813537857555684,-6.81857388087606E-16));
#5226=DIRECTION('center_axis',(1.83186799063151E-15,5.5511151231258E-16,
1.));
#5227=DIRECTION('ref_axis',(-0.581511955443487,-0.813537857555684,-6.81857388087606E-16));
#5228=DIRECTION('center_axis',(-1.83186799063151E-15,-5.5511151231258E-16,
-1.));
#5229=DIRECTION('ref_axis',(-1.,-1.67921232474555E-15,1.83186799063151E-15));
#5230=DIRECTION('',(0.946163980749022,-0.323687691352581,-1.55356474635892E-15));
#5231=DIRECTION('center_axis',(0.323687691352581,0.946163980749022,-1.11817963899949E-15));
#5232=DIRECTION('ref_axis',(0.946163980749022,-0.323687691352581,-1.55356474635892E-15));
#5233=DIRECTION('center_axis',(5.47382212626882E-48,4.8410800677232E-64,
1.));
#5234=DIRECTION('ref_axis',(-1.,0.,5.47382212626882E-48));
#5235=DIRECTION('',(1.45603017382181E-16,1.,-4.04129555881484E-34));
#5236=DIRECTION('center_axis',(-8.21730109605219E-33,6.08202458474316E-48,
1.));
#5237=DIRECTION('ref_axis',(1.48029736616688E-15,-1.,1.82460737542294E-47));
#5238=DIRECTION('',(1.,2.46716223813879E-16,9.84263868712307E-65));
#5239=DIRECTION('center_axis',(5.47382212626882E-48,5.09429520761019E-64,
1.));
#5240=DIRECTION('ref_axis',(-1.,1.48029736616687E-15,5.47382212626882E-48));
#5241=DIRECTION('',(0.,1.,-3.07369218235551E-33));
#5242=DIRECTION('center_axis',(-2.87605538361827E-32,2.39479718024261E-47,
1.));
#5243=DIRECTION('ref_axis',(-2.77555756156289E-16,1.,-3.19306290699014E-47));
#5244=DIRECTION('',(1.,0.,1.91107505271433E-33));
#5245=DIRECTION('center_axis',(5.57073307751242E-63,9.12174351790372E-63,
1.));
#5246=DIRECTION('ref_axis',(1.,-1.48029736616687E-15,-5.57073307751241E-63));
#5247=DIRECTION('',(-7.84638482392121E-16,1.,4.8410800677232E-64));
#5248=DIRECTION('',(-1.,-6.54024011082093E-16,-5.47382212626882E-48));
#5249=DIRECTION('',(-1.0066829602623E-15,1.,-7.31323969209264E-64));
#5250=DIRECTION('',(-1.,-7.84638482392121E-16,-5.47382212626882E-48));
#5251=DIRECTION('',(-7.38379204404832E-16,1.,7.37323066164358E-64));
#5252=DIRECTION('center_axis',(5.47382212626882E-48,4.7790794928123E-63,
-1.));
#5253=DIRECTION('ref_axis',(1.,-3.65625361610829E-15,1.54074395550979E-32));
#5254=DIRECTION('',(1.,7.84638482392121E-16,5.47382212626882E-48));
#5255=DIRECTION('',(-4.93432447627758E-16,1.,4.8410800677232E-64));
#5256=DIRECTION('',(-1.,-4.93432447627758E-16,5.47382212626882E-48));
#5257=DIRECTION('center_axis',(5.47382212626882E-48,2.21685344287148E-63,
1.));
#5258=DIRECTION('ref_axis',(-1.,-4.93432454612817E-15,1.54074395550979E-32));
#5259=DIRECTION('',(-5.39691725615047E-16,1.,7.37323066164358E-64));
#5260=DIRECTION('',(1.,4.93432447627758E-16,-5.47382212626882E-48));
#5261=DIRECTION('',(-2.71387969757581E-16,1.,-7.31323969209264E-64));
#5262=DIRECTION('',(1.,6.24046918937786E-16,-5.47382212626882E-48));
#5263=DIRECTION('',(-2.91206034764362E-16,-1.,4.8410800677232E-64));
#5264=DIRECTION('',(1.,-2.91206034764362E-16,5.47382212626882E-48));
#5265=DIRECTION('center_axis',(-5.47382212626882E-48,2.07811804316849E-63,
1.));
#5266=DIRECTION('ref_axis',(1.,4.14968606373605E-15,1.54074395550979E-32));
#5267=DIRECTION('',(-2.44946756777074E-16,-1.,7.37323066164358E-64));
#5268=DIRECTION('',(-1.,2.91206034764362E-16,-5.47382212626882E-48));
#5269=DIRECTION('',(-5.1325051263454E-16,-1.,-7.31323969209264E-64));
#5270=DIRECTION('',(-1.,1.60591563454334E-16,-5.47382212626882E-48));
#5271=DIRECTION('',(-1.,0.,5.47382212626882E-48));
#5272=DIRECTION('',(7.45886485248344E-96,-1.,4.8410800677232E-64));
#5273=DIRECTION('',(1.,-1.30614471310028E-16,-5.47382212626882E-48));
#5274=DIRECTION('',(2.22044477870177E-16,-1.,-7.31323969209264E-64));
#5275=DIRECTION('',(1.,0.,-5.47382212626882E-48));
#5276=DIRECTION('',(-4.62592779872881E-17,-1.,7.37323066164358E-64));
#5277=DIRECTION('center_axis',(-5.47382212626882E-48,-4.8410800677232E-64,
-1.));
#5278=DIRECTION('ref_axis',(-1.,4.44089209850041E-15,1.54074395550979E-32));
#5279=DIRECTION('center_axis',(0.707106781186548,-3.42316054415411E-64,
-0.707106781186548));
#5280=DIRECTION('ref_axis',(-0.707106781186548,0.,-0.707106781186548));
#5281=DIRECTION('',(-0.671492222817052,-0.313363031311016,-0.671492222817052));
#5282=DIRECTION('',(-0.671492222817052,0.313363031311016,-0.671492222817052));
#5283=DIRECTION('',(0.,-1.,0.));
#5284=DIRECTION('',(0.577350269189626,0.577350269189625,0.577350269189626));
#5285=DIRECTION('center_axis',(9.23583783844166E-17,0.707106781186548,-0.707106781186547));
#5286=DIRECTION('ref_axis',(-1.,0.,-1.30614471310028E-16));
#5287=DIRECTION('',(1.,-1.30614471310028E-16,-2.77227295851196E-34));
#5288=DIRECTION('',(0.577350269189626,0.577350269189625,0.577350269189626));
#5289=DIRECTION('center_axis',(0.707106781186548,1.57009156027029E-16,-0.707106781186548));
#5290=DIRECTION('ref_axis',(-0.707106781186548,0.,-0.707106781186548));
#5291=DIRECTION('',(2.22044477870177E-16,-1.,-7.13454671251671E-32));
#5292=DIRECTION('',(0.577350269189626,0.577350269189626,0.577350269189626));
#5293=DIRECTION('center_axis',(-3.87057674449365E-48,0.707106781186547,
-0.707106781186548));
#5294=DIRECTION('ref_axis',(-1.,0.,5.47382212626882E-48));
#5295=DIRECTION('',(1.,0.,0.));
#5296=DIRECTION('',(-0.313363031311016,0.671492222817052,0.671492222817052));
#5297=DIRECTION('',(0.313363031311016,0.671492222817052,0.671492222817052));
#5298=DIRECTION('center_axis',(-1.16308787201355E-77,-0.906183143100011,
-0.422885458678097));
#5299=DIRECTION('ref_axis',(2.07776693129276E-14,0.422885458678097,-0.906183143100011));
#5300=DIRECTION('',(2.07776693129276E-14,0.422885458678097,-0.906183143100011));
#5301=DIRECTION('',(-1.,0.,1.23259516440777E-32));
#5302=DIRECTION('',(1.,0.,0.));
#5303=DIRECTION('center_axis',(-1.16308787201355E-77,-0.906183143100011,
0.422885458678096));
#5304=DIRECTION('ref_axis',(-2.07776693129276E-14,-0.422885458678096,-0.906183143100012));
#5305=DIRECTION('',(-2.07776693129276E-14,-0.422885458678096,-0.906183143100012));
#5306=DIRECTION('center_axis',(1.23259516440779E-32,3.08148791102015E-33,
1.));
#5307=DIRECTION('ref_axis',(-1.,4.93432455388932E-15,1.23259516440779E-32));
#5308=DIRECTION('',(0.422885458678097,0.,-0.906183143100011));
#5309=DIRECTION('center_axis',(-1.23259516440777E-32,9.72346137165803E-63,
-1.));
#5310=DIRECTION('ref_axis',(-1.,4.44089209850041E-15,1.54074395550979E-32));
#5311=DIRECTION('center_axis',(0.,0.,1.));
#5312=DIRECTION('ref_axis',(-1.,-2.77555758482725E-15,0.));
#5313=DIRECTION('center_axis',(-1.23259516440779E-32,-3.08148791102015E-33,
-1.));
#5314=DIRECTION('ref_axis',(-1.,4.93432455388932E-15,1.23259516440779E-32));
#5315=DIRECTION('',(-0.422885458678096,0.,-0.906183143100012));
#5316=DIRECTION('center_axis',(-0.906183143100011,4.19193779240579E-17,
-0.422885458678097));
#5317=DIRECTION('ref_axis',(0.422885458678097,0.,-0.906183143100011));
#5318=DIRECTION('',(1.4981364335015E-94,1.,9.72346137165803E-63));
#5319=DIRECTION('',(4.62592779872881E-17,1.,0.));
#5320=DIRECTION('center_axis',(-0.906183143100011,4.19193779240579E-17,
0.422885458678096));
#5321=DIRECTION('ref_axis',(-0.422885458678096,0.,-0.906183143100012));
#5322=DIRECTION('center_axis',(1.23259516440777E-32,-9.72346137165803E-63,
1.));
#5323=DIRECTION('ref_axis',(-1.,0.,1.23259516440777E-32));
#5324=DIRECTION('center_axis',(-0.707106781186548,3.4231605441541E-64,0.707106781186547));
#5325=DIRECTION('ref_axis',(0.707106781186547,0.,0.707106781186548));
#5326=DIRECTION('',(0.707106939237159,0.,0.707106623135901));
#5327=DIRECTION('',(0.,1.,-4.8410800677232E-64));
#5328=DIRECTION('',(-0.707106781186547,0.,-0.707106781186548));
#5329=DIRECTION('',(0.,-1.,4.8410800677232E-64));
#5330=DIRECTION('center_axis',(0.,0.,-1.));
#5331=DIRECTION('ref_axis',(-1.,1.48029736616687E-15,2.18952885050753E-48));
#5332=DIRECTION('',(2.94392336003208E-16,0.707106781186547,0.707106781186547));
#5333=DIRECTION('center_axis',(-5.47382212626882E-48,-4.8410800677232E-64,
-1.));
#5334=DIRECTION('ref_axis',(-1.,1.48029736616687E-15,5.47382212626882E-48));
#5335=DIRECTION('center_axis',(5.47382212626882E-48,4.8410800677232E-64,
1.));
#5336=DIRECTION('ref_axis',(-1.,1.48029736616687E-15,0.));
#5337=DIRECTION('center_axis',(1.74454714887532E-16,-0.707106781186549,
0.707106781186546));
#5338=DIRECTION('ref_axis',(1.,0.,-2.4671622381388E-16));
#5339=DIRECTION('',(0.,0.707106781186547,0.707106781186547));
#5340=DIRECTION('',(-1.,-2.46716223813879E-16,5.47382212626882E-48));
#5341=DIRECTION('',(1.,2.46716223813879E-16,-5.47382212626882E-48));
#5342=DIRECTION('center_axis',(0.,0.,-1.));
#5343=DIRECTION('ref_axis',(1.48029736616688E-15,-1.,-3.04751058784375E-63));
#5344=DIRECTION('',(-0.707106781186547,0.,0.707106781186547));
#5345=DIRECTION('center_axis',(-5.47382212626882E-48,-4.8410800677232E-64,
-1.));
#5346=DIRECTION('ref_axis',(1.48029736616688E-15,-1.,-7.61877646960939E-63));
#5347=DIRECTION('center_axis',(5.47382212626882E-48,4.8410800677232E-64,
1.));
#5348=DIRECTION('ref_axis',(1.48029736616688E-15,-1.,0.));
#5349=DIRECTION('center_axis',(0.707106781186549,-1.02956880952163E-16,
0.707106781186546));
#5350=DIRECTION('ref_axis',(0.707106781186546,0.,-0.707106781186549));
#5351=DIRECTION('',(-0.707106781186546,-3.14018491736755E-15,0.707106781186549));
#5352=DIRECTION('',(-1.45603017382181E-16,-1.,1.28111302497041E-63));
#5353=DIRECTION('',(1.45603017382181E-16,1.,-1.28111302497041E-63));
#5354=DIRECTION('center_axis',(0.,0.,-1.));
#5355=DIRECTION('ref_axis',(1.,-1.48029736616687E-15,-2.18952885050753E-48));
#5356=DIRECTION('',(0.,-0.707106475621696,0.707107086751267));
#5357=DIRECTION('center_axis',(-5.47382212626882E-48,-4.8410800677232E-64,
-1.));
#5358=DIRECTION('ref_axis',(1.,-1.48029736616687E-15,-5.47382212626882E-48));
#5359=DIRECTION('center_axis',(5.47382212626882E-48,4.8410800677232E-64,
1.));
#5360=DIRECTION('ref_axis',(1.,-1.48029736616687E-15,0.));
#5361=DIRECTION('center_axis',(3.87057674449365E-48,0.707106781186548,0.707106781186548));
#5362=DIRECTION('ref_axis',(1.,0.,-5.47382212626882E-48));
#5363=DIRECTION('',(0.,-0.707106781186547,0.707106781186547));
#5364=DIRECTION('',(1.,0.,-5.47382212626882E-48));
#5365=DIRECTION('',(-1.,0.,5.47382212626882E-48));
#5366=DIRECTION('center_axis',(0.,0.,-1.));
#5367=DIRECTION('ref_axis',(-2.77555756156289E-16,1.,4.140731330197E-64));
#5368=DIRECTION('center_axis',(-5.47382212626882E-48,-4.8410800677232E-64,
-1.));
#5369=DIRECTION('ref_axis',(-2.77555756156289E-16,1.,1.03518283254925E-63));
#5370=DIRECTION('center_axis',(5.47382212626882E-48,4.8410800677232E-64,
1.));
#5371=DIRECTION('ref_axis',(-2.77555756156289E-16,1.,0.));
#5372=DIRECTION('center_axis',(0.,0.,1.));
#5373=DIRECTION('ref_axis',(1.48029736616688E-15,-1.,0.));
#5374=DIRECTION('',(0.,0.,1.));
#5375=DIRECTION('',(0.,0.,1.));
#5376=DIRECTION('center_axis',(2.46716223813879E-16,-1.,0.));
#5377=DIRECTION('ref_axis',(1.,2.46716223813879E-16,9.84263868712307E-65));
#5378=DIRECTION('',(0.,0.,1.));
#5379=DIRECTION('center_axis',(0.,0.,1.));
#5380=DIRECTION('ref_axis',(-1.,1.48029736616687E-15,0.));
#5381=DIRECTION('',(0.,0.,1.));
#5382=DIRECTION('center_axis',(-1.,0.,0.));
#5383=DIRECTION('ref_axis',(0.,-1.,3.07369218235551E-33));
#5384=DIRECTION('',(0.,0.,1.));
#5385=DIRECTION('center_axis',(5.47382212626882E-48,4.8410800677232E-64,
1.));
#5386=DIRECTION('ref_axis',(-1.,0.,5.47382212626882E-48));
#5387=DIRECTION('center_axis',(0.,0.,1.));
#5388=DIRECTION('ref_axis',(-2.77555756156289E-16,1.,0.));
#5389=DIRECTION('',(0.,0.,1.));
#5390=DIRECTION('center_axis',(0.,1.,0.));
#5391=DIRECTION('ref_axis',(-1.,0.,-1.91107505271433E-33));
#5392=DIRECTION('',(0.,0.,1.));
#5393=DIRECTION('center_axis',(0.,0.,1.));
#5394=DIRECTION('ref_axis',(1.,-1.48029736616687E-15,0.));
#5395=DIRECTION('',(0.,0.,1.));
#5396=DIRECTION('center_axis',(1.,-1.45603017382181E-16,0.));
#5397=DIRECTION('ref_axis',(1.45603017382181E-16,1.,-4.04129555881484E-34));
#5398=DIRECTION('center_axis',(0.707106781186548,-2.05913761904326E-16,
0.707106781186548));
#5399=DIRECTION('ref_axis',(0.707106781186548,-2.05913761904326E-16,-0.707106781186548));
#5400=DIRECTION('',(-0.577350269189626,0.577350269189625,0.577350269189626));
#5401=DIRECTION('',(-2.91206034764362E-16,-1.,0.));
#5402=DIRECTION('',(0.671492222817052,0.313363031311016,-0.671492222817052));
#5403=DIRECTION('',(0.671492222817052,-0.313363031311016,-0.671492222817052));
#5404=DIRECTION('center_axis',(-1.1355538351991E-16,-0.707106781186548,
0.707106781186547));
#5405=DIRECTION('ref_axis',(1.,-2.91206034764362E-16,-1.30614471310028E-16));
#5406=DIRECTION('',(-1.,1.60591563454334E-16,-2.77227295851196E-34));
#5407=DIRECTION('',(-0.577350269189626,0.577350269189625,0.577350269189626));
#5408=DIRECTION('center_axis',(0.707106781186548,-3.62922917931355E-16,
0.707106781186548));
#5409=DIRECTION('ref_axis',(0.707106781186548,-2.05913761904326E-16,-0.707106781186548));
#5410=DIRECTION('',(-5.1325051263454E-16,-1.,-7.13454671251671E-32));
#5411=DIRECTION('',(-0.577350269189625,0.577350269189626,0.577350269189626));
#5412=DIRECTION('center_axis',(-2.05913761904326E-16,-0.707106781186547,
0.707106781186548));
#5413=DIRECTION('ref_axis',(1.,-2.91206034764362E-16,5.47382212626882E-48));
#5414=DIRECTION('',(-1.,2.91206034764362E-16,0.));
#5415=DIRECTION('',(-0.313363031311016,0.671492222817053,0.671492222817052));
#5416=DIRECTION('',(0.313363031311016,0.671492222817052,0.671492222817052));
#5417=DIRECTION('center_axis',(2.63885999872461E-16,0.906183143100011,0.422885458678097));
#5418=DIRECTION('ref_axis',(-2.06545225153465E-14,0.422885458678097,-0.906183143100011));
#5419=DIRECTION('',(-2.06545225153465E-14,0.422885458678097,-0.906183143100011));
#5420=DIRECTION('',(-1.,2.91206034764362E-16,0.));
#5421=DIRECTION('',(1.,-2.91206034764362E-16,1.23259516440777E-32));
#5422=DIRECTION('center_axis',(2.63885999872461E-16,0.906183143100011,-0.422885458678096));
#5423=DIRECTION('ref_axis',(2.06545225153465E-14,-0.422885458678096,-0.906183143100012));
#5424=DIRECTION('',(2.06545225153465E-14,-0.422885458678096,-0.906183143100012));
#5425=DIRECTION('center_axis',(-1.23259516440779E-32,3.08148791102016E-33,
1.));
#5426=DIRECTION('ref_axis',(1.,4.64311851912496E-15,1.23259516440779E-32));
#5427=DIRECTION('',(-0.422885458678097,1.23146797581157E-16,-0.906183143100011));
#5428=DIRECTION('center_axis',(0.,0.,-1.));
#5429=DIRECTION('ref_axis',(1.,-3.06676361959161E-15,0.));
#5430=DIRECTION('center_axis',(-1.23259516440777E-32,3.58939150296914E-48,
1.));
#5431=DIRECTION('ref_axis',(1.,4.14968606373605E-15,1.54074395550979E-32));
#5432=DIRECTION('center_axis',(1.23259516440779E-32,-3.08148791102016E-33,
-1.));
#5433=DIRECTION('ref_axis',(1.,4.64311851912496E-15,1.23259516440779E-32));
#5434=DIRECTION('',(0.422885458678096,-1.23146797581157E-16,-0.906183143100012));
#5435=DIRECTION('center_axis',(-0.906183143100011,2.21966621948403E-16,
0.422885458678097));
#5436=DIRECTION('ref_axis',(-0.422885458678097,1.23146797581157E-16,-0.906183143100011));
#5437=DIRECTION('',(2.91206034764362E-16,1.,9.72346137165803E-63));
#5438=DIRECTION('',(2.44946756777074E-16,1.,0.));
#5439=DIRECTION('center_axis',(-0.906183143100011,2.21966621948403E-16,
-0.422885458678096));
#5440=DIRECTION('ref_axis',(0.422885458678096,-1.23146797581157E-16,-0.906183143100012));
#5441=DIRECTION('center_axis',(1.23259516440777E-32,-3.58939150296914E-48,
-1.));
#5442=DIRECTION('ref_axis',(1.,-2.91206034764362E-16,1.23259516440777E-32));
#5443=DIRECTION('center_axis',(-0.707106781186548,-3.48909429775064E-16,
0.707106781186548));
#5444=DIRECTION('ref_axis',(-0.707106781186548,-3.48909429775064E-16,-0.707106781186548));
#5445=DIRECTION('',(0.577350269189627,-0.577350269189625,0.577350269189626));
#5446=DIRECTION('',(-4.93432447627758E-16,1.,0.));
#5447=DIRECTION('',(-0.671492222817052,-0.313363031311017,-0.671492222817052));
#5448=DIRECTION('',(-0.671492222817052,0.313363031311016,-0.671492222817052));
#5449=DIRECTION('center_axis',(-4.41267808159481E-16,0.707106781186548,
0.707106781186547));
#5450=DIRECTION('ref_axis',(-1.,-4.93432447627758E-16,-1.30614471310028E-16));
#5451=DIRECTION('',(1.,6.24046918937786E-16,-2.77227295851196E-34));
#5452=DIRECTION('',(0.577350269189626,-0.577350269189625,0.577350269189626));
#5453=DIRECTION('center_axis',(-0.707106781186548,-1.91900273748035E-16,
0.707106781186548));
#5454=DIRECTION('ref_axis',(-0.707106781186548,-3.48909429775064E-16,-0.707106781186548));
#5455=DIRECTION('',(-2.71387969757581E-16,1.,-7.13454671251671E-32));
#5456=DIRECTION('',(0.577350269189626,-0.577350269189626,0.577350269189626));
#5457=DIRECTION('center_axis',(-3.48909429775064E-16,0.707106781186547,
0.707106781186548));
#5458=DIRECTION('ref_axis',(-1.,-4.93432447627758E-16,5.47382212626882E-48));
#5459=DIRECTION('',(1.,4.93432447627758E-16,0.));
#5460=DIRECTION('',(0.313363031311016,-0.671492222817052,0.671492222817052));
#5461=DIRECTION('',(-0.313363031311016,-0.671492222817052,0.671492222817052));
#5462=DIRECTION('center_axis',(4.47140166298854E-16,-0.906183143100011,
0.422885458678097));
#5463=DIRECTION('ref_axis',(2.09863347198694E-14,-0.422885458678097,-0.906183143100011));
#5464=DIRECTION('',(2.09863347198694E-14,-0.422885458678097,-0.906183143100011));
#5465=DIRECTION('',(1.,4.93432447627758E-16,0.));
#5466=DIRECTION('',(-1.,-4.93432447627758E-16,1.23259516440777E-32));
#5467=DIRECTION('center_axis',(4.47140166298854E-16,-0.906183143100011,
-0.422885458678096));
#5468=DIRECTION('ref_axis',(-2.09863347198693E-14,0.422885458678096,-0.906183143100012));
#5469=DIRECTION('',(-2.09863347198693E-14,0.422885458678096,-0.906183143100012));
#5470=DIRECTION('center_axis',(1.23259516440779E-32,-3.08148791102015E-33,
1.));
#5471=DIRECTION('ref_axis',(-1.,-5.42775700151708E-15,1.23259516440779E-32));
#5472=DIRECTION('',(0.422885458678097,2.08665406941721E-16,-0.906183143100011));
#5473=DIRECTION('center_axis',(0.,0.,-1.));
#5474=DIRECTION('ref_axis',(-1.,2.28212513719949E-15,0.));
#5475=DIRECTION('center_axis',(1.23259516440777E-32,6.08202448907868E-48,
1.));
#5476=DIRECTION('ref_axis',(-1.,-4.93432454612817E-15,1.54074395550979E-32));
#5477=DIRECTION('center_axis',(-1.23259516440779E-32,3.08148791102015E-33,
-1.));
#5478=DIRECTION('ref_axis',(-1.,-5.42775700151708E-15,1.23259516440779E-32));
#5479=DIRECTION('',(-0.422885458678096,-2.0866540694172E-16,-0.906183143100012));
#5480=DIRECTION('center_axis',(0.906183143100011,4.89059544222912E-16,0.422885458678097));
#5481=DIRECTION('ref_axis',(0.422885458678097,2.08665406941721E-16,-0.906183143100011));
#5482=DIRECTION('',(4.93432447627758E-16,-1.,9.72346137165803E-63));
#5483=DIRECTION('',(5.39691725615047E-16,-1.,0.));
#5484=DIRECTION('center_axis',(0.906183143100011,4.89059544222912E-16,-0.422885458678096));
#5485=DIRECTION('ref_axis',(-0.422885458678096,-2.0866540694172E-16,-0.906183143100012));
#5486=DIRECTION('center_axis',(-1.23259516440777E-32,-6.08202448907868E-48,
-1.));
#5487=DIRECTION('ref_axis',(-1.,-4.93432447627758E-16,1.23259516440777E-32));
#5488=DIRECTION('center_axis',(-0.707106781186548,-5.5482319167939E-16,
-0.707106781186548));
#5489=DIRECTION('ref_axis',(0.707106781186548,5.5482319167939E-16,-0.707106781186548));
#5490=DIRECTION('',(0.671492222817052,0.313363031311016,-0.671492222817052));
#5491=DIRECTION('',(0.671492222817052,-0.313363031311016,-0.671492222817052));
#5492=DIRECTION('',(-7.84638482392121E-16,1.,0.));
#5493=DIRECTION('',(-0.577350269189626,-0.577350269189626,0.577350269189626));
#5494=DIRECTION('center_axis',(4.62464813294974E-16,-0.707106781186548,
-0.707106781186547));
#5495=DIRECTION('ref_axis',(1.,7.84638482392121E-16,-1.30614471310028E-16));
#5496=DIRECTION('',(-1.,-6.54024011082093E-16,-2.77227295851196E-34));
#5497=DIRECTION('',(-0.577350269189625,-0.577350269189626,0.577350269189626));
#5498=DIRECTION('center_axis',(-0.707106781186548,-7.11832347706419E-16,
-0.707106781186548));
#5499=DIRECTION('ref_axis',(0.707106781186548,5.5482319167939E-16,-0.707106781186548));
#5500=DIRECTION('',(-1.0066829602623E-15,1.,-7.13454671251671E-32));
#5501=DIRECTION('',(-0.577350269189625,-0.577350269189627,0.577350269189626));
#5502=DIRECTION('center_axis',(5.5482319167939E-16,-0.707106781186547,-0.707106781186548));
#5503=DIRECTION('ref_axis',(1.,7.84638482392121E-16,5.47382212626882E-48));
#5504=DIRECTION('',(-1.,-7.84638482392121E-16,0.));
#5505=DIRECTION('',(0.313363031311017,-0.671492222817052,0.671492222817052));
#5506=DIRECTION('',(-0.313363031311015,-0.671492222817053,0.671492222817052));
#5507=DIRECTION('center_axis',(-7.11026166171315E-16,0.906183143100011,
-0.422885458678097));
#5508=DIRECTION('ref_axis',(-2.04458571084048E-14,-0.422885458678097,-0.906183143100011));
#5509=DIRECTION('',(-2.04458571084048E-14,-0.422885458678097,-0.906183143100011));
#5510=DIRECTION('',(1.,7.84638482392121E-16,1.23259516440777E-32));
#5511=DIRECTION('',(-1.,-7.84638482392121E-16,0.));
#5512=DIRECTION('center_axis',(-7.11026166171315E-16,0.906183143100011,
0.422885458678096));
#5513=DIRECTION('ref_axis',(2.04458571084047E-14,0.422885458678096,-0.906183143100012));
#5514=DIRECTION('',(2.04458571084047E-14,0.422885458678096,-0.906183143100012));
#5515=DIRECTION('center_axis',(-1.23259516440779E-32,-3.08148791102016E-33,
1.));
#5516=DIRECTION('ref_axis',(1.,-4.1496860714972E-15,1.23259516440779E-32));
#5517=DIRECTION('',(-0.422885458678097,-3.31812204522878E-16,-0.906183143100011));
#5518=DIRECTION('center_axis',(1.23259516440777E-32,9.67141599204781E-48,
-1.));
#5519=DIRECTION('ref_axis',(1.,-3.65625361610829E-15,1.54074395550979E-32));
#5520=DIRECTION('center_axis',(0.,0.,1.));
#5521=DIRECTION('ref_axis',(1.,3.56019606721937E-15,0.));
#5522=DIRECTION('center_axis',(1.23259516440779E-32,3.08148791102016E-33,
-1.));
#5523=DIRECTION('ref_axis',(1.,-4.1496860714972E-15,1.23259516440779E-32));
#5524=DIRECTION('',(0.422885458678096,3.31812204522877E-16,-0.906183143100012));
#5525=DIRECTION('center_axis',(0.906183143100011,6.69106788247257E-16,-0.422885458678097));
#5526=DIRECTION('ref_axis',(-0.422885458678097,-3.31812204522878E-16,-0.906183143100011));
#5527=DIRECTION('',(7.84638482392121E-16,-1.,9.72346137165803E-63));
#5528=DIRECTION('',(7.38379204404832E-16,-1.,0.));
#5529=DIRECTION('center_axis',(0.906183143100011,6.69106788247257E-16,0.422885458678096));
#5530=DIRECTION('ref_axis',(0.422885458678096,3.31812204522877E-16,-0.906183143100012));
#5531=DIRECTION('center_axis',(-1.23259516440777E-32,-9.67141599204781E-48,
1.));
#5532=DIRECTION('ref_axis',(1.,7.84638482392121E-16,1.23259516440777E-32));
#5533=CARTESIAN_POINT('',(0.,0.,0.));
#5534=CARTESIAN_POINT('Origin',(1.84855304939481,-7.54676202920862,8.38900000000002));
#5535=CARTESIAN_POINT('',(2.23877502698003,-7.4132650312151,8.38891584337231));
#5536=CARTESIAN_POINT('',(2.23877502697998,-7.41326503121511,2.38900000000002));
#5537=CARTESIAN_POINT('',(2.23877502698001,-7.41326503121511,8.38895792168617));
#5538=CARTESIAN_POINT('',(-1.53670930802654,-8.70487814796963,8.38891584337232));
#5539=CARTESIAN_POINT('',(0.810360205089211,-7.9019332804816,8.38891584337232));
#5540=CARTESIAN_POINT('',(-1.53670930802654,-8.70487814796962,2.38900000000002));
#5541=CARTESIAN_POINT('',(-1.53670930802655,-8.70487814796962,0.0695001192093093));
#5542=CARTESIAN_POINT('',(3.61780289830429,-6.94149231838528,2.38900000000002));
#5543=CARTESIAN_POINT('Origin',(3.,12.5000001862645,6.50000007078051));
#5544=CARTESIAN_POINT('',(3.,18.0000002831221,9.00000014901161));
#5545=CARTESIAN_POINT('',(3.,18.8609131356077,8.13908729652601));
#5546=CARTESIAN_POINT('',(3.,17.5000002784654,9.50000015366822));
#5547=CARTESIAN_POINT('',(3.,7.00000008940697,9.00000014901161));
#5548=CARTESIAN_POINT('',(3.,6.00000008940697,9.00000014901161));
#5549=CARTESIAN_POINT('',(3.,6.13908723692137,8.13908729652601));
#5550=CARTESIAN_POINT('',(3.,7.50000009406358,9.50000015366822));
#5551=CARTESIAN_POINT('',(3.,13.6250002030283,8.13908729652601));
#5552=CARTESIAN_POINT('Origin',(0.25,13.6250002030283,8.13908729652601));
#5553=CARTESIAN_POINT('',(2.99648043237091,19.0000002831221,8.00000014901161));
#5554=CARTESIAN_POINT('Origin',(0.25,18.8609131356077,8.13908729652601));
#5555=CARTESIAN_POINT('',(2.99648043237091,6.00000008940697,8.00000014901161));
#5556=CARTESIAN_POINT('Origin',(0.25,6.13908723692137,8.13908729652601));
#5557=CARTESIAN_POINT('',(2.19454365061585,6.00000008940697,6.19454364591017));
#5558=CARTESIAN_POINT('Origin',(0.25,6.00000008940697,8.13908729652601));
#5559=CARTESIAN_POINT('',(2.19454365136091,7.90000013411045,6.1945436451651));
#5560=CARTESIAN_POINT('',(2.19454365360592,13.6250002015033,6.1945436429201));
#5561=CARTESIAN_POINT('',(2.99823825288408,7.90000013411045,8.04066725088166));
#5562=CARTESIAN_POINT('Origin',(0.25,7.90000013411045,8.13908729652601));
#5563=CARTESIAN_POINT('',(2.99823825288408,17.1000002610714,8.04066725088166));
#5564=CARTESIAN_POINT('',(2.99823825288408,13.6250002030283,8.04066725088166));
#5565=CARTESIAN_POINT('',(2.19454364826301,17.1000002473201,6.19454364826301));
#5566=CARTESIAN_POINT('Origin',(0.25,17.1000002618045,8.13908729652601));
#5567=CARTESIAN_POINT('',(2.19454364826301,19.0000002831221,6.19454364826301));
#5568=CARTESIAN_POINT('',(2.19454364826301,13.6250002030283,6.19454364826301));
#5569=CARTESIAN_POINT('Origin',(0.25,19.0000002831221,8.13908729652601));
#5570=CARTESIAN_POINT('Origin',(2.,10.2500001698709,8.10000015458727));
#5571=CARTESIAN_POINT('',(2.,7.90000013411045,7.10000017209185));
#5572=CARTESIAN_POINT('Origin',(2.,7.90000013411045,8.10000017209185));
#5573=CARTESIAN_POINT('',(2.,17.1000002540646,7.10000010356325));
#5574=CARTESIAN_POINT('',(2.,10.2500001624221,7.10000015458727));
#5575=CARTESIAN_POINT('Origin',(2.,17.1000002615134,8.10000010356325));
#5576=CARTESIAN_POINT('Origin',(38.0000005662441,-7.58783207835178,0.5));
#5577=CARTESIAN_POINT('',(38.4000005662441,-13.0878320783518,0.5));
#5578=CARTESIAN_POINT('',(39.6000005662441,-13.0878320783518,0.5));
#5579=CARTESIAN_POINT('',(38.0000005662441,-13.0878320783518,0.5));
#5580=CARTESIAN_POINT('',(38.4000005662441,-8.08783207835178,0.5));
#5581=CARTESIAN_POINT('',(38.4000005662441,9.70608416198979,0.5));
#5582=CARTESIAN_POINT('',(39.6000005662441,-8.08783207835178,0.5));
#5583=CARTESIAN_POINT('',(38.0000005662441,-8.08783207835178,0.5));
#5584=CARTESIAN_POINT('',(39.6000005662441,10.7060841619898,0.5));
#5585=CARTESIAN_POINT('Origin',(1.00000000000005,-35.0000005364418,12.7922885458678));
#5586=CARTESIAN_POINT('',(-0.0706952051232796,-35.0000005364418,13.3706952051233));
#5587=CARTESIAN_POINT('',(0.999999999999997,-36.0706957415651,13.3706952051233));
#5588=CARTESIAN_POINT('Origin',(1.00000000000005,-35.0000005364418,13.3706952051233));
#5589=CARTESIAN_POINT('',(0.999999999999965,-36.710353491701,12.));
#5590=CARTESIAN_POINT('',(1.,-35.9906188507519,13.5422885458678));
#5591=CARTESIAN_POINT('',(-0.710352955259179,-35.0000005364418,12.));
#5592=CARTESIAN_POINT('Origin',(1.00000000000005,-35.0000005364418,12.));
#5593=CARTESIAN_POINT('',(0.00938168568999892,-35.0000005364418,13.5422885458678));
#5594=CARTESIAN_POINT('Origin',(30.0000004470348,-35.9906188504413,13.5422885465331));
#5595=CARTESIAN_POINT('',(26.9878838846282,-36.0706957426111,13.3706952061693));
#5596=CARTESIAN_POINT('',(37.0000005662441,-36.0706957426111,13.3706952061693));
#5597=CARTESIAN_POINT('',(24.8750003650785,-36.0706957426111,13.3706952061693));
#5598=CARTESIAN_POINT('',(37.0000005662441,-36.7103535054901,12.));
#5599=CARTESIAN_POINT('',(37.0000005662441,-35.9906188504413,13.5422885465331));
#5600=CARTESIAN_POINT('',(28.3585790907975,-36.7103535054901,12.));
#5601=CARTESIAN_POINT('',(30.0000004470348,-36.7103535054901,12.));
#5602=CARTESIAN_POINT('',(26.6052879707212,-35.8921509827879,13.7532911200763));
#5603=CARTESIAN_POINT('Origin',(1.,-35.9906188507519,13.5422885458678));
#5604=CARTESIAN_POINT('',(9.77383610267027,-36.0706957415651,13.3706952051233));
#5605=CARTESIAN_POINT('',(10.3750001415611,-36.0706957415651,13.3706952051233));
#5606=CARTESIAN_POINT('',(8.40314089754694,-36.710353491701,12.));
#5607=CARTESIAN_POINT('',(8.96265753431289,-36.4492457328794,12.559516636766));
#5608=CARTESIAN_POINT('',(0.999999999999983,-36.710353491701,12.));
#5609=CARTESIAN_POINT('Origin',(37.0000005662441,-35.0000005364418,12.7922885465331));
#5610=CARTESIAN_POINT('',(38.0706957724134,-35.0000005364418,13.3706952061693));
#5611=CARTESIAN_POINT('Origin',(37.0000005662441,-35.0000005364418,13.3706952061693));
#5612=CARTESIAN_POINT('',(38.7103535352924,-35.0000005364418,12.));
#5613=CARTESIAN_POINT('',(37.9906188802437,-35.0000005364418,13.5422885465331));
#5614=CARTESIAN_POINT('Origin',(37.0000005662441,-35.0000005364418,12.));
#5615=CARTESIAN_POINT('Origin',(38.6906188802437,26.0000004023314,12.0422885465331));
#5616=CARTESIAN_POINT('',(38.0706957724134,20.3166813881088,13.3706952061693));
#5617=CARTESIAN_POINT('',(38.0706957724134,26.0000004023314,13.3706952061693));
#5618=CARTESIAN_POINT('',(38.0706957724134,15.187500346452,13.3706952061693));
#5619=CARTESIAN_POINT('',(38.7103535352924,26.0000004023314,12.));
#5620=CARTESIAN_POINT('',(37.9906188802437,26.0000004023314,13.5422885465331));
#5621=CARTESIAN_POINT('',(38.7103535352924,21.6873765942781,12.));
#5622=CARTESIAN_POINT('',(38.7103535352924,26.0000004023314,12.));
#5623=CARTESIAN_POINT('',(38.6722374474641,21.6056992632173,12.0816773310608));
#5624=CARTESIAN_POINT('Origin',(37.9906188802437,-35.0000005364418,13.5422885465331));
#5625=CARTESIAN_POINT('',(38.0706957724134,-27.9878838995294,13.3706952061693));
#5626=CARTESIAN_POINT('',(38.0706957724134,-15.3125001229346,13.3706952061693));
#5627=CARTESIAN_POINT('',(38.7103535352924,-29.3585791056987,12.));
#5628=CARTESIAN_POINT('',(38.5707582394304,-29.0594463288515,12.2991327768471));
#5629=CARTESIAN_POINT('',(38.7103535352924,-35.0000005364418,12.));
#5630=CARTESIAN_POINT('Origin',(37.0000005662441,26.0000004023314,12.7922885465331));
#5631=CARTESIAN_POINT('',(37.0000005662441,27.0706956085007,13.3706952061693));
#5632=CARTESIAN_POINT('Origin',(37.0000005662441,26.0000004023314,13.3706952061693));
#5633=CARTESIAN_POINT('',(37.0000005662441,27.7103533713797,12.));
#5634=CARTESIAN_POINT('',(37.0000005662441,26.9906187163309,13.5422885465331));
#5635=CARTESIAN_POINT('Origin',(37.0000005662441,26.0000004023314,12.));
#5636=CARTESIAN_POINT('Origin',(30.0000004470348,27.6906187163309,12.0422885465331));
#5637=CARTESIAN_POINT('',(26.9878838846282,27.0706956085007,13.3706952061693));
#5638=CARTESIAN_POINT('',(15.3750002235174,27.0706956085006,13.3706952061693));
#5639=CARTESIAN_POINT('',(28.3585790907975,27.7103533713797,12.));
#5640=CARTESIAN_POINT('',(26.9119011971741,27.0352370210221,13.4466778936234));
#5641=CARTESIAN_POINT('',(30.0000004470348,27.7103533713797,12.));
#5642=CARTESIAN_POINT('Origin',(37.0000005662441,26.0000004023314,-2.99999999999999));
#5643=CARTESIAN_POINT('',(37.0000005662441,29.0000004023314,-2.5));
#5644=CARTESIAN_POINT('',(37.0000005662441,28.0000004023314,-3.50000000000001));
#5645=CARTESIAN_POINT('',(37.0000005662441,29.0000004023314,-2.5));
#5646=CARTESIAN_POINT('',(40.0000005662441,26.0000004023314,-2.49999999999998));
#5647=CARTESIAN_POINT('Origin',(37.0000005662441,26.0000004023314,-2.49999999999998));
#5648=CARTESIAN_POINT('',(39.0000005662441,26.0000004023314,-3.5));
#5649=CARTESIAN_POINT('',(40.0000005662441,26.0000004023314,-2.49999999999998));
#5650=CARTESIAN_POINT('Origin',(37.0000005662441,26.0000004023314,-3.5));
#5651=CARTESIAN_POINT('Origin',(39.8000005662441,10.7060841619898,0.700000000000001));
#5652=CARTESIAN_POINT('',(39.4535539568374,-7.7342786877585,0.353553390593273));
#5653=CARTESIAN_POINT('Origin',(39.1000005662441,-8.08783207835178,5.55111512312578E-16));
#5654=CARTESIAN_POINT('',(40.0000005662441,-7.18783207835178,0.900000000000001));
#5655=CARTESIAN_POINT('',(39.6000005662441,-7.58783207835178,0.5));
#5656=CARTESIAN_POINT('',(40.0000005662441,-13.9878320783518,0.900000000000001));
#5657=CARTESIAN_POINT('',(40.0000005662441,10.7060841619898,0.900000000000001));
#5658=CARTESIAN_POINT('',(39.4535539568374,-13.441385468945,0.353553390593274));
#5659=CARTESIAN_POINT('',(35.5176811928538,-9.50551270496146,-3.58231937339027));
#5660=CARTESIAN_POINT('Origin',(39.1000005662441,-13.0878320783518,4.16333634234434E-16));
#5661=CARTESIAN_POINT('Origin',(39.5000005662441,5.3750002905726,-3.));
#5662=CARTESIAN_POINT('',(40.0000005662441,-35.0000005364418,-2.49999999999999));
#5663=CARTESIAN_POINT('',(39.0000005662441,-35.0000005364418,-3.49999999999999));
#5664=CARTESIAN_POINT('',(40.0000005662441,-35.0000005364418,-2.49999999999999));
#5665=CARTESIAN_POINT('',(39.0000005662441,5.3750002905726,-3.5));
#5666=CARTESIAN_POINT('',(40.0000005662441,5.3750002905726,-2.5));
#5667=CARTESIAN_POINT('Origin',(37.0000005662441,-35.0000005364418,-2.99999999999999));
#5668=CARTESIAN_POINT('',(37.0000005662441,-38.0000005364418,-2.5));
#5669=CARTESIAN_POINT('Origin',(37.0000005662441,-35.0000005364418,-2.5));
#5670=CARTESIAN_POINT('',(37.0000005662441,-37.0000005364418,-3.49999999999999));
#5671=CARTESIAN_POINT('',(37.0000005662441,-38.0000005364418,-2.5));
#5672=CARTESIAN_POINT('Origin',(37.0000005662441,-35.0000005364418,-3.49999999999999));
#5673=CARTESIAN_POINT('Origin',(20.7500002831221,-37.5000005364418,-3.));
#5674=CARTESIAN_POINT('',(1.00000000000005,-38.0000005364418,-2.5));
#5675=CARTESIAN_POINT('',(1.00000000000005,-37.0000005364418,-3.49999999999999));
#5676=CARTESIAN_POINT('',(1.00000000000005,-38.0000005364418,-2.5));
#5677=CARTESIAN_POINT('',(20.7500002831221,-37.0000005364418,-3.49999999999999));
#5678=CARTESIAN_POINT('',(20.7500002831221,-38.0000005364418,-2.5));
#5679=CARTESIAN_POINT('Origin',(-0.249999999999954,28.5000004023314,-3.));
#5680=CARTESIAN_POINT('',(1.00000000000006,28.0000004023314,-3.5));
#5681=CARTESIAN_POINT('',(-0.249999999999954,28.0000004023314,-3.50000000000001));
#5682=CARTESIAN_POINT('',(1.00000000000006,29.0000004023314,-2.49999999999998));
#5683=CARTESIAN_POINT('',(1.00000000000006,29.0000004023314,-2.49999999999998));
#5684=CARTESIAN_POINT('',(-0.249999999999954,29.0000004023314,-2.5));
#5685=CARTESIAN_POINT('Origin',(7.12132090980377,26.9906187163309,13.5422885465331));
#5686=CARTESIAN_POINT('',(10.1334374722104,27.0706956085007,13.3706952061693));
#5687=CARTESIAN_POINT('',(1.,27.0706956085007,13.3706952061693));
#5688=CARTESIAN_POINT('',(3.93566045490191,27.0706956085007,13.3706952061693));
#5689=CARTESIAN_POINT('',(1.,27.7103533713797,12.));
#5690=CARTESIAN_POINT('',(1.,26.9906187163309,13.5422885465331));
#5691=CARTESIAN_POINT('',(8.76274226604107,27.7103533713797,12.));
#5692=CARTESIAN_POINT('',(7.12132090980377,27.7103533713797,12.));
#5693=CARTESIAN_POINT('',(10.5160333861174,26.8921508486774,13.7532911200763));
#5694=CARTESIAN_POINT('Origin',(1.00000000000006,26.0000004023314,12.7922885465331));
#5695=CARTESIAN_POINT('',(-0.0706952061692525,26.0000004023314,13.3706952061693));
#5696=CARTESIAN_POINT('Origin',(1.00000000000006,26.0000004023314,13.3706952061693));
#5697=CARTESIAN_POINT('',(-0.710352969048242,26.0000004023314,12.));
#5698=CARTESIAN_POINT('',(0.0093816860005423,26.0000004023314,13.5422885465331));
#5699=CARTESIAN_POINT('Origin',(1.00000000000006,26.0000004023314,12.));
#5700=CARTESIAN_POINT('Origin',(0.0093816860005423,26.0000004023314,13.5422885465331));
#5701=CARTESIAN_POINT('',(-0.0706952061693487,20.3166813881087,13.3706952061693));
#5702=CARTESIAN_POINT('',(-0.0706952061696823,-0.562499888241316,13.3706952061697));
#5703=CARTESIAN_POINT('',(-0.710352969048343,21.6873765942781,12.));
#5704=CARTESIAN_POINT('',(-0.430954316089749,21.088665195081,12.598711399197));
#5705=CARTESIAN_POINT('',(-0.710352969048241,26.0000004023314,12.));
#5706=CARTESIAN_POINT('Origin',(-0.690618313999456,26.0000004023314,11.9577114534669));
#5707=CARTESIAN_POINT('',(1.38777878078145E-16,26.0000004023314,10.4778150663252));
#5708=CARTESIAN_POINT('',(-1.48078415884317E-17,23.209561527953,10.4778150663251));
#5709=CARTESIAN_POINT('',(0.,-5.00000006705547,10.4778150663236));
#5710=CARTESIAN_POINT('',(-0.690618313999456,26.0000004023314,11.9577114534669));
#5711=CARTESIAN_POINT('',(0.314085247538648,23.8826013441072,9.80477525017084));
#5712=CARTESIAN_POINT('Origin',(17.25,12.75,2.5));
#5713=CARTESIAN_POINT('',(33.5,4.25,2.5));
#5714=CARTESIAN_POINT('',(33.5,21.25,2.5));
#5715=CARTESIAN_POINT('',(33.5,8.5,2.5));
#5716=CARTESIAN_POINT('',(0.,21.25,2.5));
#5717=CARTESIAN_POINT('',(34.5,21.25,2.5));
#5718=CARTESIAN_POINT('',(0.,4.25,2.5));
#5719=CARTESIAN_POINT('',(0.,21.25,2.5));
#5720=CARTESIAN_POINT('',(0.,4.25,2.5));
#5721=CARTESIAN_POINT('Origin',(10.500000141561,21.7580872723967,11.9292893218813));
#5722=CARTESIAN_POINT('',(0.,20.3873765942781,13.3));
#5723=CARTESIAN_POINT('',(-5.74515921254895,14.6422173817291,19.0451592125489));
#5724=CARTESIAN_POINT('',(0.,10.6758876506574,23.0114889436206));
#5725=CARTESIAN_POINT('Origin',(0.,17.1000002540646,7.10000010356325));
#5726=CARTESIAN_POINT('',(0.,17.1000002540646,7.10000010356325));
#5727=CARTESIAN_POINT('',(0.,17.1000002540646,7.10000010356325));
#5728=CARTESIAN_POINT('',(0.,17.1000002421452,5.49981691762839));
#5729=CARTESIAN_POINT('',(0.,17.100000222035,2.79999985401704));
#5730=CARTESIAN_POINT('',(1.49981691762838,17.1000002421452,5.49981691762839));
#5731=CARTESIAN_POINT('',(0.,17.1000002421452,5.49981691762839));
#5732=CARTESIAN_POINT('',(1.52500002151467,17.1000002423328,5.52500002151467));
#5733=CARTESIAN_POINT('Origin',(0.,17.1000002421452,5.49981691762839));
#5734=CARTESIAN_POINT('',(0.,17.1000002533197,4.));
#5735=CARTESIAN_POINT('',(1.12495423378431,17.1000002449382,5.12495423378431));
#5736=CARTESIAN_POINT('',(0.,17.1000002682216,1.99990865662709));
#5737=CARTESIAN_POINT('Origin',(1.5,14.7500002197921,5.5));
#5738=CARTESIAN_POINT('',(0.,19.0000002831221,4.));
#5739=CARTESIAN_POINT('',(0.,-10.6250001583248,4.));
#5740=CARTESIAN_POINT('',(0.75,19.0000002831221,4.75));
#5741=CARTESIAN_POINT('Origin',(0.,19.0000002831221,4.));
#5742=CARTESIAN_POINT('',(0.,19.0000002831221,8.00000014901161));
#5743=CARTESIAN_POINT('',(0.,19.0000002831221,8.00000014901161));
#5744=CARTESIAN_POINT('',(0.,19.0000002831221,1.25));
#5745=CARTESIAN_POINT('Origin',(0.,18.5000002831221,8.50000014901161));
#5746=CARTESIAN_POINT('',(0.,18.0000002831221,9.00000014901161));
#5747=CARTESIAN_POINT('',(0.,7.37500011548399,19.6250003166497));
#5748=CARTESIAN_POINT('',(0.,18.0000002831221,9.00000014901161));
#5749=CARTESIAN_POINT('Origin',(0.,19.0000002831221,9.00000014901161));
#5750=CARTESIAN_POINT('',(0.,7.00000008940697,9.00000014901161));
#5751=CARTESIAN_POINT('',(0.,-8.50000012665987,9.00000014901161));
#5752=CARTESIAN_POINT('',(0.,7.00000008940697,9.00000014901161));
#5753=CARTESIAN_POINT('Origin',(0.,6.50000008940697,8.50000014901161));
#5754=CARTESIAN_POINT('',(0.,6.00000008940697,8.00000014901161));
#5755=CARTESIAN_POINT('',(0.,-6.62500010430813,-4.62500004470348));
#5756=CARTESIAN_POINT('',(0.,6.00000008940697,8.00000014901161));
#5757=CARTESIAN_POINT('Origin',(0.,6.00000008940697,9.00000014901161));
#5758=CARTESIAN_POINT('',(0.,6.00000008940697,3.99999999529432));
#5759=CARTESIAN_POINT('',(0.,6.00000008940697,3.75000007450581));
#5760=CARTESIAN_POINT('',(2.0000000377921,6.00000008940697,6.00000003308641));
#5761=CARTESIAN_POINT('Origin',(1.5,9.25000013803181,5.49999999274541));
#5762=CARTESIAN_POINT('',(0.,7.90000011920929,3.99999999380419));
#5763=CARTESIAN_POINT('',(-1.38777878078145E-16,-13.3750001976364,4.00000001048975));
#5764=CARTESIAN_POINT('',(1.50021145034561,7.90000013411045,5.50021144414979));
#5765=CARTESIAN_POINT('',(0.750000003316305,7.90000012665882,4.74999999712049));
#5766=CARTESIAN_POINT('',(1.12505286207339,7.90000013411045,5.12505285587758));
#5767=CARTESIAN_POINT('Origin',(0.,7.90000011920929,3.99999999471903));
#5768=CARTESIAN_POINT('',(0.,7.90000013411045,5.50021144414979));
#5769=CARTESIAN_POINT('',(0.,7.90000009189435,1.2499997793366));
#5770=CARTESIAN_POINT('',(0.,7.90000013411045,5.50021144414979));
#5771=CARTESIAN_POINT('Origin',(0.,7.90000013411045,5.50021144315652));
#5772=CARTESIAN_POINT('',(0.,7.90000013411045,7.10000017209185));
#5773=CARTESIAN_POINT('',(0.,7.90000013411045,2.00010572157826));
#5774=CARTESIAN_POINT('',(0.,7.90000013411045,7.10000017209185));
#5775=CARTESIAN_POINT('Origin',(0.,8.00000013411045,7.10000017134698));
#5776=CARTESIAN_POINT('',(0.,-14.000000169136,7.10000033521972));
#5777=CARTESIAN_POINT('Origin',(1.00000000000006,26.0000004023314,11.2077114534669));
#5778=CARTESIAN_POINT('',(1.,27.0000004023314,10.4778150663251));
#5779=CARTESIAN_POINT('Origin',(1.,26.0000004023314,10.4778150663251));
#5780=CARTESIAN_POINT('',(1.,27.6906187163309,11.9577114534669));
#5781=CARTESIAN_POINT('Origin',(28.4292897689162,10.2500001676381,11.9292893218813));
#5782=CARTESIAN_POINT('',(27.0585790907975,27.0000004023314,13.3));
#5783=CARTESIAN_POINT('',(25.8890528408197,28.1695266523092,14.4695262499778));
#5784=CARTESIAN_POINT('',(29.8807640244725,27.0000004023314,10.477815066325));
#5785=CARTESIAN_POINT('',(24.6792896571575,27.0000004023314,15.6792894336401));
#5786=CARTESIAN_POINT('',(31.0209676263183,26.4679053881366,9.33761146447923));
#5787=CARTESIAN_POINT('Origin',(30.0000004470348,26.9906187163309,10.4577114534669));
#5788=CARTESIAN_POINT('',(37.0000005662441,27.0000004023314,10.477815066325));
#5789=CARTESIAN_POINT('',(15.0000002235174,27.0000004023314,10.4778150663251));
#5790=CARTESIAN_POINT('',(37.0000005662441,26.9906187163309,10.4577114534669));
#5791=CARTESIAN_POINT('Origin',(7.12132090980377,27.6906187163309,11.9577114534669));
#5792=CARTESIAN_POINT('',(7.24055733236612,27.0000004023314,10.477815066325));
#5793=CARTESIAN_POINT('',(3.56066045490188,27.0000004023314,10.477815066325));
#5794=CARTESIAN_POINT('',(6.61738779865658,26.7091879532669,9.85464553261551));
#5795=CARTESIAN_POINT('Origin',(8.69203158792242,11.2500001676381,11.9292893218813));
#5796=CARTESIAN_POINT('',(10.0627422660411,27.0000004023314,13.3));
#5797=CARTESIAN_POINT('',(5.46204828987914,22.3993064261694,8.69930602383806));
#5798=CARTESIAN_POINT('',(3.16170136047148,27.0000004023314,6.3989590944304));
#5799=CARTESIAN_POINT('Origin',(17.364761979071,26.0000004023314,13.));
#5800=CARTESIAN_POINT('',(16.864761979071,27.0000004023314,13.));
#5801=CARTESIAN_POINT('',(17.364761979071,27.0000004023314,12.5));
#5802=CARTESIAN_POINT('Origin',(17.364761979071,27.0000004023314,13.));
#5803=CARTESIAN_POINT('',(17.364761979071,29.0000004023314,12.5));
#5804=CARTESIAN_POINT('',(17.364761979071,26.0000004023314,12.5));
#5805=CARTESIAN_POINT('',(16.864761979071,29.0000004023314,13.));
#5806=CARTESIAN_POINT('Origin',(17.364761979071,29.0000004023314,13.));
#5807=CARTESIAN_POINT('',(16.864761979071,26.0000004023314,13.));
#5808=CARTESIAN_POINT('Origin',(19.364761979071,26.0000004023314,12.5));
#5809=CARTESIAN_POINT('',(21.364761979071,27.0000004023314,12.5));
#5810=CARTESIAN_POINT('',(9.6823809895355,27.0000004023314,12.5));
#5811=CARTESIAN_POINT('',(21.364761979071,29.0000004023314,12.5));
#5812=CARTESIAN_POINT('',(21.364761979071,26.0000004023314,12.5));
#5813=CARTESIAN_POINT('',(8.6823809895355,29.0000004023314,12.5));
#5814=CARTESIAN_POINT('Origin',(21.364761979071,26.0000004023314,13.));
#5815=CARTESIAN_POINT('',(21.864761979071,27.0000004023314,13.));
#5816=CARTESIAN_POINT('Origin',(21.364761979071,27.0000004023314,13.));
#5817=CARTESIAN_POINT('',(21.864761979071,29.0000004023314,13.));
#5818=CARTESIAN_POINT('',(21.864761979071,26.0000004023314,13.));
#5819=CARTESIAN_POINT('Origin',(21.364761979071,29.0000004023314,13.));
#5820=CARTESIAN_POINT('Origin',(37.0000005662441,26.0000004023314,11.2077114534669));
#5821=CARTESIAN_POINT('',(38.0000005662441,26.0000004023314,10.477815066325));
#5822=CARTESIAN_POINT('Origin',(37.0000005662441,26.0000004023314,10.477815066325));
#5823=CARTESIAN_POINT('',(37.9906188802437,26.0000004023314,10.4577114534669));
#5824=CARTESIAN_POINT('Origin',(34.6,8.25,3.50000068843069));
#5825=CARTESIAN_POINT('',(34.6,8.25,3.50000068843069));
#5826=CARTESIAN_POINT('',(34.2999992333353,8.25,4.09999990835786));
#5827=CARTESIAN_POINT('',(34.5,8.25,3.69999991729856));
#5828=CARTESIAN_POINT('',(34.2999992333353,17.25,4.09999990835786));
#5829=CARTESIAN_POINT('',(34.2999992333353,8.25,4.09999990835786));
#5830=CARTESIAN_POINT('',(34.6,17.25,3.50000068843069));
#5831=CARTESIAN_POINT('',(34.5,17.25,3.69999991729856));
#5832=CARTESIAN_POINT('',(34.6,8.25,3.50000068843069));
#5833=CARTESIAN_POINT('Origin',(34.2999992333353,8.25,4.09999990835786));
#5834=CARTESIAN_POINT('',(34.6999992243946,8.25,4.79999989271164));
#5835=CARTESIAN_POINT('',(34.2999992333353,8.25,4.09999990835786));
#5836=CARTESIAN_POINT('',(34.6999992243946,17.25,4.79999989271164));
#5837=CARTESIAN_POINT('',(34.6999992243946,8.25,4.79999989271164));
#5838=CARTESIAN_POINT('',(34.2999992333353,17.25,4.09999990835786));
#5839=CARTESIAN_POINT('Origin',(36.2909082797441,8.25,3.8909090039405));
#5840=CARTESIAN_POINT('',(35.9999991953373,8.25,5.69999987259507));
#5841=CARTESIAN_POINT('Origin',(36.2909082797441,8.25,3.8909090039405));
#5842=CARTESIAN_POINT('',(35.9999991953373,17.25,5.69999987259507));
#5843=CARTESIAN_POINT('',(35.9999991953373,8.25,5.69999987259507));
#5844=CARTESIAN_POINT('Origin',(36.2909082797441,17.25,3.8909090039405));
#5845=CARTESIAN_POINT('Origin',(38.0000005662441,-8.08783207835178,5.55111512312578E-16));
#5846=CARTESIAN_POINT('',(38.5464471756509,-7.7342786877585,0.353553390593273));
#5847=CARTESIAN_POINT('Origin',(38.9000005662441,-8.08783207835178,5.55111512312578E-16));
#5848=CARTESIAN_POINT('',(38.4000005662441,-7.58783207835178,5.55111512312578E-16));
#5849=CARTESIAN_POINT('Origin',(38.9000005662441,-8.08783207835178,5.55111512312578E-16));
#5850=CARTESIAN_POINT('',(39.6000005662441,-7.58783207835178,5.55111512312578E-16));
#5851=CARTESIAN_POINT('',(38.0000005662441,-7.58783207835178,5.55111512312578E-16));
#5852=CARTESIAN_POINT('Origin',(39.1000005662441,-8.08783207835178,5.55111512312578E-16));
#5853=CARTESIAN_POINT('Origin',(38.0000005662441,-7.58783207835178,-1.5));
#5854=CARTESIAN_POINT('',(39.6000005662441,-7.58783207835178,-1.));
#5855=CARTESIAN_POINT('',(38.4000005662441,-7.58783207835178,-1.));
#5856=CARTESIAN_POINT('',(28.5000004246831,-7.58783207835178,-1.));
#5857=CARTESIAN_POINT('',(39.6000005662441,-7.58783207835178,-1.5));
#5858=CARTESIAN_POINT('',(38.4000005662441,-7.58783207835178,-1.5));
#5859=CARTESIAN_POINT('Origin',(39.8000005662441,-7.38783207835178,-1.5));
#5860=CARTESIAN_POINT('',(40.0000005662441,-7.18783207835178,-1.9));
#5861=CARTESIAN_POINT('',(40.0000005662441,-7.18783207835178,-1.5));
#5862=CARTESIAN_POINT('',(39.4535539568374,-7.7342786877585,-1.35355339059328));
#5863=CARTESIAN_POINT('Origin',(39.1000005662441,-8.08783207835178,-1.));
#5864=CARTESIAN_POINT('',(40.0000005662441,-7.18783207835178,-1.9));
#5865=CARTESIAN_POINT('Origin',(39.8000005662441,-13.7878320783518,-0.5));
#5866=CARTESIAN_POINT('',(40.0000005662441,-13.9878320783518,-1.9));
#5867=CARTESIAN_POINT('',(40.0000005662441,-13.9878320783518,-0.5));
#5868=CARTESIAN_POINT('',(39.4535539568374,-13.4413854689451,-1.35355339059327));
#5869=CARTESIAN_POINT('',(35.2603618585791,-9.24819337068674,2.83963870766499));
#5870=CARTESIAN_POINT('',(39.6000005662441,-13.5878320783518,-1.));
#5871=CARTESIAN_POINT('Origin',(39.1000005662441,-13.0878320783518,-1.));
#5872=CARTESIAN_POINT('',(39.6000005662441,-13.5878320783518,4.16333634234434E-16));
#5873=CARTESIAN_POINT('',(39.6000005662441,-13.5878320783518,-0.5));
#5874=CARTESIAN_POINT('Origin',(39.1000005662441,-13.0878320783518,4.16333634234434E-16));
#5875=CARTESIAN_POINT('Origin',(38.0000005662441,-13.0878320783518,4.16333634234434E-16));
#5876=CARTESIAN_POINT('',(38.4000005662441,-13.5878320783518,4.16333634234434E-16));
#5877=CARTESIAN_POINT('',(38.0000005662441,-13.5878320783518,4.16333634234434E-16));
#5878=CARTESIAN_POINT('',(38.5464471756509,-13.441385468945,0.353553390593271));
#5879=CARTESIAN_POINT('Origin',(38.9000005662441,-13.0878320783518,4.16333634234434E-16));
#5880=CARTESIAN_POINT('Origin',(38.9000005662441,-13.0878320783518,4.16333634234434E-16));
#5881=CARTESIAN_POINT('Origin',(38.0000005662441,-13.5878320783518,0.5));
#5882=CARTESIAN_POINT('',(38.4000005662441,-13.5878320783518,-1.));
#5883=CARTESIAN_POINT('',(28.5000004246831,-13.5878320783518,-1.));
#5884=CARTESIAN_POINT('',(38.4000005662441,-13.5878320783518,-0.5));
#5885=CARTESIAN_POINT('Origin',(38.2000005662441,9.70608416198979,0.700000000000001));
#5886=CARTESIAN_POINT('',(38.0000005662441,-13.9878320783518,0.900000000000001));
#5887=CARTESIAN_POINT('',(38.0000005662441,-7.18783207835178,0.900000000000001));
#5888=CARTESIAN_POINT('',(38.0000005662441,9.70608416198979,0.900000000000001));
#5889=CARTESIAN_POINT('',(35.7176811928539,-4.90551270496152,3.18231937339026));
#5890=CARTESIAN_POINT('',(42.3156532729677,-9.67217937162824,-3.41565270672358));
#5891=CARTESIAN_POINT('Origin',(35.9999991953373,8.25,5.69999987259507));
#5892=CARTESIAN_POINT('',(38.0000005662441,17.25,5.69999987259507));
#5893=CARTESIAN_POINT('',(38.0000005662441,8.25,5.69999987259507));
#5894=CARTESIAN_POINT('',(38.0000005662441,17.6250002011657,5.69999987259507));
#5895=CARTESIAN_POINT('',(35.9999991953373,17.25,5.69999987259507));
#5896=CARTESIAN_POINT('',(35.9999991953373,8.25,5.69999987259507));
#5897=CARTESIAN_POINT('Origin',(37.9906188802437,26.0000004023314,10.4577114534669));
#5898=CARTESIAN_POINT('',(38.0000005662441,23.209561527953,10.477815066325));
#5899=CARTESIAN_POINT('',(38.0000005662441,26.5000004023314,10.477815066325));
#5900=CARTESIAN_POINT('',(37.5428291463608,24.1892145705601,9.498162023718));
#5901=CARTESIAN_POINT('Origin',(28.5000004246831,21.7580872723967,11.9292893218813));
#5902=CARTESIAN_POINT('',(38.0000005662441,20.3873765942781,13.3));
#5903=CARTESIAN_POINT('',(38.6618263672287,19.7255507932935,13.9618258009845));
#5904=CARTESIAN_POINT('',(38.0000005662441,26.4258878853507,7.26148870892735));
#5905=CARTESIAN_POINT('Origin',(27.5000004246831,-29.4292897838173,11.9292893218813));
#5906=CARTESIAN_POINT('',(38.0000005662441,-28.0585791056987,13.3));
#5907=CARTESIAN_POINT('',(41.2320268826563,-24.8265527892865,16.5320263164122));
#5908=CARTESIAN_POINT('',(38.0000005662441,-30.8807640393737,10.477815066325));
#5909=CARTESIAN_POINT('',(38.0000005662441,-18.6792895677505,22.6792895379482));
#5910=CARTESIAN_POINT('',(37.5461119616089,-31.8533824778777,9.50519662782099));
#5911=CARTESIAN_POINT('Origin',(38.6906188802436,-35.0000005364418,11.9577114534669));
#5912=CARTESIAN_POINT('',(38.0000005662441,-35.0000005364418,10.4778150663251));
#5913=CARTESIAN_POINT('',(38.0000005662441,-4.00000006705521,10.477815066325));
#5914=CARTESIAN_POINT('',(37.9906188802437,-35.0000005364418,10.4577114534669));
#5915=CARTESIAN_POINT('Origin',(37.0000005662441,-35.0000005364418,11.2077114534669));
#5916=CARTESIAN_POINT('',(37.0000005662441,-36.0000005364418,10.477815066325));
#5917=CARTESIAN_POINT('Origin',(37.0000005662441,-35.0000005364418,10.477815066325));
#5918=CARTESIAN_POINT('',(37.0000005662441,-35.9906188504413,10.4577114534669));
#5919=CARTESIAN_POINT('Origin',(30.0000004470348,-36.0000005364418,5.50000010430813));
#5920=CARTESIAN_POINT('',(27.85305483132,-38.0000005364418,2.12500010430813));
#5921=CARTESIAN_POINT('',(27.85305483132,-38.0000005364418,8.87500010430813));
#5922=CARTESIAN_POINT('Origin',(30.0000004470348,-38.0000005364418,5.50000010430813));
#5923=CARTESIAN_POINT('',(27.85305483132,-36.0000005364418,2.12500010430813));
#5924=CARTESIAN_POINT('',(27.85305483132,-36.0000005364418,2.12500010430813));
#5925=CARTESIAN_POINT('',(27.85305483132,-36.0000005364418,8.87500010430813));
#5926=CARTESIAN_POINT('Origin',(30.0000004470348,-36.0000005364418,5.50000010430813));
#5927=CARTESIAN_POINT('',(27.85305483132,-36.0000005364418,8.87500010430813));
#5928=CARTESIAN_POINT('Origin',(32.1469460627497,-36.0000005364418,8.87500010430813));
#5929=CARTESIAN_POINT('',(32.1469460627497,-38.0000005364418,8.87500010430813));
#5930=CARTESIAN_POINT('',(36.0734733144969,-38.0000005364418,8.87500010430813));
#5931=CARTESIAN_POINT('',(32.1469460627497,-36.0000005364418,8.87500010430813));
#5932=CARTESIAN_POINT('',(35.0734733144969,-36.0000005364418,8.87500010430813));
#5933=CARTESIAN_POINT('',(32.1469460627497,-36.0000005364418,8.87500010430813));
#5934=CARTESIAN_POINT('Origin',(30.0000004470348,-36.0000005364418,5.50000010430813));
#5935=CARTESIAN_POINT('',(32.1469460627497,-38.0000005364418,2.12500010430813));
#5936=CARTESIAN_POINT('Origin',(30.0000004470348,-38.0000005364418,5.50000010430813));
#5937=CARTESIAN_POINT('',(32.1469460627497,-36.0000005364418,2.12500010430813));
#5938=CARTESIAN_POINT('Origin',(30.0000004470348,-36.0000005364418,5.50000010430813));
#5939=CARTESIAN_POINT('',(32.1469460627497,-36.0000005364418,2.12500010430813));
#5940=CARTESIAN_POINT('Origin',(27.85305483132,-36.0000005364418,2.12500010430813));
#5941=CARTESIAN_POINT('',(33.9265276987821,-38.0000005364418,2.12500010430813));
#5942=CARTESIAN_POINT('',(32.9265276987821,-36.0000005364418,2.12500010430813));
#5943=CARTESIAN_POINT('Origin',(0.999999999999965,-36.6906188373408,11.9577114541322));
#5944=CARTESIAN_POINT('',(0.999999999999999,-36.0000005364418,10.4778150667101));
#5945=CARTESIAN_POINT('',(6.88095596425702,-36.0000005364418,10.4778150667101));
#5946=CARTESIAN_POINT('',(19.500000283122,-36.0000005364418,10.4778150667101));
#5947=CARTESIAN_POINT('',(0.999999999999965,-36.6906188373408,11.9577114541322));
#5948=CARTESIAN_POINT('',(4.85359116634503,-35.0538969822089,8.45045026879809));
#5949=CARTESIAN_POINT('Origin',(30.0000004470348,-36.6906188504413,11.9577114534669));
#5950=CARTESIAN_POINT('',(29.8807640244725,-36.0000005364418,10.477815066325));
#5951=CARTESIAN_POINT('',(34.0000005066395,-36.0000005364418,10.477815066325));
#5952=CARTESIAN_POINT('',(30.503933558182,-35.7091880873774,9.8546455326155));
#5953=CARTESIAN_POINT('Origin',(28.4292897689162,-20.2500003017485,11.9292893218813));
#5954=CARTESIAN_POINT('',(27.0585790907975,-36.0000005364418,13.3));
#5955=CARTESIAN_POINT('',(28.8890528880067,-34.1695267392326,11.4695262027908));
#5956=CARTESIAN_POINT('',(34.1792897987185,-36.0000005364418,6.17928929207902));
#5957=CARTESIAN_POINT('Origin',(8.33243021942829,-19.2500003017485,11.9292893218813));
#5958=CARTESIAN_POINT('',(9.70314089754695,-36.0000005364418,13.3));
#5959=CARTESIAN_POINT('',(8.16238052998771,-34.4592401688826,11.7592396324408));
#5960=CARTESIAN_POINT('',(12.3920004756619,-36.0000005364418,15.988859578115));
#5961=CARTESIAN_POINT('Origin',(1.00000000000005,-35.0000005364418,11.2077114541322));
#5962=CARTESIAN_POINT('',(-2.77555756156289E-16,-35.0000005364418,10.4778150667102));
#5963=CARTESIAN_POINT('Origin',(1.,-35.0000005364418,10.4778150667101));
#5964=CARTESIAN_POINT('',(-0.690618300898956,-35.0000005364418,11.9577114541322));
#5965=CARTESIAN_POINT('Origin',(-0.690618300898956,-32.7499998211862,11.9577114541322));
#5966=CARTESIAN_POINT('',(1.50979677184351E-18,-32.6307633982386,10.4778150667102));
#5967=CARTESIAN_POINT('',(-2.77555756156289E-16,-34.375000178814,10.4778150667102));
#5968=CARTESIAN_POINT('',(-0.710352955259179,-31.1085784649488,12.));
#5969=CARTESIAN_POINT('',(-0.0160512902672327,-32.5963677755785,10.5122106893704));
#5970=CARTESIAN_POINT('',(-0.710352955259178,-32.7499998211862,12.));
#5971=CARTESIAN_POINT('Origin',(1.00000000000005,-35.0000005364418,-2.99999999999999));
#5972=CARTESIAN_POINT('',(-1.99999999999996,-35.0000005364418,-2.49999999999999));
#5973=CARTESIAN_POINT('Origin',(1.00000000000005,-35.0000005364418,-2.5));
#5974=CARTESIAN_POINT('',(-1.00000000000001,-35.0000005364418,-3.49999999999999));
#5975=CARTESIAN_POINT('',(-1.00000000000001,-35.0000005364418,-3.49999999999999));
#5976=CARTESIAN_POINT('Origin',(1.00000000000005,-35.0000005364418,-3.49999999999999));
#5977=CARTESIAN_POINT('Origin',(1.50000000000009,-18.2499998211862,-3.49999999999999));
#5978=CARTESIAN_POINT('',(-0.999999999999994,26.0000004023314,-3.5));
#5979=CARTESIAN_POINT('',(-1.00000000000001,-24.4999999105931,-3.49999999999999));
#5980=CARTESIAN_POINT('Origin',(1.00000000000006,26.0000004023314,-3.5));
#5981=CARTESIAN_POINT('Origin',(1.00000000000006,26.0000004023314,-2.99999999999999));
#5982=CARTESIAN_POINT('',(-1.99999999999994,26.0000004023314,-2.50000000000001));
#5983=CARTESIAN_POINT('',(-1.99999999999994,26.0000004023314,-2.50000000000001));
#5984=CARTESIAN_POINT('Origin',(1.00000000000006,26.0000004023314,-2.49999999999998));
#5985=CARTESIAN_POINT('Origin',(7.5,9.50031728953493,7.));
#5986=CARTESIAN_POINT('',(-0.799999999999967,15.5001833364257,7.00000002235174));
#5987=CARTESIAN_POINT('',(-0.799999999999965,9.50031728953493,7.));
#5988=CARTESIAN_POINT('',(-0.799999999999948,-10.6248413552326,7.));
#5989=CARTESIAN_POINT('',(0.,15.5001833364257,7.00000002235174));
#5990=CARTESIAN_POINT('',(7.5,15.5001833364257,7.00000002235174));
#5991=CARTESIAN_POINT('',(0.,9.50031728953493,7.));
#5992=CARTESIAN_POINT('',(0.,-13.2498416234534,7.));
#5993=CARTESIAN_POINT('',(7.5,9.50031728953493,7.));
#5994=CARTESIAN_POINT('Origin',(7.5,15.500000230968,5.50000001117587));
#5995=CARTESIAN_POINT('',(-0.799999999999943,15.4998171254996,4.));
#5996=CARTESIAN_POINT('Origin',(-0.799999999999967,15.500000230968,5.50000001117587));
#5997=CARTESIAN_POINT('',(0.,15.4998171254996,4.));
#5998=CARTESIAN_POINT('',(7.5,15.4998171254996,4.));
#5999=CARTESIAN_POINT('Origin',(0.,15.500000230968,5.50000001117587));
#6000=CARTESIAN_POINT('Origin',(7.5,15.4998171254996,4.));
#6001=CARTESIAN_POINT('',(-0.799999999999965,9.50000014156103,4.));
#6002=CARTESIAN_POINT('',(-0.799999999999949,-7.62509143725024,4.));
#6003=CARTESIAN_POINT('',(0.,9.50000014156103,4.));
#6004=CARTESIAN_POINT('',(7.5,9.50000014156103,4.));
#6005=CARTESIAN_POINT('',(0.,-10.2500917054711,4.));
#6006=CARTESIAN_POINT('Origin',(7.5,9.50000014156103,5.50000001117587));
#6007=CARTESIAN_POINT('Origin',(-0.799999999999965,9.50000014156103,5.50000001117587));
#6008=CARTESIAN_POINT('Origin',(0.,9.50000014156103,5.50000001117587));
#6009=CARTESIAN_POINT('Origin',(9.50000014156105,-31.1792891430675,11.9292893218813));
#6010=CARTESIAN_POINT('',(0.,-29.6085784649488,13.5));
#6011=CARTESIAN_POINT('',(0.,-35.7417893218814,7.36678914306744));
#6012=CARTESIAN_POINT('',(-0.01035296867022,-29.6085784649488,13.5));
#6013=CARTESIAN_POINT('',(5.50000007078057,-29.6085784649488,13.5));
#6014=CARTESIAN_POINT('',(-0.199014184177738,-30.0128525059246,13.0957259590243));
#6015=CARTESIAN_POINT('Origin',(0.00938168568999902,-32.7499998211862,13.5422885458678));
#6016=CARTESIAN_POINT('',(-0.0103529686702195,-30.7499998211862,13.5));
#6017=CARTESIAN_POINT('',(-0.0706952051232804,-30.7499998211862,13.3706952051233));
#6018=CARTESIAN_POINT('',(-1.39828253296185,-30.7499998211862,10.5258651623947));
#6019=CARTESIAN_POINT('',(-0.07069520512328,-29.9375000000001,13.3706952051233));
#6020=CARTESIAN_POINT('',(-0.0103529686702211,-25.4999998211862,13.5));
#6021=CARTESIAN_POINT('Origin',(1.50000000000009,-30.7499998211862,5.50000000000001));
#6022=CARTESIAN_POINT('',(-0.2,-30.7499998211862,13.5));
#6023=CARTESIAN_POINT('',(1.50000000000009,-30.7499998211862,13.5));
#6024=CARTESIAN_POINT('',(2.27500000000003,-30.7499998211862,11.025));
#6025=CARTESIAN_POINT('Origin',(-0.1,-27.125000178814,13.4));
#6026=CARTESIAN_POINT('',(-0.2,-35.0000005364418,13.5));
#6027=CARTESIAN_POINT('',(-0.2,-27.125000178814,13.5));
#6028=CARTESIAN_POINT('',(-0.2,-35.0000005364418,13.5));
#6029=CARTESIAN_POINT('Origin',(1.,-35.0000005364418,13.4));
#6030=CARTESIAN_POINT('',(1.,-36.2000005364418,13.5));
#6031=CARTESIAN_POINT('Origin',(1.,-35.0000005364418,13.5));
#6032=CARTESIAN_POINT('',(1.,-36.2000005364418,13.5));
#6033=CARTESIAN_POINT('Origin',(19.7500002831221,-36.1000005364418,13.4));
#6034=CARTESIAN_POINT('',(37.0000005662441,-36.2000005364418,13.5));
#6035=CARTESIAN_POINT('',(19.7500002831221,-36.2000005364418,13.5));
#6036=CARTESIAN_POINT('',(37.0000005662441,-36.2000005364418,13.5));
#6037=CARTESIAN_POINT('',(19.7500002831221,-36.0000005364418,13.3));
#6038=CARTESIAN_POINT('Origin',(37.0000005662441,-35.0000005364418,13.4));
#6039=CARTESIAN_POINT('',(38.2000005662441,-35.0000005364418,13.5));
#6040=CARTESIAN_POINT('Origin',(37.0000005662441,-35.0000005364418,13.5));
#6041=CARTESIAN_POINT('',(38.2000005662441,-35.0000005364418,13.5));
#6042=CARTESIAN_POINT('Origin',(38.1000005662441,4.3750002905726,13.4));
#6043=CARTESIAN_POINT('',(38.2000005662441,26.0000004023314,13.5));
#6044=CARTESIAN_POINT('',(38.2000005662441,4.3750002905726,13.5));
#6045=CARTESIAN_POINT('',(38.2000005662441,26.0000004023314,13.5));
#6046=CARTESIAN_POINT('',(38.0000005662441,4.3750002905726,13.3));
#6047=CARTESIAN_POINT('Origin',(37.0000005662441,26.0000004023314,13.4));
#6048=CARTESIAN_POINT('',(37.0000005662441,27.2000004023314,13.5));
#6049=CARTESIAN_POINT('Origin',(37.0000005662441,26.0000004023314,13.5));
#6050=CARTESIAN_POINT('',(37.0000005662441,27.2000004023314,13.5));
#6051=CARTESIAN_POINT('Origin',(0.750000000000047,27.1000004023314,13.4));
#6052=CARTESIAN_POINT('',(21.864761979071,27.2000004023314,13.5));
#6053=CARTESIAN_POINT('',(21.864761979071,27.0000004023314,13.3));
#6054=CARTESIAN_POINT('',(21.864761979071,26.7250004023314,13.025));
#6055=CARTESIAN_POINT('',(0.750000000000047,27.0000004023314,13.3));
#6056=CARTESIAN_POINT('',(0.750000000000047,27.2000004023314,13.5));
#6057=CARTESIAN_POINT('Origin',(21.864761979071,26.0000004023314,13.));
#6058=CARTESIAN_POINT('',(21.864761979071,27.0000004023314,5.75));
#6059=CARTESIAN_POINT('',(21.864761979071,29.0000004023314,13.5));
#6060=CARTESIAN_POINT('',(21.864761979071,3.8750002905726,13.5));
#6061=CARTESIAN_POINT('',(21.864761979071,29.0000004023314,5.75));
#6062=CARTESIAN_POINT('Origin',(37.0000005662441,26.0000004023314,-1.5));
#6063=CARTESIAN_POINT('',(37.0000005662441,29.0000004023314,13.5));
#6064=CARTESIAN_POINT('',(40.0000005662441,26.0000004023314,13.5));
#6065=CARTESIAN_POINT('Origin',(37.0000005662441,26.0000004023314,13.5));
#6066=CARTESIAN_POINT('',(40.0000005662441,26.0000004023314,-1.5));
#6067=CARTESIAN_POINT('',(37.0000005662441,29.0000004023314,-1.5));
#6068=CARTESIAN_POINT('Origin',(40.0000005662441,29.0000004023314,-1.5));
#6069=CARTESIAN_POINT('',(40.0000005662441,-35.0000005364418,13.5));
#6070=CARTESIAN_POINT('',(40.0000005662441,5.3750002905726,13.5));
#6071=CARTESIAN_POINT('',(40.0000005662441,-35.0000005364418,-1.5));
#6072=CARTESIAN_POINT('',(40.0000005662441,12.2500001676381,-1.9));
#6073=CARTESIAN_POINT('Origin',(37.0000005662441,-35.0000005364418,-1.5));
#6074=CARTESIAN_POINT('',(37.0000005662441,-38.0000005364418,13.5));
#6075=CARTESIAN_POINT('Origin',(37.0000005662441,-35.0000005364418,13.5));
#6076=CARTESIAN_POINT('',(37.0000005662441,-38.0000005364418,-1.5));
#6077=CARTESIAN_POINT('Origin',(40.0000005662441,-38.0000005364418,-1.5));
#6078=CARTESIAN_POINT('',(1.00000000000005,-38.0000005364418,13.5));
#6079=CARTESIAN_POINT('',(20.7500002831221,-38.0000005364418,13.5));
#6080=CARTESIAN_POINT('',(1.00000000000005,-38.0000005364418,-4.87499988079071));
#6081=CARTESIAN_POINT('Origin',(-2.,29.0000004023314,-1.5));
#6082=CARTESIAN_POINT('',(-0.249999999999954,29.0000004023314,13.5));
#6083=CARTESIAN_POINT('',(1.00000000000006,29.0000004023314,13.5));
#6084=CARTESIAN_POINT('',(1.00000000000006,29.0000004023314,-4.87499988079071));
#6085=CARTESIAN_POINT('',(16.864761979071,29.0000004023314,13.5));
#6086=CARTESIAN_POINT('',(-0.249999999999954,29.0000004023314,13.5));
#6087=CARTESIAN_POINT('',(16.864761979071,29.0000004023314,5.75));
#6088=CARTESIAN_POINT('Origin',(16.864761979071,26.0000004023314,13.));
#6089=CARTESIAN_POINT('',(16.864761979071,27.2000004023314,13.5));
#6090=CARTESIAN_POINT('',(16.864761979071,3.8750002905726,13.5));
#6091=CARTESIAN_POINT('',(16.864761979071,27.0000004023314,13.3));
#6092=CARTESIAN_POINT('',(16.864761979071,26.7250004023314,13.025));
#6093=CARTESIAN_POINT('',(16.864761979071,27.0000004023314,5.75));
#6094=CARTESIAN_POINT('Origin',(0.750000000000047,27.1000004023314,13.4));
#6095=CARTESIAN_POINT('',(1.,27.2000004023314,13.5));
#6096=CARTESIAN_POINT('',(0.750000000000047,27.2000004023314,13.5));
#6097=CARTESIAN_POINT('',(1.,27.2000004023314,13.5));
#6098=CARTESIAN_POINT('',(0.750000000000047,27.0000004023314,13.3));
#6099=CARTESIAN_POINT('Origin',(1.,26.0000004023314,13.4));
#6100=CARTESIAN_POINT('',(-0.2,26.0000004023314,13.5));
#6101=CARTESIAN_POINT('Origin',(1.,26.0000004023314,13.5));
#6102=CARTESIAN_POINT('',(-0.2,26.0000004023314,13.5));
#6103=CARTESIAN_POINT('Origin',(-0.1,-27.125000178814,13.4));
#6104=CARTESIAN_POINT('',(-0.2,-7.74999982118615,13.5));
#6105=CARTESIAN_POINT('',(-0.200000000000001,-22.6875000000001,13.5));
#6106=CARTESIAN_POINT('',(0.,-7.54999982118615,13.3));
#6107=CARTESIAN_POINT('',(-2.77916672627129,-10.3291665474574,16.0791667262713));
#6108=CARTESIAN_POINT('',(0.,-27.125000178814,13.3));
#6109=CARTESIAN_POINT('Origin',(0.,4.25,-1.5));
#6110=CARTESIAN_POINT('',(33.5,4.25,-1.5));
#6111=CARTESIAN_POINT('',(33.5,4.25,-1.5));
#6112=CARTESIAN_POINT('',(0.,4.25,-1.5));
#6113=CARTESIAN_POINT('',(0.,4.25,-1.5));
#6114=CARTESIAN_POINT('',(0.,4.25,-1.5));
#6115=CARTESIAN_POINT('Origin',(33.5,4.25,-1.5));
#6116=CARTESIAN_POINT('',(33.5,21.25,-1.5));
#6117=CARTESIAN_POINT('',(33.5,4.25,-1.5));
#6118=CARTESIAN_POINT('',(33.5,21.25,-1.5));
#6119=CARTESIAN_POINT('Origin',(34.5,21.25,-1.5));
#6120=CARTESIAN_POINT('',(0.,21.25,-1.5));
#6121=CARTESIAN_POINT('',(34.5,21.25,-1.5));
#6122=CARTESIAN_POINT('',(0.,21.25,-1.5));
#6123=CARTESIAN_POINT('Origin',(0.,-36.0000005364418,-1.5));
#6124=CARTESIAN_POINT('',(0.,-5.74999982118615,11.5));
#6125=CARTESIAN_POINT('',(0.,-10.5625000000001,16.3125001788139));
#6126=CARTESIAN_POINT('',(0.,-5.74999982118615,-1.5));
#6127=CARTESIAN_POINT('',(0.,-5.74999982118615,2.));
#6128=CARTESIAN_POINT('',(0.,-20.2500003017485,-1.5));
#6129=CARTESIAN_POINT('',(0.,26.0000004023314,-1.5));
#6130=CARTESIAN_POINT('',(0.,-20.2500003017485,-1.5));
#6131=CARTESIAN_POINT('',(0.,26.0000004023314,-1.5));
#6132=CARTESIAN_POINT('Origin',(1.,26.0000004023314,-1.5));
#6133=CARTESIAN_POINT('',(1.,27.0000004023314,-1.5));
#6134=CARTESIAN_POINT('Origin',(1.,26.0000004023314,-1.5));
#6135=CARTESIAN_POINT('',(1.,27.0000004023314,-1.5));
#6136=CARTESIAN_POINT('Origin',(0.,27.0000004023314,-1.5));
#6137=CARTESIAN_POINT('',(37.0000005662441,27.0000004023314,-1.5));
#6138=CARTESIAN_POINT('',(9.50000014156103,27.0000004023314,-1.5));
#6139=CARTESIAN_POINT('',(37.0000005662441,27.0000004023314,-1.5));
#6140=CARTESIAN_POINT('Origin',(37.0000005662441,26.0000004023314,-1.5));
#6141=CARTESIAN_POINT('',(38.0000005662441,26.0000004023314,-1.5));
#6142=CARTESIAN_POINT('Origin',(37.0000005662441,26.0000004023314,-1.5));
#6143=CARTESIAN_POINT('',(38.0000005662441,26.0000004023314,-1.5));
#6144=CARTESIAN_POINT('Origin',(36.3999992087483,17.25,2.09999995306134));
#6145=CARTESIAN_POINT('',(38.0000005662441,17.25,-1.49999996647239));
#6146=CARTESIAN_POINT('',(38.0000005662441,17.25,0.299999976530671));
#6147=CARTESIAN_POINT('',(34.6,17.25,-1.49999996647239));
#6148=CARTESIAN_POINT('',(27.6999997459352,17.25,-1.5));
#6149=CARTESIAN_POINT('',(34.6,17.25,2.5));
#6150=CARTESIAN_POINT('Origin',(34.6,8.25,-1.49999996647239));
#6151=CARTESIAN_POINT('',(34.6,8.25,-1.49999996647239));
#6152=CARTESIAN_POINT('',(34.6,8.25,2.5));
#6153=CARTESIAN_POINT('',(34.6,1.87499996647239,-1.5));
#6154=CARTESIAN_POINT('Origin',(36.3999992087483,8.25,2.09999995306134));
#6155=CARTESIAN_POINT('',(38.0000005662441,8.25,-1.49999996647239));
#6156=CARTESIAN_POINT('',(38.0000005662441,8.25,0.299999976530671));
#6157=CARTESIAN_POINT('',(27.6999997459352,8.25,-1.5));
#6158=CARTESIAN_POINT('Origin',(38.2000005662441,-7.38783207835178,-1.5));
#6159=CARTESIAN_POINT('',(38.0000005662441,-7.18783207835178,-1.5));
#6160=CARTESIAN_POINT('',(38.0000005662441,-7.18783207835178,-1.5));
#6161=CARTESIAN_POINT('',(38.9000005662441,-8.08783207835178,-1.5));
#6162=CARTESIAN_POINT('',(32.6780424926395,-1.86587400474712,-1.5));
#6163=CARTESIAN_POINT('Origin',(38.9000005662441,-8.08783207835178,-1.));
#6164=CARTESIAN_POINT('Origin',(28.5000004246831,-8.08783207835178,-1.));
#6165=CARTESIAN_POINT('',(39.6000005662441,-8.08783207835178,-1.5));
#6166=CARTESIAN_POINT('',(28.5000004246831,-8.08783207835178,-1.5));
#6167=CARTESIAN_POINT('Origin',(39.1000005662441,-8.08783207835178,-1.));
#6168=CARTESIAN_POINT('Origin',(39.8000005662441,12.2500001676381,-1.7));
#6169=CARTESIAN_POINT('',(39.6000005662441,-13.0878320783518,-1.5));
#6170=CARTESIAN_POINT('',(39.6000005662441,12.2500001676381,-1.5));
#6171=CARTESIAN_POINT('Origin',(39.1000005662441,-13.0878320783518,-1.));
#6172=CARTESIAN_POINT('Origin',(28.5000004246831,-13.0878320783518,-1.));
#6173=CARTESIAN_POINT('',(38.9000005662441,-13.0878320783518,-1.5));
#6174=CARTESIAN_POINT('',(28.5000004246831,-13.0878320783518,-1.5));
#6175=CARTESIAN_POINT('Origin',(38.9000005662441,-13.0878320783518,-1.));
#6176=CARTESIAN_POINT('Origin',(38.2000005662441,-13.7878320783518,-0.5));
#6177=CARTESIAN_POINT('',(38.0000005662441,-13.9878320783518,-1.5));
#6178=CARTESIAN_POINT('',(35.7219584982877,-16.2658741463082,-1.5));
#6179=CARTESIAN_POINT('',(38.0000005662441,-13.9878320783518,-0.5));
#6180=CARTESIAN_POINT('Origin',(38.0000005662441,27.0000004023314,-1.5));
#6181=CARTESIAN_POINT('',(38.0000005662441,-35.0000005364418,-1.5));
#6182=CARTESIAN_POINT('',(38.0000005662441,11.2500001676381,-1.5));
#6183=CARTESIAN_POINT('',(38.0000005662441,-35.0000005364418,-1.5));
#6184=CARTESIAN_POINT('',(38.0000005662441,11.2500001676381,-1.5));
#6185=CARTESIAN_POINT('',(38.0000005662441,11.2500001676381,-1.5));
#6186=CARTESIAN_POINT('Origin',(37.0000005662441,-35.0000005364418,-1.5));
#6187=CARTESIAN_POINT('',(37.0000005662441,-36.0000005364418,-1.5));
#6188=CARTESIAN_POINT('Origin',(37.0000005662441,-35.0000005364418,-1.5));
#6189=CARTESIAN_POINT('',(37.0000005662441,-36.0000005364418,-1.5));
#6190=CARTESIAN_POINT('Origin',(38.0000005662441,-36.0000005364418,-1.5));
#6191=CARTESIAN_POINT('',(1.,-36.0000005364418,-1.5));
#6192=CARTESIAN_POINT('',(28.5000004246831,-36.0000005364418,-1.5));
#6193=CARTESIAN_POINT('',(1.,-36.0000005364418,-1.5));
#6194=CARTESIAN_POINT('Origin',(1.,-35.0000005364418,-1.5));
#6195=CARTESIAN_POINT('',(0.,-35.0000005364418,-1.5));
#6196=CARTESIAN_POINT('Origin',(1.,-35.0000005364418,-1.5));
#6197=CARTESIAN_POINT('',(0.,-35.0000005364418,-1.5));
#6198=CARTESIAN_POINT('Origin',(0.,-36.0000005364418,-1.5));
#6199=CARTESIAN_POINT('',(0.,-30.7548377897241,10.7140002682209));
#6200=CARTESIAN_POINT('',(0.,-30.7499998211862,10.7188382367589));
#6201=CARTESIAN_POINT('',(0.,-34.6196285434588,6.84920951448625));
#6202=CARTESIAN_POINT('',(0.,-30.7499998211862,11.5));
#6203=CARTESIAN_POINT('',(0.,-30.7499998211862,2.));
#6204=CARTESIAN_POINT('',(0.,-28.7499998211861,13.5));
#6205=CARTESIAN_POINT('',(0.,-34.8125000000001,7.4374998211861));
#6206=CARTESIAN_POINT('',(0.,-27.125000178814,13.5));
#6207=CARTESIAN_POINT('',(0.,-30.7548377897241,-1.5));
#6208=CARTESIAN_POINT('',(0.,-20.2500003017485,-1.5));
#6209=CARTESIAN_POINT('',(0.,-30.7548377897241,1.98200004843545));
#6210=CARTESIAN_POINT('Origin',(1.84855304939481,-29.4629128349839,8.389));
#6211=CARTESIAN_POINT('',(2.22463462376457,-29.5915723264091,2.389));
#6212=CARTESIAN_POINT('',(2.22463462376455,-29.5915723264091,8.38891584337233));
#6213=CARTESIAN_POINT('',(2.22463462376456,-29.5915723264091,8.38895792168616));
#6214=CARTESIAN_POINT('',(-1.53670930802655,-28.3047967162229,2.389));
#6215=CARTESIAN_POINT('',(0.708317369892893,-29.0728321912422,2.389));
#6216=CARTESIAN_POINT('',(-1.53670930802655,-28.3047967162229,8.38891584337233));
#6217=CARTESIAN_POINT('',(-1.53670930802655,-28.3047967162229,0.0695001192092909));
#6218=CARTESIAN_POINT('',(-3.01939176969991,-27.7975632209803,8.38891584337233));
#6219=CARTESIAN_POINT('Origin',(2.2000001043082,-29.5999999255279,8.38891584337233));
#6220=CARTESIAN_POINT('',(4.20191686684932,-28.9151336356127,8.38891584337232));
#6221=CARTESIAN_POINT('',(4.14593927768632,-28.9342838642964,8.38891584337232));
#6222=CARTESIAN_POINT('',(4.20191686684921,-28.9151336356127,2.389));
#6223=CARTESIAN_POINT('',(4.20191686684931,-28.9151336356127,8.38895792168617));
#6224=CARTESIAN_POINT('',(4.27948244812188,-28.8885980408941,2.389));
#6225=CARTESIAN_POINT('Origin',(1.00000000000005,-35.0000005364418,-4.87499988079071));
#6226=CARTESIAN_POINT('',(-2.,-35.0000005364418,13.5));
#6227=CARTESIAN_POINT('Origin',(1.00000000000005,-35.0000005364418,13.5));
#6228=CARTESIAN_POINT('',(-1.99999999999996,-35.0000005364418,-4.87499988079071));
#6229=CARTESIAN_POINT('Origin',(-1.49999999999998,-24.4999999105931,-2.99999999999999));
#6230=CARTESIAN_POINT('',(-1.99999999999995,-24.4999999105931,-2.5));
#6231=CARTESIAN_POINT('Origin',(1.00000000000006,26.0000004023314,-4.87499988079071));
#6232=CARTESIAN_POINT('',(-2.,26.0000004023314,13.5));
#6233=CARTESIAN_POINT('Origin',(1.00000000000006,26.0000004023314,13.5));
#6234=CARTESIAN_POINT('',(-1.99999999999994,26.0000004023314,-4.87499988079071));
#6235=CARTESIAN_POINT('Origin',(-1.39999999999995,-10.6248413552326,7.6));
#6236=CARTESIAN_POINT('',(-1.99999999999994,9.50057100791027,8.19999997317791));
#6237=CARTESIAN_POINT('',(-1.99999999999994,9.50057100791027,8.19999997317791));
#6238=CARTESIAN_POINT('',(-1.99999999999994,15.5003298207897,8.20000001341105));
#6239=CARTESIAN_POINT('',(-1.99999999999995,-10.6248413552326,8.2));
#6240=CARTESIAN_POINT('',(-0.799999999999967,15.5001833364257,7.00000002235174));
#6241=CARTESIAN_POINT('Origin',(-1.39999999999996,15.500000230968,5.50000001117587));
#6242=CARTESIAN_POINT('',(-1.99999999999994,15.4998171254996,2.8));
#6243=CARTESIAN_POINT('Origin',(-1.99999999999994,15.500000230968,5.50000001117587));
#6244=CARTESIAN_POINT('',(-0.799999999999943,15.4998171254996,4.));
#6245=CARTESIAN_POINT('Origin',(-1.39999999999995,-7.62509143725024,3.4));
#6246=CARTESIAN_POINT('',(-1.99999999999994,9.50000014156103,2.79999998882413));
#6247=CARTESIAN_POINT('',(-1.99999999999995,-7.62509143725024,2.8));
#6248=CARTESIAN_POINT('',(-0.799999999999965,9.50000014156103,4.));
#6249=CARTESIAN_POINT('Origin',(-1.39999999999995,9.50000014156103,5.50000001117587));
#6250=CARTESIAN_POINT('Origin',(-1.99999999999994,9.50000014156103,5.50000001117587));
#6251=CARTESIAN_POINT('Origin',(-1.64999999999995,-28.6359541094851,0.0695001192092906));
#6252=CARTESIAN_POINT('',(-1.99999999999995,-28.6359541094851,8.38891584337233));
#6253=CARTESIAN_POINT('Origin',(-1.64999999999995,-28.6359541094851,8.3889158433723));
#6254=CARTESIAN_POINT('',(-1.99999999999995,-28.6359541094851,2.389));
#6255=CARTESIAN_POINT('Origin',(-1.64999999999995,-28.6359541094851,2.389));
#6256=CARTESIAN_POINT('',(-1.99999999999995,-28.6359541094851,0.0695001192092907));
#6257=CARTESIAN_POINT('Origin',(2.50000000000005,-30.7548377897241,5.46400009687089));
#6258=CARTESIAN_POINT('',(6.00000000000005,-30.7548377897241,-1.5));
#6259=CARTESIAN_POINT('',(10.7500001415611,-30.7548377897241,-1.5));
#6260=CARTESIAN_POINT('',(6.00000000000005,-30.7548377897241,10.7140002682209));
#6261=CARTESIAN_POINT('',(6.00000000000005,-30.7548377897241,5.46400009687089));
#6262=CARTESIAN_POINT('',(2.50000000000005,-30.7548377897241,10.7140002682209));
#6263=CARTESIAN_POINT('Origin',(2.50000000000005,-29.7548377897241,11.7140002682209));
#6264=CARTESIAN_POINT('',(6.00000000000007,-30.7499998211862,10.7188382367589));
#6265=CARTESIAN_POINT('',(6.00000000000005,-28.5048377785491,12.9640002793959));
#6266=CARTESIAN_POINT('',(2.00000000000007,-30.7499998211862,10.7188382367589));
#6267=CARTESIAN_POINT('Origin',(1.50000000000009,-30.7499998211862,5.50000000000001));
#6268=CARTESIAN_POINT('',(6.00000000000007,-30.7499998211862,11.5));
#6269=CARTESIAN_POINT('',(6.00000000000007,-30.7499998211862,5.50000000000001));
#6270=CARTESIAN_POINT('',(1.50000000000009,-30.7499998211862,11.5));
#6271=CARTESIAN_POINT('Origin',(1.50000000000009,-29.7499998211861,12.5));
#6272=CARTESIAN_POINT('',(6.00000000000007,-28.7499998211861,13.5));
#6273=CARTESIAN_POINT('',(6.00000000000007,-28.6249998211861,13.625));
#6274=CARTESIAN_POINT('',(1.50000000000009,-28.7499998211861,13.5));
#6275=CARTESIAN_POINT('Origin',(1.50000000000009,-18.2499998211862,13.5));
#6276=CARTESIAN_POINT('',(6.00000000000007,-7.74999982118615,13.5));
#6277=CARTESIAN_POINT('',(1.5000000000001,-7.74999982118615,13.5));
#6278=CARTESIAN_POINT('',(-1.99999999999995,-24.4999999105931,13.5));
#6279=CARTESIAN_POINT('',(6.00000000000007,-18.2499998211862,13.5));
#6280=CARTESIAN_POINT('Origin',(1.5000000000001,-6.74999982118615,12.5));
#6281=CARTESIAN_POINT('',(6.00000000000007,-5.74999982118615,11.5));
#6282=CARTESIAN_POINT('',(6.00000000000007,-7.87499982118615,13.625));
#6283=CARTESIAN_POINT('',(1.5000000000001,-5.74999982118615,11.5));
#6284=CARTESIAN_POINT('Origin',(1.50000000000009,-5.74999982118615,5.50000000000001));
#6285=CARTESIAN_POINT('',(6.00000000000007,-5.74999982118615,-1.5));
#6286=CARTESIAN_POINT('',(6.00000000000007,-5.74999982118615,5.50000000000001));
#6287=CARTESIAN_POINT('',(10.2500001415611,-5.74999982118616,-1.5));
#6288=CARTESIAN_POINT('Origin',(19.0000002831221,-4.50000006705523,-1.5));
#6289=CARTESIAN_POINT('',(6.00000000000007,-11.3749999441207,-1.5));
#6290=CARTESIAN_POINT('Origin',(6.29999996274714,-28.0048374320963,8.389));
#6291=CARTESIAN_POINT('',(6.00000000000005,-28.1349985432923,8.38891584337232));
#6292=CARTESIAN_POINT('',(3.77682619959444,-29.0995679038783,8.38891584337232));
#6293=CARTESIAN_POINT('',(6.00000000000005,-28.1349985432923,2.389));
#6294=CARTESIAN_POINT('',(6.00000000000005,-28.1349985432923,6.92650004843545));
#6295=CARTESIAN_POINT('',(6.29999996274714,-28.0048374320963,2.389));
#6296=CARTESIAN_POINT('Origin',(6.29999996274715,-9.00483743209627,2.38900000000002));
#6297=CARTESIAN_POINT('',(6.00000000000005,-27.8548374320963,2.389));
#6298=CARTESIAN_POINT('',(6.00000000000005,-23.2548375028852,2.38900000000001));
#6299=CARTESIAN_POINT('',(-1.99999999999995,-27.8548374320963,2.389));
#6300=CARTESIAN_POINT('',(4.8499999813736,-27.8548374320963,2.389));
#6301=CARTESIAN_POINT('',(-1.99999999999995,-23.2548375028852,2.389));
#6302=CARTESIAN_POINT('Origin',(3.40000000000005,-27.8548374320963,5.389));
#6303=CARTESIAN_POINT('',(6.00000000000005,-27.8548374320963,-1.036));
#6304=CARTESIAN_POINT('',(6.00000000000005,-27.8548374320963,5.42650004843545));
#6305=CARTESIAN_POINT('',(-1.99999999999995,-27.8548374320963,-1.036));
#6306=CARTESIAN_POINT('',(3.40000000000005,-27.8548374320963,-1.036));
#6307=CARTESIAN_POINT('',(-1.99999999999995,-27.8548374320963,5.42650004843545));
#6308=CARTESIAN_POINT('Origin',(19.0000002831221,-4.50000006705523,-1.036));
#6309=CARTESIAN_POINT('',(6.00000000000005,-9.15483743209626,-1.03599999999998));
#6310=CARTESIAN_POINT('',(6.00000000000005,-18.5048375028852,-1.03599999999999));
#6311=CARTESIAN_POINT('',(-1.99999999999995,-9.15483743209626,-1.03599999999998));
#6312=CARTESIAN_POINT('',(11.2000001415611,-9.15483743209627,-1.036));
#6313=CARTESIAN_POINT('',(-2.,29.0000004023314,-1.036));
#6314=CARTESIAN_POINT('Origin',(-1.99999996274705,-9.00483743209627,8.38900000000002));
#6315=CARTESIAN_POINT('',(6.00000000000005,-8.99999992552793,8.38900000000002));
#6316=CARTESIAN_POINT('',(-1.99999999999995,-8.99999992552794,8.38900000000002));
#6317=CARTESIAN_POINT('',(-4.19999998137349,-8.99999992552795,8.38900000000002));
#6318=CARTESIAN_POINT('',(6.00000000000005,-9.15483743209627,8.38900000000002));
#6319=CARTESIAN_POINT('',(6.00000000000005,-13.7548375028852,8.38900000000001));
#6320=CARTESIAN_POINT('',(-1.99999999999995,-9.15483743209627,8.38900000000002));
#6321=CARTESIAN_POINT('',(0.700000018626503,-9.15483743209627,8.38900000000002));
#6322=CARTESIAN_POINT('',(-1.99999999999995,-13.7548375028852,8.38900000000001));
#6323=CARTESIAN_POINT('Origin',(3.40000000000005,-9.15483743209627,5.38900000000002));
#6324=CARTESIAN_POINT('',(-1.99999999999995,-9.15483743209628,11.8139158433723));
#6325=CARTESIAN_POINT('',(6.00000000000005,-9.15483743209628,11.8139158433723));
#6326=CARTESIAN_POINT('',(-1.49999999999992,-9.15483743209628,11.8139158433723));
#6327=CARTESIAN_POINT('',(-1.99999999999995,-9.15483743209627,5.42650004843547));
#6328=CARTESIAN_POINT('',(6.00000000000005,-9.15483743209627,5.42650004843547));
#6329=CARTESIAN_POINT('Origin',(-6.3999999999999,-15.4999999255279,11.8139158433723));
#6330=CARTESIAN_POINT('',(6.00000000000005,-27.8548374320963,11.8139158433723));
#6331=CARTESIAN_POINT('',(-1.99999999999992,-27.8548374320963,11.8139158433723));
#6332=CARTESIAN_POINT('',(-1.49999999999992,-27.8548374320963,11.8139158433723));
#6333=CARTESIAN_POINT('',(-1.99999999999996,-15.499999854739,11.8139158433723));
#6334=CARTESIAN_POINT('',(6.00000000000009,-16.874999873357,11.8139158433723));
#6335=CARTESIAN_POINT('Origin',(3.40000000000005,-27.8548374320963,5.389));
#6336=CARTESIAN_POINT('',(6.00000000000005,-27.8548374320963,8.389));
#6337=CARTESIAN_POINT('',(6.00000000000005,-27.8548374320963,5.42650004843545));
#6338=CARTESIAN_POINT('',(-1.99999999999995,-27.8548374320963,8.389));
#6339=CARTESIAN_POINT('',(0.700000018626499,-27.8548374320963,8.389));
#6340=CARTESIAN_POINT('',(-1.99999999999995,-27.8548374320963,5.42650004843545));
#6341=CARTESIAN_POINT('Origin',(-1.99999996274705,-28.0048374320963,8.389));
#6342=CARTESIAN_POINT('',(-1.9999999999999,-27.9999999255279,8.389));
#6343=CARTESIAN_POINT('',(6.00000000000005,-27.9999999255279,8.389));
#6344=CARTESIAN_POINT('',(-4.19999998137347,-27.9999999255279,8.389));
#6345=CARTESIAN_POINT('',(-1.99999999999995,-23.2548375028852,8.389));
#6346=CARTESIAN_POINT('',(6.00000000000005,-23.2548375028852,8.38900000000001));
#6347=CARTESIAN_POINT('Origin',(-6.3999999999999,-27.9999999255279,5.38891584337234));
#6348=CARTESIAN_POINT('',(6.00000000000009,-27.9999999255279,8.38891584337232));
#6349=CARTESIAN_POINT('',(6.00000000000007,-27.9999999255279,5.44445792168618));
#6350=CARTESIAN_POINT('',(-1.99999999999992,-27.9999999255279,8.38891584337233));
#6351=CARTESIAN_POINT('',(-9.29999996274699,-27.9999999255279,8.38891584337235));
#6352=CARTESIAN_POINT('',(-1.9999999999999,-27.9999999255279,5.42641589180779));
#6353=CARTESIAN_POINT('Origin',(-1.00000003725284,-5.99999992552793,8.38891584337232));
#6354=CARTESIAN_POINT('',(-1.99999999999996,-20.249999854739,8.38891584337233));
#6355=CARTESIAN_POINT('',(6.00000000000009,-21.624999873357,8.38891584337231));
#6356=CARTESIAN_POINT('Origin',(3.40000000000005,-9.15483743209627,5.38900000000002));
#6357=CARTESIAN_POINT('',(6.00000000000005,-9.15483743209627,2.38900000000002));
#6358=CARTESIAN_POINT('',(6.00000000000005,-9.15483743209627,5.42650004843547));
#6359=CARTESIAN_POINT('',(-1.99999999999995,-9.15483743209627,2.38900000000002));
#6360=CARTESIAN_POINT('',(4.8499999813736,-9.15483743209627,2.38900000000002));
#6361=CARTESIAN_POINT('',(-1.99999999999995,-9.15483743209627,5.42650004843547));
#6362=CARTESIAN_POINT('Origin',(-1.99999999999996,-30.7500000000001,-8.24999976158142));
#6363=CARTESIAN_POINT('',(-1.99999999999995,-8.37372075470747,8.38891584337232));
#6364=CARTESIAN_POINT('',(-1.99999999999996,-8.99999992552793,8.38891584337232));
#6365=CARTESIAN_POINT('',(-1.99999999999996,-10.749999854739,8.38891584337232));
#6366=CARTESIAN_POINT('',(-1.99999999999997,-8.99999992552795,5.42641589180778));
#6367=CARTESIAN_POINT('',(-1.99999999999995,-8.37372075470747,2.38900000000002));
#6368=CARTESIAN_POINT('',(-1.99999999999995,-13.7548375028852,2.38900000000001));
#6369=CARTESIAN_POINT('',(-1.99999999999995,-8.37372075470747,0.0695001192093097));
#6370=CARTESIAN_POINT('Origin',(-6.39999999999993,-8.99999992552795,5.38891584337233));
#6371=CARTESIAN_POINT('',(6.00000000000005,-8.99999992552793,8.38891584337231));
#6372=CARTESIAN_POINT('',(-9.29999996274702,-8.99999992552795,8.38891584337233));
#6373=CARTESIAN_POINT('',(6.00000000000007,-8.99999992552793,5.44445792168617));
#6374=CARTESIAN_POINT('Origin',(6.00000000000007,-18.2499998211862,5.50000000000001));
#6375=CARTESIAN_POINT('',(6.00000000000005,-8.8746763209002,8.38891584337231));
#6376=CARTESIAN_POINT('',(6.00000000000009,-12.124999873357,8.38891584337231));
#6377=CARTESIAN_POINT('',(6.00000000000005,-8.87467632090019,2.38900000000002));
#6378=CARTESIAN_POINT('',(6.00000000000005,-8.8746763209002,6.92650004843547));
#6379=CARTESIAN_POINT('',(6.00000000000005,-13.7548375028852,2.38900000000001));
#6380=CARTESIAN_POINT('Origin',(6.29999996274715,-9.00483743209627,8.38900000000002));
#6381=CARTESIAN_POINT('',(4.09648453804681,-8.0487972593231,2.38900000000002));
#6382=CARTESIAN_POINT('',(4.09648453804652,-8.04879725932298,8.38891584337231));
#6383=CARTESIAN_POINT('',(4.09648453804667,-8.04879725932305,8.38895792168616));
#6384=CARTESIAN_POINT('',(6.29999996274715,-9.00483743209627,2.38900000000002));
#6385=CARTESIAN_POINT('',(2.67965203038043,-7.43407553773397,8.38891584337231));
#6386=CARTESIAN_POINT('Origin',(6.29999996274715,-9.00483743209627,2.38900000000002));
#6387=CARTESIAN_POINT('',(4.28096399079073,-8.1119086537279,2.38900000000002));
#6388=CARTESIAN_POINT('Origin',(-1.64999999999995,-8.37372075470747,2.38900000000002));
#6389=CARTESIAN_POINT('Origin',(-1.64999999999995,-8.37372075470747,0.0695001192093096));
#6390=CARTESIAN_POINT('Origin',(-1.64999999999995,-8.37372075470747,8.38891584337232));
#6391=CARTESIAN_POINT('Origin',(-1.00000003725284,-5.99999992552793,8.38891584337232));
#6392=CARTESIAN_POINT('',(4.14593927768628,-8.06571598675939,8.38891584337231));
#6393=CARTESIAN_POINT('Origin',(2.20000010430816,-7.39999992552794,8.38891584337231));
#6394=CARTESIAN_POINT('Origin',(19.0000002831221,-4.50000006705523,13.5));
#6395=CARTESIAN_POINT('',(40.0000005662441,-35.0000005364418,13.5));
#6396=CARTESIAN_POINT('',(40.0000005662441,26.0000004023314,13.5));
#6397=CARTESIAN_POINT('',(40.0000005662441,-35.0000005364418,13.5));
#6398=CARTESIAN_POINT('',(37.0000005662441,-38.0000005364418,13.5));
#6399=CARTESIAN_POINT('Origin',(37.0000005662441,-35.0000005364418,13.5));
#6400=CARTESIAN_POINT('',(1.00000000000005,-38.0000005364418,13.5));
#6401=CARTESIAN_POINT('',(1.00000000000005,-38.0000005364418,13.5));
#6402=CARTESIAN_POINT('',(-1.99999999999995,-35.0000005364418,13.5));
#6403=CARTESIAN_POINT('Origin',(1.00000000000005,-35.0000005364418,13.5));
#6404=CARTESIAN_POINT('',(-1.99999955296517,26.0000004023314,13.5));
#6405=CARTESIAN_POINT('',(-1.99999955296517,23.3287979505154,13.5));
#6406=CARTESIAN_POINT('',(1.00000000000006,28.999999538064,13.5));
#6407=CARTESIAN_POINT('Origin',(1.00000000000006,26.0000004023314,13.5));
#6408=CARTESIAN_POINT('',(37.0000005662441,28.999999538064,13.5));
#6409=CARTESIAN_POINT('',(30.0000004470348,28.999999538064,13.5));
#6410=CARTESIAN_POINT('Origin',(37.0000005662441,26.0000004023314,13.5));
#6411=CARTESIAN_POINT('',(28.2382815911786,21.9999994635582,13.5));
#6412=CARTESIAN_POINT('',(28.2382815911786,26.8999994635582,13.5));
#6413=CARTESIAN_POINT('',(28.2382815911786,10.2499992288649,13.5));
#6414=CARTESIAN_POINT('',(33.0000011324882,21.9999994635582,13.5));
#6415=CARTESIAN_POINT('',(27.5000009909272,21.9999994635582,13.5));
#6416=CARTESIAN_POINT('',(33.0000011324882,20.7499987483025,13.5));
#6417=CARTESIAN_POINT('',(33.0000011324882,9.62499887123708,13.5));
#6418=CARTESIAN_POINT('',(37.9000011324882,20.7499987483025,13.5));
#6419=CARTESIAN_POINT('',(28.5000009909272,20.7499987483025,13.5));
#6420=CARTESIAN_POINT('',(37.9000011324882,25.9999994635582,13.5));
#6421=CARTESIAN_POINT('',(37.9000011324882,9.62499887123708,13.5));
#6422=CARTESIAN_POINT('',(37.0000011324882,26.8999994635582,13.5));
#6423=CARTESIAN_POINT('Origin',(37.0000011324882,25.9999994635582,13.5));
#6424=CARTESIAN_POINT('',(25.1191412202723,26.8999994635582,13.5));
#6425=CARTESIAN_POINT('',(9.76171954130962,21.9999994635582,13.5));
#6426=CARTESIAN_POINT('',(9.76171954130962,26.8999994635582,13.5));
#6427=CARTESIAN_POINT('',(9.76171954130962,10.2499992288649,13.5));
#6428=CARTESIAN_POINT('',(0.999999999999985,26.8999994635582,13.5));
#6429=CARTESIAN_POINT('',(12.8808599122158,26.8999994635582,13.5));
#6430=CARTESIAN_POINT('',(0.0999999999999851,25.9999994635582,13.5));
#6431=CARTESIAN_POINT('Origin',(1.00000000000003,25.9999994635582,13.5));
#6432=CARTESIAN_POINT('',(0.0999999999999876,20.7499987483025,13.5));
#6433=CARTESIAN_POINT('',(0.0999999999999967,9.62499887123706,13.5));
#6434=CARTESIAN_POINT('',(4.99999999999999,20.7499987483025,13.5));
#6435=CARTESIAN_POINT('',(9.50000014156103,20.7499987483025,13.5));
#6436=CARTESIAN_POINT('',(4.99999999999999,21.9999994635582,13.5));
#6437=CARTESIAN_POINT('',(4.99999999999999,9.62499887123706,13.5));
#6438=CARTESIAN_POINT('',(10.500000141561,21.9999994635582,13.5));
#6439=CARTESIAN_POINT('',(28.2382815911786,-31.0000005364418,13.5));
#6440=CARTESIAN_POINT('',(28.2382815911786,-35.9000005364419,13.5));
#6441=CARTESIAN_POINT('',(28.2382815911786,-19.2500003017485,13.5));
#6442=CARTESIAN_POINT('',(37.0000011324882,-35.9000005364418,13.5));
#6443=CARTESIAN_POINT('',(25.1191412202724,-35.9000005364418,13.5));
#6444=CARTESIAN_POINT('',(37.9000011324882,-35.0000005364418,13.5));
#6445=CARTESIAN_POINT('Origin',(37.0000011324882,-35.0000005364418,13.5));
#6446=CARTESIAN_POINT('',(37.9000011324882,-29.7499998211862,13.5));
#6447=CARTESIAN_POINT('',(37.9000011324882,-18.6249999441207,13.5));
#6448=CARTESIAN_POINT('',(33.0000011324882,-29.7499998211862,13.5));
#6449=CARTESIAN_POINT('',(28.5000009909272,-29.7499998211862,13.5));
#6450=CARTESIAN_POINT('',(33.0000011324882,-31.0000005364418,13.5));
#6451=CARTESIAN_POINT('',(33.0000011324882,-18.6249999441207,13.5));
#6452=CARTESIAN_POINT('',(27.5000009909272,-31.0000005364418,13.5));
#6453=CARTESIAN_POINT('',(1.,-35.9000005364418,13.5));
#6454=CARTESIAN_POINT('',(9.76171954130963,-35.9000005364419,13.5));
#6455=CARTESIAN_POINT('',(12.8808599122159,-35.9000005364418,13.5));
#6456=CARTESIAN_POINT('',(9.76171954130963,-31.0000005364418,13.5));
#6457=CARTESIAN_POINT('',(9.76171954130963,-19.2500003017485,13.5));
#6458=CARTESIAN_POINT('',(5.,-31.0000005364418,13.5));
#6459=CARTESIAN_POINT('',(10.500000141561,-31.0000005364418,13.5));
#6460=CARTESIAN_POINT('',(5.,-29.7499998211862,13.5));
#6461=CARTESIAN_POINT('',(5.,-18.6249999441207,13.5));
#6462=CARTESIAN_POINT('',(0.1,-29.7499998211862,13.5));
#6463=CARTESIAN_POINT('',(9.50000014156105,-29.7499998211862,13.5));
#6464=CARTESIAN_POINT('',(0.1,-35.0000005364418,13.5));
#6465=CARTESIAN_POINT('',(0.100000000000004,-18.6249999441207,13.5));
#6466=CARTESIAN_POINT('Origin',(1.00000000000005,-35.0000005364418,13.5));
#6467=CARTESIAN_POINT('Origin',(8.26171954130963,-19.2500003017485,12.));
#6468=CARTESIAN_POINT('',(8.26171954130963,-36.6000005230308,12.));
#6469=CARTESIAN_POINT('',(8.86178275871915,-36.319971026938,12.6000632174095));
#6470=CARTESIAN_POINT('',(6.76171954130963,-35.9000005364418,10.5));
#6471=CARTESIAN_POINT('',(4.79915751913597,-34.9841382769742,8.53743797782634));
#6472=CARTESIAN_POINT('',(6.76171954130963,-34.0000005364418,10.5));
#6473=CARTESIAN_POINT('',(6.76171954130963,-32.7499998211862,10.5));
#6474=CARTESIAN_POINT('',(6.76171954130963,-34.0000005364418,10.5));
#6475=CARTESIAN_POINT('Origin',(10.500000141561,-32.5000005364418,12.));
#6476=CARTESIAN_POINT('',(2.,-34.0000005364418,10.5));
#6477=CARTESIAN_POINT('',(36.0000005662441,-34.0000005364418,10.5));
#6478=CARTESIAN_POINT('',(2.,-34.0000005364418,10.5));
#6479=CARTESIAN_POINT('Origin',(3.5,-18.6249999441207,12.));
#6480=CARTESIAN_POINT('',(2.,-32.7499998211862,10.5));
#6481=CARTESIAN_POINT('',(2.,-34.0000005364418,10.5));
#6482=CARTESIAN_POINT('',(2.,-32.7499998211862,10.5));
#6483=CARTESIAN_POINT('Origin',(9.50000014156105,-31.2499998211862,12.));
#6484=CARTESIAN_POINT('',(0.1,-32.7499998211862,10.5));
#6485=CARTESIAN_POINT('',(2.77555756156289E-16,-32.7499998211862,10.5));
#6486=CARTESIAN_POINT('',(-0.599999986588955,-31.2499998211862,12.));
#6487=CARTESIAN_POINT('',(0.0537074149675382,-32.6508014227875,10.5991983983986));
#6488=CARTESIAN_POINT('',(-0.0697394782363636,-30.1137272815183,13.1362725396678));
#6489=CARTESIAN_POINT('Origin',(0.999999999999965,-36.6000005230308,12.));
#6490=CARTESIAN_POINT('',(0.999999999999966,-36.6000005230308,12.));
#6491=CARTESIAN_POINT('',(1.,-35.9000005364418,10.5));
#6492=CARTESIAN_POINT('',(0.999999999999965,-36.6000005230308,12.));
#6493=CARTESIAN_POINT('',(5.07128965598222,-35.9000005364418,10.5));
#6494=CARTESIAN_POINT('',(0.999999999999966,-36.6000005230308,12.));
#6495=CARTESIAN_POINT('Origin',(1.,-35.9000005364419,13.5));
#6496=CARTESIAN_POINT('',(1.,-35.9000005364419,13.5));
#6497=CARTESIAN_POINT('Origin',(1.00000000000005,-35.0000005364418,11.25));
#6498=CARTESIAN_POINT('',(-0.599999986588955,-35.0000005364418,12.));
#6499=CARTESIAN_POINT('',(0.1,-35.0000005364418,10.5));
#6500=CARTESIAN_POINT('',(-0.599999986588955,-35.0000005364418,12.));
#6501=CARTESIAN_POINT('Origin',(1.00000000000005,-35.0000005364418,10.5));
#6502=CARTESIAN_POINT('Origin',(1.00000000000006,-35.0000005364418,12.));
#6503=CARTESIAN_POINT('Origin',(1.00000000000005,-35.0000005364418,12.75));
#6504=CARTESIAN_POINT('',(0.1,-35.0000005364418,13.5));
#6505=CARTESIAN_POINT('Origin',(-0.599999986588955,-32.7499998211862,12.));
#6506=CARTESIAN_POINT('',(0.1,-34.6875003576279,10.5));
#6507=CARTESIAN_POINT('',(-0.599999986588955,-32.7499998211862,12.));
#6508=CARTESIAN_POINT('Origin',(0.1,-32.7499998211862,13.5));
#6509=CARTESIAN_POINT('Origin',(3.38085977065482,-34.375000178814,10.5));
#6510=CARTESIAN_POINT('Origin',(-1.49999955296517,10.7500001676381,15.5));
#6511=CARTESIAN_POINT('',(-1.99999999999995,-35.0000005364418,15.));
#6512=CARTESIAN_POINT('',(-0.999999552965166,-35.0000005364418,16.));
#6513=CARTESIAN_POINT('',(-1.99999999999995,-35.0000005364418,15.));
#6514=CARTESIAN_POINT('',(-0.999999552965166,26.0000004023314,16.));
#6515=CARTESIAN_POINT('',(-0.999999552965166,10.7500001676381,16.));
#6516=CARTESIAN_POINT('',(-1.99999955296517,26.0000004023314,15.));
#6517=CARTESIAN_POINT('',(-0.999999552965166,26.0000004023314,16.));
#6518=CARTESIAN_POINT('',(-1.99999955296517,10.7500001676381,15.));
#6519=CARTESIAN_POINT('Origin',(1.00000000000005,-35.0000005364418,15.5));
#6520=CARTESIAN_POINT('',(1.00000000000005,-38.0000005364418,15.));
#6521=CARTESIAN_POINT('',(1.00000000000005,-37.0000005364418,16.));
#6522=CARTESIAN_POINT('',(1.00000000000005,-38.0000005364418,15.));
#6523=CARTESIAN_POINT('Origin',(1.00000000000005,-35.0000005364418,16.));
#6524=CARTESIAN_POINT('Origin',(1.00000000000005,-35.0000005364418,15.));
#6525=CARTESIAN_POINT('Origin',(10.0000001415611,-37.5000005364418,15.5));
#6526=CARTESIAN_POINT('',(37.0000005662441,-38.0000005364418,15.));
#6527=CARTESIAN_POINT('',(37.0000005662441,-37.0000005364418,16.));
#6528=CARTESIAN_POINT('',(37.0000005662441,-38.0000005364418,15.));
#6529=CARTESIAN_POINT('',(10.0000001415611,-37.0000005364418,16.));
#6530=CARTESIAN_POINT('',(10.0000001415611,-38.0000005364418,15.));
#6531=CARTESIAN_POINT('Origin',(37.0000005662441,-35.0000005364418,15.5));
#6532=CARTESIAN_POINT('',(40.0000005662441,-35.0000005364418,15.));
#6533=CARTESIAN_POINT('',(39.0000005662441,-35.0000005364418,16.));
#6534=CARTESIAN_POINT('',(40.0000005662441,-35.0000005364418,15.));
#6535=CARTESIAN_POINT('Origin',(37.0000005662441,-35.0000005364418,16.));
#6536=CARTESIAN_POINT('Origin',(37.0000005662441,-35.0000005364418,15.));
#6537=CARTESIAN_POINT('Origin',(39.5000005662441,-19.7500003017485,15.5));
#6538=CARTESIAN_POINT('',(40.0000005662441,26.0000004023314,15.));
#6539=CARTESIAN_POINT('',(39.0000005662441,26.0000004023313,16.));
#6540=CARTESIAN_POINT('',(40.0000005662441,26.0000004023314,15.));
#6541=CARTESIAN_POINT('',(39.0000005662441,-19.7500003017485,16.));
#6542=CARTESIAN_POINT('',(40.0000005662441,-19.7500003017485,15.));
#6543=CARTESIAN_POINT('Origin',(37.0000005662441,26.0000004023314,15.5));
#6544=CARTESIAN_POINT('',(37.0000005662441,28.999999538064,15.));
#6545=CARTESIAN_POINT('',(37.0000005662441,28.0000004023314,16.));
#6546=CARTESIAN_POINT('',(37.0000005662441,28.999999538064,15.));
#6547=CARTESIAN_POINT('Origin',(37.0000005662441,26.0000004023314,16.));
#6548=CARTESIAN_POINT('Origin',(37.0000005662441,26.0000004023314,15.));
#6549=CARTESIAN_POINT('Origin',(28.0000004246831,28.499999538064,15.5));
#6550=CARTESIAN_POINT('',(1.00000000000006,28.999999538064,15.));
#6551=CARTESIAN_POINT('',(1.00000000000006,27.999999538064,16.));
#6552=CARTESIAN_POINT('',(1.00000000000006,28.999999538064,15.));
#6553=CARTESIAN_POINT('',(28.0000004246831,27.999999538064,16.));
#6554=CARTESIAN_POINT('',(28.0000004246831,28.999999538064,15.));
#6555=CARTESIAN_POINT('Origin',(1.00000000000006,26.0000004023314,15.5));
#6556=CARTESIAN_POINT('Origin',(1.00000000000006,26.0000004023314,16.));
#6557=CARTESIAN_POINT('Origin',(1.00000000000006,26.0000004023314,15.));
#6558=CARTESIAN_POINT('Origin',(37.0000005662441,-35.0000005364418,13.5));
#6559=CARTESIAN_POINT('',(37.0000005662441,-38.0000005364418,13.5));
#6560=CARTESIAN_POINT('',(40.0000005662441,-35.0000005364418,13.5));
#6561=CARTESIAN_POINT('Origin',(1.00000000000005,-38.0000005364418,13.5));
#6562=CARTESIAN_POINT('',(1.00000000000005,-38.0000005364418,13.5));
#6563=CARTESIAN_POINT('Origin',(1.00000000000005,-35.0000005364418,13.5));
#6564=CARTESIAN_POINT('',(-1.99999999999995,-35.0000005364418,13.5));
#6565=CARTESIAN_POINT('Origin',(-1.99999955296517,26.0000004023314,13.5));
#6566=CARTESIAN_POINT('',(-1.99999955296517,26.0000004023314,13.5));
#6567=CARTESIAN_POINT('Origin',(19.0000002831221,-4.50000006705523,16.));
#6568=CARTESIAN_POINT('Origin',(1.00000000000006,26.0000004023314,13.5));
#6569=CARTESIAN_POINT('',(1.00000000000006,28.999999538064,13.5));
#6570=CARTESIAN_POINT('Origin',(37.0000005662441,28.999999538064,13.5));
#6571=CARTESIAN_POINT('',(37.0000005662441,28.999999538064,13.5));
#6572=CARTESIAN_POINT('Origin',(37.0000005662441,26.0000004023314,13.5));
#6573=CARTESIAN_POINT('',(40.0000005662441,26.0000004023314,13.5));
#6574=CARTESIAN_POINT('Origin',(40.0000005662441,-35.0000005364418,13.5));
#6575=CARTESIAN_POINT('Origin',(29.7382815911786,-19.2500003017485,12.));
#6576=CARTESIAN_POINT('',(31.2382815911786,-34.0000005364418,10.5));
#6577=CARTESIAN_POINT('',(31.2382815911786,-34.0000005364418,10.5));
#6578=CARTESIAN_POINT('',(31.2382815911786,-35.9000005364418,10.5));
#6579=CARTESIAN_POINT('',(31.2382815911786,-32.7499998211862,10.5));
#6580=CARTESIAN_POINT('',(29.7382815911786,-36.6000005230308,12.));
#6581=CARTESIAN_POINT('',(33.2008436133523,-34.9841382769742,8.53743797782634));
#6582=CARTESIAN_POINT('',(29.1382183737691,-36.319971026938,12.6000632174095));
#6583=CARTESIAN_POINT('Origin',(27.5000009909272,-32.5000005364418,12.));
#6584=CARTESIAN_POINT('',(36.0000011324882,-34.0000005364418,10.5));
#6585=CARTESIAN_POINT('',(2.0000005662441,-34.0000005364418,10.5));
#6586=CARTESIAN_POINT('',(36.0000011324882,-34.0000005364418,10.5));
#6587=CARTESIAN_POINT('Origin',(34.5000011324882,-18.6249999441207,12.));
#6588=CARTESIAN_POINT('',(36.0000011324882,-32.7499998211862,10.5));
#6589=CARTESIAN_POINT('',(36.0000011324882,-34.0000005364418,10.5));
#6590=CARTESIAN_POINT('',(36.0000011324882,-32.7499998211862,10.5));
#6591=CARTESIAN_POINT('Origin',(28.5000009909272,-31.2499998211862,12.));
#6592=CARTESIAN_POINT('',(37.9000011324882,-32.7499998211862,10.5));
#6593=CARTESIAN_POINT('',(38.0000011324882,-32.7499998211862,10.5));
#6594=CARTESIAN_POINT('',(38.6000011190772,-31.2499998211862,12.));
#6595=CARTESIAN_POINT('',(38.0697406107246,-30.1137272815183,13.1362725396678));
#6596=CARTESIAN_POINT('',(37.9462937175207,-32.6508014227875,10.5991983983986));
#6597=CARTESIAN_POINT('Origin',(37.0000011324883,-36.6000005230308,12.));
#6598=CARTESIAN_POINT('',(37.0000011324883,-36.6000005230308,12.));
#6599=CARTESIAN_POINT('',(37.0000011324882,-35.9000005364418,10.5));
#6600=CARTESIAN_POINT('',(37.0000011324883,-36.6000005230308,12.));
#6601=CARTESIAN_POINT('',(37.0000011324883,-36.6000005230308,12.));
#6602=CARTESIAN_POINT('',(32.928711476506,-35.9000005364418,10.5));
#6603=CARTESIAN_POINT('Origin',(37.0000011324882,-35.9000005364419,13.5));
#6604=CARTESIAN_POINT('',(37.0000011324882,-35.9000005364419,13.5));
#6605=CARTESIAN_POINT('Origin',(37.0000011324882,-35.0000005364418,11.25));
#6606=CARTESIAN_POINT('',(38.6000011190772,-35.0000005364418,12.));
#6607=CARTESIAN_POINT('',(37.9000011324882,-35.0000005364418,10.5));
#6608=CARTESIAN_POINT('',(38.6000011190772,-35.0000005364418,12.));
#6609=CARTESIAN_POINT('Origin',(37.0000011324882,-35.0000005364418,12.));
#6610=CARTESIAN_POINT('Origin',(37.0000011324882,-35.0000005364418,10.5));
#6611=CARTESIAN_POINT('Origin',(37.0000011324882,-35.0000005364418,12.75));
#6612=CARTESIAN_POINT('',(37.9000011324882,-35.0000005364418,13.5));
#6613=CARTESIAN_POINT('Origin',(38.6000011190772,-32.7499998211862,12.));
#6614=CARTESIAN_POINT('',(37.9000011324882,-34.6875003576279,10.5));
#6615=CARTESIAN_POINT('',(38.6000011190772,-32.7499998211862,12.));
#6616=CARTESIAN_POINT('Origin',(37.9000011324882,-32.7499998211862,13.5));
#6617=CARTESIAN_POINT('Origin',(34.6191413618334,-34.375000178814,10.5));
#6618=CARTESIAN_POINT('Origin',(8.26171954130962,10.2499992288649,12.));
#6619=CARTESIAN_POINT('',(6.76171954130962,24.9999994635582,10.5));
#6620=CARTESIAN_POINT('',(6.76171954130962,24.9999994635582,10.5));
#6621=CARTESIAN_POINT('',(6.76171954130962,26.8999994635582,10.5));
#6622=CARTESIAN_POINT('',(6.76171954130962,23.7499987483025,10.5));
#6623=CARTESIAN_POINT('',(8.26171954130962,27.5999994501472,12.));
#6624=CARTESIAN_POINT('',(4.79915751913596,25.9841372040905,8.53743797782634));
#6625=CARTESIAN_POINT('',(8.86178275871914,27.3199699540544,12.6000632174095));
#6626=CARTESIAN_POINT('Origin',(10.500000141561,23.4999994635582,12.));
#6627=CARTESIAN_POINT('',(1.99999999999999,24.9999994635582,10.5));
#6628=CARTESIAN_POINT('',(36.0000005662441,24.9999994635582,10.5));
#6629=CARTESIAN_POINT('',(1.99999999999999,24.9999994635582,10.5));
#6630=CARTESIAN_POINT('Origin',(3.49999999999999,9.62499887123706,12.));
#6631=CARTESIAN_POINT('',(1.99999999999999,23.7499987483025,10.5));
#6632=CARTESIAN_POINT('',(1.99999999999999,24.9999994635582,10.5));
#6633=CARTESIAN_POINT('',(1.99999999999999,23.7499987483025,10.5));
#6634=CARTESIAN_POINT('Origin',(9.50000014156103,22.2499987483025,12.));
#6635=CARTESIAN_POINT('',(0.0999999999999863,23.7499987483025,10.5));
#6636=CARTESIAN_POINT('',(-1.36619107661699E-14,23.7499987483025,10.5));
#6637=CARTESIAN_POINT('',(-0.599999986588968,22.2499987483025,12.));
#6638=CARTESIAN_POINT('',(-0.0697394782363763,21.1137262086347,13.1362725396678));
#6639=CARTESIAN_POINT('',(0.0537074149675243,23.6508003499039,10.5991983983986));
#6640=CARTESIAN_POINT('Origin',(0.99999999999995,27.5999994501472,12.));
#6641=CARTESIAN_POINT('',(0.999999999999951,27.5999994501472,12.));
#6642=CARTESIAN_POINT('',(0.999999999999985,26.8999994635582,10.5));
#6643=CARTESIAN_POINT('',(0.99999999999995,27.5999994501472,12.));
#6644=CARTESIAN_POINT('',(0.999999999999951,27.5999994501472,12.));
#6645=CARTESIAN_POINT('',(5.07128965598221,26.8999994635582,10.5));
#6646=CARTESIAN_POINT('Origin',(0.999999999999985,26.8999994635582,13.5));
#6647=CARTESIAN_POINT('',(0.999999999999985,26.8999994635582,13.5));
#6648=CARTESIAN_POINT('Origin',(1.00000000000003,25.9999994635582,11.25));
#6649=CARTESIAN_POINT('',(-0.59999998658897,25.9999994635582,12.));
#6650=CARTESIAN_POINT('',(0.0999999999999851,25.9999994635582,10.5));
#6651=CARTESIAN_POINT('',(-0.59999998658897,25.9999994635582,12.));
#6652=CARTESIAN_POINT('Origin',(1.00000000000004,25.9999994635582,12.));
#6653=CARTESIAN_POINT('Origin',(1.00000000000003,25.9999994635582,10.5));
#6654=CARTESIAN_POINT('Origin',(1.00000000000003,25.9999994635582,12.75));
#6655=CARTESIAN_POINT('',(0.099999999999985,25.9999994635582,13.5));
#6656=CARTESIAN_POINT('Origin',(-0.599999986588969,23.7499987483025,12.));
#6657=CARTESIAN_POINT('',(0.0999999999999852,25.6874992847443,10.5));
#6658=CARTESIAN_POINT('',(-0.599999986588969,23.7499987483025,12.));
#6659=CARTESIAN_POINT('Origin',(0.0999999999999862,23.7499987483025,13.5));
#6660=CARTESIAN_POINT('Origin',(3.3808597706548,25.3749991059304,10.5));
#6661=CARTESIAN_POINT('Origin',(29.7382815911786,10.2499992288649,12.));
#6662=CARTESIAN_POINT('',(29.7382815911786,27.5999994501472,12.));
#6663=CARTESIAN_POINT('',(29.138218373769,27.3199699540544,12.6000632174095));
#6664=CARTESIAN_POINT('',(31.2382815911786,26.8999994635582,10.5));
#6665=CARTESIAN_POINT('',(33.2008436133522,25.9841372040905,8.53743797782634));
#6666=CARTESIAN_POINT('',(31.2382815911786,24.9999994635582,10.5));
#6667=CARTESIAN_POINT('',(31.2382815911786,23.7499987483025,10.5));
#6668=CARTESIAN_POINT('',(31.2382815911786,24.9999994635582,10.5));
#6669=CARTESIAN_POINT('Origin',(27.5000009909272,23.4999994635582,12.));
#6670=CARTESIAN_POINT('',(36.0000011324882,24.9999994635582,10.5));
#6671=CARTESIAN_POINT('',(2.00000056624409,24.9999994635582,10.5));
#6672=CARTESIAN_POINT('',(36.0000011324882,24.9999994635582,10.5));
#6673=CARTESIAN_POINT('Origin',(34.5000011324882,9.62499887123709,12.));
#6674=CARTESIAN_POINT('',(36.0000011324882,23.7499987483025,10.5));
#6675=CARTESIAN_POINT('',(36.0000011324882,24.9999994635582,10.5));
#6676=CARTESIAN_POINT('',(36.0000011324882,23.7499987483025,10.5));
#6677=CARTESIAN_POINT('Origin',(28.5000009909272,22.2499987483025,12.));
#6678=CARTESIAN_POINT('',(37.9000011324882,23.7499987483025,10.5));
#6679=CARTESIAN_POINT('',(38.0000011324882,23.7499987483025,10.5));
#6680=CARTESIAN_POINT('',(38.6000011190772,22.2499987483025,12.));
#6681=CARTESIAN_POINT('',(37.9462937175207,23.6508003499039,10.5991983983986));
#6682=CARTESIAN_POINT('',(38.0697406107246,21.1137262086347,13.1362725396678));
#6683=CARTESIAN_POINT('Origin',(37.0000011324883,27.5999994501472,12.));
#6684=CARTESIAN_POINT('',(37.0000011324882,27.5999994501472,12.));
#6685=CARTESIAN_POINT('',(37.0000011324882,26.8999994635582,10.5));
#6686=CARTESIAN_POINT('',(37.0000011324883,27.5999994501472,12.));
#6687=CARTESIAN_POINT('',(32.928711476506,26.8999994635582,10.5));
#6688=CARTESIAN_POINT('',(37.0000011324882,27.5999994501472,12.));
#6689=CARTESIAN_POINT('Origin',(37.0000011324882,26.8999994635583,13.5));
#6690=CARTESIAN_POINT('',(37.0000011324882,26.8999994635583,13.5));
#6691=CARTESIAN_POINT('Origin',(37.0000011324882,25.9999994635582,11.25));
#6692=CARTESIAN_POINT('',(38.6000011190772,25.9999994635582,12.));
#6693=CARTESIAN_POINT('',(37.9000011324882,25.9999994635582,10.5));
#6694=CARTESIAN_POINT('',(38.6000011190772,25.9999994635582,12.));
#6695=CARTESIAN_POINT('Origin',(37.0000011324882,25.9999994635582,10.5));
#6696=CARTESIAN_POINT('Origin',(37.0000011324882,25.9999994635582,12.));
#6697=CARTESIAN_POINT('Origin',(37.0000011324882,25.9999994635582,12.75));
#6698=CARTESIAN_POINT('',(37.9000011324882,25.9999994635582,13.5));
#6699=CARTESIAN_POINT('Origin',(38.6000011190772,23.7499987483025,12.));
#6700=CARTESIAN_POINT('',(37.9000011324882,25.6874992847443,10.5));
#6701=CARTESIAN_POINT('',(38.6000011190772,23.7499987483025,12.));
#6702=CARTESIAN_POINT('Origin',(37.9000011324882,23.7499987483025,13.5));
#6703=CARTESIAN_POINT('Origin',(34.6191413618334,25.3749991059304,10.5));
#6704=UNCERTAINTY_MEASURE_WITH_UNIT(LENGTH_MEASURE(0.01),#6708,
'DISTANCE_ACCURACY_VALUE',
'Maximum model space distance between geometric entities at asserted c
onnectivities');
#6705=UNCERTAINTY_MEASURE_WITH_UNIT(LENGTH_MEASURE(0.01),#6708,
'DISTANCE_ACCURACY_VALUE',
'Maximum model space distance between geometric entities at asserted c
onnectivities');
#6706=(
GEOMETRIC_REPRESENTATION_CONTEXT(3)
GLOBAL_UNCERTAINTY_ASSIGNED_CONTEXT((#6704))
GLOBAL_UNIT_ASSIGNED_CONTEXT((#6708,#6709,#6710))
REPRESENTATION_CONTEXT('','3D')
);
#6707=(
GEOMETRIC_REPRESENTATION_CONTEXT(3)
GLOBAL_UNCERTAINTY_ASSIGNED_CONTEXT((#6705))
GLOBAL_UNIT_ASSIGNED_CONTEXT((#6708,#6709,#6710))
REPRESENTATION_CONTEXT('','3D')
);
#6708=(
LENGTH_UNIT()
NAMED_UNIT(*)
SI_UNIT(.MILLI.,.METRE.)
);
#6709=(
NAMED_UNIT(*)
PLANE_ANGLE_UNIT()
SI_UNIT($,.RADIAN.)
);
#6710=(
NAMED_UNIT(*)
SI_UNIT($,.STERADIAN.)
SOLID_ANGLE_UNIT()
);
#6711=SHAPE_DEFINITION_REPRESENTATION(#6712,#6713);
#6712=PRODUCT_DEFINITION_SHAPE('',$,#6715);
#6713=SHAPE_REPRESENTATION('',(#4096),#6706);
#6714=PRODUCT_DEFINITION_CONTEXT('part definition',#6719,'design');
#6715=PRODUCT_DEFINITION('Light Arduino','Light Arduino v7',#6716,#6714);
#6716=PRODUCT_DEFINITION_FORMATION('',$,#6721);
#6717=PRODUCT_RELATED_PRODUCT_CATEGORY('Light Arduino v7',
'Light Arduino v7',(#6721));
#6718=APPLICATION_PROTOCOL_DEFINITION('international standard',
'automotive_design',2009,#6719);
#6719=APPLICATION_CONTEXT(
'Core Data for Automotive Mechanical Design Process');
#6720=PRODUCT_CONTEXT('part definition',#6719,'mechanical');
#6721=PRODUCT('Light Arduino','Light Arduino v7',$,(#6720));
#6722=PRESENTATION_STYLE_ASSIGNMENT((#6723));
#6723=SURFACE_STYLE_USAGE(.BOTH.,#6724);
#6724=SURFACE_SIDE_STYLE('',(#6725));
#6725=SURFACE_STYLE_FILL_AREA(#6726);
#6726=FILL_AREA_STYLE('Steel - Satin',(#6727));
#6727=FILL_AREA_STYLE_COLOUR('Steel - Satin',#6728);
#6728=COLOUR_RGB('Steel - Satin',0.627450980392157,0.627450980392157,0.627450980392157);
ENDSEC;
END-ISO-10303-21;
